{"chart": {"null": null, "100025": 48, "100026": 120, "100027": 35}, "images": ["https://sirekap-obj-formc.kpu.go.id/4030/pemilu/ppwp/31/73/01/10/05/3173011005071-20240215-222157--6a04e1e1-a499-4391-ae94-7bab5044b209.jpg", "https://sirekap-obj-formc.kpu.go.id/4030/pemilu/ppwp/31/73/01/10/05/3173011005071-20240215-222201--30532ee8-39e8-42bf-a42c-1f0437a4dea1.jpg", "https://sirekap-obj-formc.kpu.go.id/4030/pemilu/ppwp/31/73/01/10/05/3173011005071-20240215-222158--091e32db-0178-414a-b653-830585ab13dc.jpg"], "administrasi": {"suara_sah": 203, "suara_total": 207, "pemilih_dpt_j": 276, "pemilih_dpt_l": 136, "pemilih_dpt_p": 140, "pengguna_dpt_j": 206, "pengguna_dpt_l": 92, "pengguna_dpt_p": 114, "pengguna_dptb_j": 0, "pengguna_dptb_l": 0, "pengguna_dptb_p": 0, "suara_tidak_sah": 4, "pengguna_total_j": 207, "pengguna_total_l": 92, "pengguna_total_p": 115, "pengguna_non_dpt_j": 1, "pengguna_non_dpt_l": 0, "pengguna_non_dpt_p": 1}, "psu": null, "ts": "2024-02-16 02:30:27", "status_suara": true, "status_adm": true}