{"chart": {"null": null, "100025": 142, "100026": 70, "100027": 24}, "images": ["https://sirekap-obj-formc.kpu.go.id/d6b1/pemilu/ppwp/31/73/01/10/02/3173011002184-20240214-193438--ca1a98c3-ab27-4597-a59d-b9afef0504db.jpg", "https://sirekap-obj-formc.kpu.go.id/d6b1/pemilu/ppwp/31/73/01/10/02/3173011002184-20240214-193547--86887ecf-f7ce-491b-8939-43cdf4ebff14.jpg", "https://sirekap-obj-formc.kpu.go.id/d6b1/pemilu/ppwp/31/73/01/10/02/3173011002184-20240214-193701--8500851a-9f5c-4dac-8410-e63320f2d372.jpg"], "administrasi": {"suara_sah": 236, "suara_total": 236, "pemilih_dpt_j": 269, "pemilih_dpt_l": 139, "pemilih_dpt_p": 130, "pengguna_dpt_j": 218, "pengguna_dpt_l": 110, "pengguna_dpt_p": 108, "pengguna_dptb_j": 10, "pengguna_dptb_l": 4, "pengguna_dptb_p": 6, "suara_tidak_sah": 0, "pengguna_total_j": 236, "pengguna_total_l": 717, "pengguna_total_p": 119, "pengguna_non_dpt_j": 8, "pengguna_non_dpt_l": 3, "pengguna_non_dpt_p": 5}, "psu": null, "ts": "2024-02-15 00:41:44", "status_suara": true, "status_adm": true}