{"mode": "hhcw", "chart": {"null": null, "100025": 73, "100026": 96, "100027": 38}, "images": ["https://sirekap-obj-formc.kpu.go.id/5730/pemilu/ppwp/31/73/01/10/02/3173011002128-20240214-200412--2a518d76-d6ac-4dc1-b87c-d341027fc098.jpg", "https://sirekap-obj-formc.kpu.go.id/5730/pemilu/ppwp/31/73/01/10/02/3173011002128-20240216-082631--231a586b-d162-4cad-b1f1-0c4a9fed528a.jpg", "https://sirekap-obj-formc.kpu.go.id/5730/pemilu/ppwp/31/73/01/10/02/3173011002128-20240216-082630--79dc4b0e-d232-4c91-a2d0-6fee39c2f262.jpg"], "administrasi": {"suara_sah": 207, "suara_total": 207, "pemilih_dpt_j": 203, "pemilih_dpt_l": 101, "pemilih_dpt_p": 102, "pengguna_dpt_j": 203, "pengguna_dpt_l": 101, "pengguna_dpt_p": 102, "pengguna_dptb_j": 2, "pengguna_dptb_l": 1, "pengguna_dptb_p": 1, "suara_tidak_sah": 0, "pengguna_total_j": 207, "pengguna_total_l": 103, "pengguna_total_p": 104, "pengguna_non_dpt_j": 2, "pengguna_non_dpt_l": 1, "pengguna_non_dpt_p": 1}, "psu": null, "ts": "2024-02-16 16:25:10", "status_suara": true, "status_adm": true}