{"chart": null, "images": ["https://sirekap-obj-formc.kpu.go.id/ef91/pemilu/ppwp/31/73/01/10/05/3173011005003-20240216-140224--6cd22831-f241-4174-8aa7-525cc5fceba9.jpg", null, "https://sirekap-obj-formc.kpu.go.id/ef91/pemilu/ppwp/31/73/01/10/05/3173011005003-20240216-140225--5574faa4-ce54-4a15-93ac-9a127e1abe0c.jpg"], "administrasi": {"suara_sah": 224, "suara_total": 231, "pemilih_dpt_j": 288, "pemilih_dpt_l": 148, "pemilih_dpt_p": 140, "pengguna_dpt_j": 221, "pengguna_dpt_l": 107, "pengguna_dpt_p": 114, "pengguna_dptb_j": 8, "pengguna_dptb_l": 4, "pengguna_dptb_p": 4, "suara_tidak_sah": 7, "pengguna_total_j": 229, "pengguna_total_l": 111, "pengguna_total_p": 118, "pengguna_non_dpt_j": 0, "pengguna_non_dpt_l": 0, "pengguna_non_dpt_p": 0}, "psu": null, "ts": "2024-02-16 14:30:33", "status_suara": false, "status_adm": true}