{"mode": "hhcw", "chart": {"null": null, "100025": 137, "100026": 92, "100027": 20}, "images": ["https://sirekap-obj-formc.kpu.go.id/a3b4/pemilu/ppwp/31/73/01/10/02/3173011002186-20240216-065228--e6dac839-a425-4410-bce9-b06adb3e1c6b.jpg", "https://sirekap-obj-formc.kpu.go.id/a3b4/pemilu/ppwp/31/73/01/10/02/3173011002186-20240216-063545--c34eaf64-b342-4eb1-b2ab-7361f55263b5.jpg", "https://sirekap-obj-formc.kpu.go.id/a3b4/pemilu/ppwp/31/73/01/10/02/3173011002186-20240216-063537--9d1342a7-55be-4fbf-a829-345f4251293e.jpg"], "administrasi": {"suara_sah": 249, "suara_total": 251, "pemilih_dpt_j": 294, "pemilih_dpt_l": 141, "pemilih_dpt_p": 153, "pengguna_dpt_j": 246, "pengguna_dpt_l": 115, "pengguna_dpt_p": 131, "pengguna_dptb_j": 0, "pengguna_dptb_l": 0, "pengguna_dptb_p": 0, "suara_tidak_sah": 2, "pengguna_total_j": 251, "pengguna_total_l": 119, "pengguna_total_p": 132, "pengguna_non_dpt_j": 5, "pengguna_non_dpt_l": 4, "pengguna_non_dpt_p": 1}, "psu": null, "ts": "2024-02-16 16:25:10", "status_suara": true, "status_adm": true}