{"chart": {"null": null, "100025": 90, "100026": 77, "100027": 28}, "images": ["https://sirekap-obj-formc.kpu.go.id/7d86/pemilu/ppwp/31/73/01/10/02/3173011002075-20240214-201708--eda2692a-a9d2-4afa-bf94-99d36bbdca76.jpg", "https://sirekap-obj-formc.kpu.go.id/7d86/pemilu/ppwp/31/73/01/10/02/3173011002075-20240214-201434--2b6464aa-9849-427f-a87e-3f43d5c0ec8f.jpg", "https://sirekap-obj-formc.kpu.go.id/7d86/pemilu/ppwp/31/73/01/10/02/3173011002075-20240214-201556--4f0b1275-e12f-42cc-897d-9b8008191438.jpg"], "administrasi": {"suara_sah": 195, "suara_total": 198, "pemilih_dpt_j": 272, "pemilih_dpt_l": 142, "pemilih_dpt_p": 130, "pengguna_dpt_j": 195, "pengguna_dpt_l": 102, "pengguna_dpt_p": 93, "pengguna_dptb_j": 2, "pengguna_dptb_l": 1, "pengguna_dptb_p": 1, "suara_tidak_sah": 3, "pengguna_total_j": 198, "pengguna_total_l": 104, "pengguna_total_p": 94, "pengguna_non_dpt_j": 1, "pengguna_non_dpt_l": 1, "pengguna_non_dpt_p": 0}, "psu": null, "ts": "2024-02-15 00:41:44", "status_suara": true, "status_adm": true}