{"chart": {"null": null, "100025": 56, "100026": 110, "100027": 41}, "images": ["https://sirekap-obj-formc.kpu.go.id/1915/pemilu/ppwp/31/73/01/10/05/3173011005090-20240215-001105--eaa1b4ef-9f1a-47f6-a026-05a2ff720b8c.jpg", "https://sirekap-obj-formc.kpu.go.id/1915/pemilu/ppwp/31/73/01/10/05/3173011005090-20240215-001254--247299a4-4de7-47b4-bd46-650b6c5baee0.jpg", "https://sirekap-obj-formc.kpu.go.id/1915/pemilu/ppwp/31/73/01/10/05/3173011005090-20240215-001345--b356d591-f0c0-4325-ab38-3575f4b9d2bd.jpg"], "administrasi": {"suara_sah": 207, "suara_total": 213, "pemilih_dpt_j": 260, "pemilih_dpt_l": 136, "pemilih_dpt_p": 124, "pengguna_dpt_j": 208, "pengguna_dpt_l": 110, "pengguna_dpt_p": 98, "pengguna_dptb_j": 3, "pengguna_dptb_l": 2, "pengguna_dptb_p": 1, "suara_tidak_sah": 6, "pengguna_total_j": 213, "pengguna_total_l": 113, "pengguna_total_p": 100, "pengguna_non_dpt_j": 2, "pengguna_non_dpt_l": 1, "pengguna_non_dpt_p": 1}, "psu": null, "ts": "2024-02-15 17:00:25", "status_suara": true, "status_adm": true}