{"mode": "hhcw", "chart": {"null": null, "100025": 140, "100026": 62, "100027": 17}, "images": ["https://sirekap-obj-formc.kpu.go.id/402b/pemilu/ppwp/31/73/01/10/02/3173011002043-20240216-144838--37320512-8333-49ad-ae5c-b22764522d62.jpg", "https://sirekap-obj-formc.kpu.go.id/402b/pemilu/ppwp/31/73/01/10/02/3173011002043-20240216-144839--ddf244c3-2a88-4a8f-8e32-8c15f2406287.jpg", "https://sirekap-obj-formc.kpu.go.id/402b/pemilu/ppwp/31/73/01/10/02/3173011002043-20240216-144838--18d39a2a-71cf-4afc-9f2a-1122e140da6e.jpg"], "administrasi": {"suara_sah": 219, "suara_total": 221, "pemilih_dpt_j": 275, "pemilih_dpt_l": 142, "pemilih_dpt_p": 133, "pengguna_dpt_j": 219, "pengguna_dpt_l": 118, "pengguna_dpt_p": 101, "pengguna_dptb_j": 0, "pengguna_dptb_l": 0, "pengguna_dptb_p": 0, "suara_tidak_sah": 2, "pengguna_total_j": 221, "pengguna_total_l": 119, "pengguna_total_p": 102, "pengguna_non_dpt_j": 0, "pengguna_non_dpt_l": 1, "pengguna_non_dpt_p": 1}, "psu": null, "ts": "2024-02-16 16:25:10", "status_suara": true, "status_adm": true}