{"chart": {"null": null, "100025": 62, "100026": 139, "100027": 40}, "images": ["https://sirekap-obj-formc.kpu.go.id/7445/pemilu/ppwp/31/73/01/10/05/3173011005028-20240214-191439--3674cc1e-b3de-4f2d-ab92-f829e512c00e.jpg", "https://sirekap-obj-formc.kpu.go.id/7445/pemilu/ppwp/31/73/01/10/05/3173011005028-20240214-194944--efc8af19-2755-4a9c-a440-687857a3e754.jpg", "https://sirekap-obj-formc.kpu.go.id/7445/pemilu/ppwp/31/73/01/10/05/3173011005028-20240214-192508--b86eec95-fa99-4a87-9639-cf416f3810bb.jpg"], "administrasi": {"suara_sah": 241, "suara_total": 243, "pemilih_dpt_j": 287, "pemilih_dpt_l": 144, "pemilih_dpt_p": 143, "pengguna_dpt_j": 242, "pengguna_dpt_l": 119, "pengguna_dpt_p": 123, "pengguna_dptb_j": 1, "pengguna_dptb_l": 1, "pengguna_dptb_p": 0, "suara_tidak_sah": 2, "pengguna_total_j": 243, "pengguna_total_l": 120, "pengguna_total_p": 123, "pengguna_non_dpt_j": 0, "pengguna_non_dpt_l": 0, "pengguna_non_dpt_p": 0}, "psu": null, "ts": "2024-02-14 21:46:01", "status_suara": true, "status_adm": true}