{"mode": "hhcw", "chart": {"null": null, "100025": 119, "100026": 70, "100027": 27}, "images": ["https://sirekap-obj-formc.kpu.go.id/8ddb/pemilu/ppwp/31/73/01/10/02/3173011002080-20240216-143640--6f80019a-3011-4d22-b031-5c8ff482e793.jpg", "https://sirekap-obj-formc.kpu.go.id/8ddb/pemilu/ppwp/31/73/01/10/02/3173011002080-20240216-143642--43f5642a-fb60-4cd2-8ae9-b879bd574f7d.jpg", "https://sirekap-obj-formc.kpu.go.id/8ddb/pemilu/ppwp/31/73/01/10/02/3173011002080-20240216-143641--9869a18e-303c-43eb-9d65-3348da9e6c58.jpg"], "administrasi": {"suara_sah": 216, "suara_total": 219, "pemilih_dpt_j": 269, "pemilih_dpt_l": 132, "pemilih_dpt_p": 137, "pengguna_dpt_j": 212, "pengguna_dpt_l": 105, "pengguna_dpt_p": 107, "pengguna_dptb_j": 0, "pengguna_dptb_l": 0, "pengguna_dptb_p": 0, "suara_tidak_sah": 3, "pengguna_total_j": 213, "pengguna_total_l": 105, "pengguna_total_p": 108, "pengguna_non_dpt_j": 1, "pengguna_non_dpt_l": 0, "pengguna_non_dpt_p": 1}, "psu": null, "ts": "2024-02-16 16:25:10", "status_suara": true, "status_adm": true}