{"chart": null, "images": ["https://sirekap-obj-formc.kpu.go.id/d940/pemilu/ppwp/31/73/01/10/05/3173011005013-20240215-000349--9ca1b416-5d4f-4bb7-885d-9ccbe491e9d3.jpg", "https://sirekap-obj-formc.kpu.go.id/d940/pemilu/ppwp/31/73/01/10/05/3173011005013-20240215-000552--5706f0c0-266e-401f-ab84-b7deae4c4678.jpg", "https://sirekap-obj-formc.kpu.go.id/d940/pemilu/ppwp/31/73/01/10/05/3173011005013-20240215-000646--ec7dd3dd-b35b-4420-b0b8-c6dd86839fdb.jpg"], "administrasi": null, "psu": null, "ts": "2024-02-15 12:00:28", "status_suara": false, "status_adm": false}