{"chart": {"null": null, "100025": 65, "100026": 116, "100027": 31}, "images": ["https://sirekap-obj-formc.kpu.go.id/1dd1/pemilu/ppwp/31/73/01/10/05/3173011005114-20240214-184451--16187cbc-dcb2-4455-a334-bfd185ed82ab.jpg", "https://sirekap-obj-formc.kpu.go.id/1dd1/pemilu/ppwp/31/73/01/10/05/3173011005114-20240214-185524--128442f3-174a-4283-bee8-0a199b80f18c.jpg", "https://sirekap-obj-formc.kpu.go.id/1dd1/pemilu/ppwp/31/73/01/10/05/3173011005114-20240214-185147--f3ee162c-bf59-4ef1-8162-e4161ba46eb7.jpg"], "administrasi": {"suara_sah": 212, "suara_total": 314, "pemilih_dpt_j": 272, "pemilih_dpt_l": 142, "pemilih_dpt_p": 130, "pengguna_dpt_j": 211, "pengguna_dpt_l": 157, "pengguna_dpt_p": 104, "pengguna_dptb_j": 0, "pengguna_dptb_l": 0, "pengguna_dptb_p": 0, "suara_tidak_sah": 2, "pengguna_total_j": 214, "pengguna_total_l": 109, "pengguna_total_p": 105, "pengguna_non_dpt_j": 3, "pengguna_non_dpt_l": 2, "pengguna_non_dpt_p": 1}, "psu": null, "ts": "2024-02-15 00:41:44", "status_suara": true, "status_adm": true}