{"chart": null, "images": ["https://sirekap-obj-formc.kpu.go.id/3760/pemilu/ppwp/31/73/01/10/06/3173011006255-20240215-221703--7cbc71e3-8884-46dd-aa75-f9cdcdc5bf38.jpg", null, "https://sirekap-obj-formc.kpu.go.id/3760/pemilu/ppwp/31/73/01/10/06/3173011006255-20240215-221704--cb5aadac-bb83-4f71-8002-ad84519db291.jpg"], "administrasi": {"suara_sah": 190, "suara_total": 198, "pemilih_dpt_j": 264, "pemilih_dpt_l": 136, "pemilih_dpt_p": 128, "pengguna_dpt_j": 192, "pengguna_dpt_l": 94, "pengguna_dpt_p": 98, "pengguna_dptb_j": 4, "pengguna_dptb_l": 2, "pengguna_dptb_p": 2, "suara_tidak_sah": 8, "pengguna_total_j": 198, "pengguna_total_l": 97, "pengguna_total_p": 101, "pengguna_non_dpt_j": 2, "pengguna_non_dpt_l": 1, "pengguna_non_dpt_p": 1}, "psu": null, "ts": "2024-02-15 22:30:27", "status_suara": false, "status_adm": true}