{"chart": null, "images": ["https://sirekap-obj-formc.kpu.go.id/92f3/pemilu/ppwp/31/73/01/10/02/3173011002246-20240216-120838--ed847070-67af-4994-93df-40c7533a1a4b.jpg", null, "https://sirekap-obj-formc.kpu.go.id/92f3/pemilu/ppwp/31/73/01/10/02/3173011002246-20240216-120840--8f560e5e-bb90-4937-8da9-e08f69e2ac1f.jpg"], "administrasi": {"suara_sah": 203, "suara_total": 217, "pemilih_dpt_j": 275, "pemilih_dpt_l": 144, "pemilih_dpt_p": 131, "pengguna_dpt_j": 215, "pengguna_dpt_l": 110, "pengguna_dpt_p": 105, "pengguna_dptb_j": 2, "pengguna_dptb_l": 1, "pengguna_dptb_p": 1, "suara_tidak_sah": 14, "pengguna_total_j": 217, "pengguna_total_l": 111, "pengguna_total_p": 106, "pengguna_non_dpt_j": 0, "pengguna_non_dpt_l": 0, "pengguna_non_dpt_p": 0}, "psu": null, "ts": "2024-02-16 12:51:22", "status_suara": false, "status_adm": true}