{"chart": {"null": null, "100025": 109, "100026": 79, "100027": 33}, "images": ["https://sirekap-obj-formc.kpu.go.id/78a2/pemilu/ppwp/31/73/01/10/02/3173011002063-20240214-205927--38e26799-9329-4a6e-aace-81ff9c3e96f1.jpg", "https://sirekap-obj-formc.kpu.go.id/78a2/pemilu/ppwp/31/73/01/10/02/3173011002063-20240214-184927--551c813e-3cb8-43c2-9983-f90f1ab8575b.jpg", "https://sirekap-obj-formc.kpu.go.id/78a2/pemilu/ppwp/31/73/01/10/02/3173011002063-20240214-192247--0d1e8cf4-ba41-4a29-bec4-d57540ea2594.jpg"], "administrasi": {"suara_sah": 222, "suara_total": 222, "pemilih_dpt_j": 270, "pemilih_dpt_l": 133, "pemilih_dpt_p": 137, "pengguna_dpt_j": 270, "pengguna_dpt_l": 133, "pengguna_dpt_p": 137, "pengguna_dptb_j": 4, "pengguna_dptb_l": 2, "pengguna_dptb_p": 2, "suara_tidak_sah": 2, "pengguna_total_j": 276, "pengguna_total_l": 135, "pengguna_total_p": 141, "pengguna_non_dpt_j": 2, "pengguna_non_dpt_l": 0, "pengguna_non_dpt_p": 2}, "psu": null, "ts": "2024-02-15 00:41:44", "status_suara": true, "status_adm": true}