{"chart": null, "images": ["https://sirekap-obj-formc.kpu.go.id/6794/pemilu/ppwp/31/73/01/10/06/3173011006222-20240216-121820--6bf351af-7d13-432e-b957-55d052c0b153.jpg", null, "https://sirekap-obj-formc.kpu.go.id/6794/pemilu/ppwp/31/73/01/10/06/3173011006222-20240214-235605--633b5622-feb9-4f5f-8a8e-7132d63a54e5.jpg"], "administrasi": {"suara_sah": 146, "suara_total": 147, "pemilih_dpt_j": 253, "pemilih_dpt_l": 129, "pemilih_dpt_p": 124, "pengguna_dpt_j": 141, "pengguna_dpt_l": 69, "pengguna_dpt_p": 72, "pengguna_dptb_j": 6, "pengguna_dptb_l": 5, "pengguna_dptb_p": 1, "suara_tidak_sah": 1, "pengguna_total_j": 147, "pengguna_total_l": 74, "pengguna_total_p": 73, "pengguna_non_dpt_j": 0, "pengguna_non_dpt_l": 0, "pengguna_non_dpt_p": 0}, "psu": null, "ts": "2024-02-16 12:51:22", "status_suara": false, "status_adm": true}