{"chart": {"null": null, "100025": 67, "100026": 123, "100027": 16}, "images": ["https://sirekap-obj-formc.kpu.go.id/288f/pemilu/ppwp/31/73/01/10/02/3173011002137-20240215-213742--b8890fcd-acce-45cf-95b8-d40714240bd6.jpg", "https://sirekap-obj-formc.kpu.go.id/288f/pemilu/ppwp/31/73/01/10/02/3173011002137-20240215-213744--7088ae48-7090-492b-b71b-f4b9b28859fb.jpg", "https://sirekap-obj-formc.kpu.go.id/288f/pemilu/ppwp/31/73/01/10/02/3173011002137-20240215-213743--81657e36-b9b3-4baa-8c64-65b8c8a8ed36.jpg"], "administrasi": {"suara_sah": 206, "suara_total": 206, "pemilih_dpt_j": 270, "pemilih_dpt_l": 135, "pemilih_dpt_p": 135, "pengguna_dpt_j": 206, "pengguna_dpt_l": 95, "pengguna_dpt_p": 111, "pengguna_dptb_j": 0, "pengguna_dptb_l": 0, "pengguna_dptb_p": 0, "suara_tidak_sah": 0, "pengguna_total_j": 206, "pengguna_total_l": 95, "pengguna_total_p": 111, "pengguna_non_dpt_j": 0, "pengguna_non_dpt_l": 0, "pengguna_non_dpt_p": 0}, "psu": null, "ts": "2024-02-15 23:29:50", "status_suara": true, "status_adm": true}