{"chart": {"null": null, "100025": 109, "100026": 91, "100027": 30}, "images": ["https://sirekap-obj-formc.kpu.go.id/182b/pemilu/ppwp/31/73/01/10/02/3173011002188-20240214-204550--a7452e52-2a61-4f3d-8d39-28bb4b297bc7.jpg", "https://sirekap-obj-formc.kpu.go.id/182b/pemilu/ppwp/31/73/01/10/02/3173011002188-20240214-200119--eb018148-a89f-439d-8d8d-865ee410211c.jpg", "https://sirekap-obj-formc.kpu.go.id/182b/pemilu/ppwp/31/73/01/10/02/3173011002188-20240214-200235--4a5dc47a-a9c0-4dbf-afe2-6a932bafa875.jpg"], "administrasi": {"suara_sah": 230, "suara_total": 232, "pemilih_dpt_j": 277, "pemilih_dpt_l": 140, "pemilih_dpt_p": 137, "pengguna_dpt_j": 232, "pengguna_dpt_l": 111, "pengguna_dpt_p": 121, "pengguna_dptb_j": 0, "pengguna_dptb_l": 0, "pengguna_dptb_p": 0, "suara_tidak_sah": 2, "pengguna_total_j": 232, "pengguna_total_l": 111, "pengguna_total_p": 121, "pengguna_non_dpt_j": 0, "pengguna_non_dpt_l": 0, "pengguna_non_dpt_p": 0}, "psu": null, "ts": "2024-02-15 00:41:44", "status_suara": true, "status_adm": true}