{"chart": {"null": null, "100025": 7, "100026": 95, "100027": 123}, "images": ["https://sirekap-obj-formc.kpu.go.id/070e/pemilu/ppwp/31/73/01/10/02/3173011002270-20240215-221341--51aa0b9b-5025-43e0-be64-5a72116cd295.jpg", "https://sirekap-obj-formc.kpu.go.id/070e/pemilu/ppwp/31/73/01/10/02/3173011002270-20240215-221342--04900628-319b-4556-82cc-25fe59b45ba4.jpg", "https://sirekap-obj-formc.kpu.go.id/070e/pemilu/ppwp/31/73/01/10/02/3173011002270-20240214-194337--f9a07618-9a07-4fbd-b3cd-319b7a7b38c2.jpg"], "administrasi": {"suara_sah": 225, "suara_total": 227, "pemilih_dpt_j": 274, "pemilih_dpt_l": 135, "pemilih_dpt_p": 139, "pengguna_dpt_j": 211, "pengguna_dpt_l": 103, "pengguna_dpt_p": 108, "pengguna_dptb_j": 14, "pengguna_dptb_l": 4, "pengguna_dptb_p": 10, "suara_tidak_sah": 2, "pengguna_total_j": 227, "pengguna_total_l": 108, "pengguna_total_p": 119, "pengguna_non_dpt_j": 2, "pengguna_non_dpt_l": 1, "pengguna_non_dpt_p": 1}, "psu": null, "ts": "2024-02-15 23:29:50", "status_suara": true, "status_adm": true}