{"mode": "hhcw", "chart": {"null": null, "100025": 136, "100026": 78, "100027": 11}, "images": ["https://sirekap-obj-formc.kpu.go.id/56f8/pemilu/ppwp/31/73/01/10/02/3173011002008-20240216-144146--051e7dcf-3b47-41a7-a185-15b062544f98.jpg", "https://sirekap-obj-formc.kpu.go.id/56f8/pemilu/ppwp/31/73/01/10/02/3173011002008-20240216-144147--1fff311c-8617-4948-8a03-0324b124be20.jpg", "https://sirekap-obj-formc.kpu.go.id/56f8/pemilu/ppwp/31/73/01/10/02/3173011002008-20240216-144146--85fb5179-fc83-4b7e-911c-a10cf27c63be.jpg"], "administrasi": {"suara_sah": 225, "suara_total": 226, "pemilih_dpt_j": 270, "pemilih_dpt_l": 137, "pemilih_dpt_p": 133, "pengguna_dpt_j": 220, "pengguna_dpt_l": 114, "pengguna_dpt_p": 106, "pengguna_dptb_j": 5, "pengguna_dptb_l": 1, "pengguna_dptb_p": 4, "suara_tidak_sah": 1, "pengguna_total_j": 226, "pengguna_total_l": 116, "pengguna_total_p": 110, "pengguna_non_dpt_j": 1, "pengguna_non_dpt_l": 1, "pengguna_non_dpt_p": 0}, "psu": null, "ts": "2024-02-16 16:25:10", "status_suara": true, "status_adm": true}