{"chart": null, "images": ["https://sirekap-obj-formc.kpu.go.id/01c3/pemilu/ppwp/31/73/01/10/05/3173011005126-20240214-175312--e1a91174-d701-435a-a7af-37caf22beb94.jpg", "https://sirekap-obj-formc.kpu.go.id/01c3/pemilu/ppwp/31/73/01/10/05/3173011005126-20240214-175449--fc552a9e-9278-436f-b212-64a26fe5cf4a.jpg", "https://sirekap-obj-formc.kpu.go.id/01c3/pemilu/ppwp/31/73/01/10/05/3173011005126-20240214-184733--1feddd70-a587-4621-9422-3d1fca443b66.jpg"], "administrasi": null, "psu": null, "ts": "2024-02-14 21:46:01", "status_suara": false, "status_adm": false}