{"chart": {"null": null, "100025": 16, "100026": 89, "100027": 117}, "images": ["https://sirekap-obj-formc.kpu.go.id/742c/pemilu/ppwp/31/73/01/10/02/3173011002208-20240215-221013--d7c3a96f-7e8b-42ba-a7af-0cd8fe362e74.jpg", "https://sirekap-obj-formc.kpu.go.id/742c/pemilu/ppwp/31/73/01/10/02/3173011002208-20240215-221015--c009c100-94fd-4cc5-80d7-612a7b2a17ec.jpg", "https://sirekap-obj-formc.kpu.go.id/742c/pemilu/ppwp/31/73/01/10/02/3173011002208-20240215-221014--9d0c3342-dcd9-4f45-b059-432ad8b5e65f.jpg"], "administrasi": {"suara_sah": 222, "suara_total": 224, "pemilih_dpt_j": 278, "pemilih_dpt_l": 130, "pemilih_dpt_p": 148, "pengguna_dpt_j": 211, "pengguna_dpt_l": 99, "pengguna_dpt_p": 112, "pengguna_dptb_j": 11, "pengguna_dptb_l": 3, "pengguna_dptb_p": 8, "suara_tidak_sah": 2, "pengguna_total_j": 224, "pengguna_total_l": 102, "pengguna_total_p": 122, "pengguna_non_dpt_j": 2, "pengguna_non_dpt_l": 0, "pengguna_non_dpt_p": 2}, "psu": null, "ts": "2024-02-15 23:29:50", "status_suara": true, "status_adm": true}