{"mode": "hhcw", "chart": {"null": null, "100025": 134, "100026": 63, "100027": 19}, "images": ["https://sirekap-obj-formc.kpu.go.id/1435/pemilu/ppwp/31/73/01/10/02/3173011002044-20240216-140536--d775e3cc-d895-4356-bf3e-e47819551446.jpg", "https://sirekap-obj-formc.kpu.go.id/1435/pemilu/ppwp/31/73/01/10/02/3173011002044-20240216-140538--f6680340-d055-479e-bb88-d1ce37933813.jpg", "https://sirekap-obj-formc.kpu.go.id/1435/pemilu/ppwp/31/73/01/10/02/3173011002044-20240216-140537--02aa8599-2846-4ef4-a114-1a97a68fabda.jpg"], "administrasi": {"suara_sah": 216, "suara_total": 221, "pemilih_dpt_j": 269, "pemilih_dpt_l": 135, "pemilih_dpt_p": 134, "pengguna_dpt_j": 219, "pengguna_dpt_l": 115, "pengguna_dpt_p": 104, "pengguna_dptb_j": 1, "pengguna_dptb_l": 1, "pengguna_dptb_p": 0, "suara_tidak_sah": 5, "pengguna_total_j": 221, "pengguna_total_l": 116, "pengguna_total_p": 105, "pengguna_non_dpt_j": 1, "pengguna_non_dpt_l": 0, "pengguna_non_dpt_p": 1}, "psu": null, "ts": "2024-02-16 16:25:10", "status_suara": true, "status_adm": true}