{"chart": {"null": null, "100025": 102, "100026": 75, "100027": 31}, "images": ["https://sirekap-obj-formc.kpu.go.id/d8e4/pemilu/ppwp/31/73/01/10/02/3173011002014-20240216-092543--db8e1d9b-86fa-4257-9320-69c9434ca3af.jpg", "https://sirekap-obj-formc.kpu.go.id/d8e4/pemilu/ppwp/31/73/01/10/02/3173011002014-20240214-204550--490ea7af-dc6b-4001-b0dd-15b1c92afa69.jpg", "https://sirekap-obj-formc.kpu.go.id/d8e4/pemilu/ppwp/31/73/01/10/02/3173011002014-20240214-204608--9a8f0fc4-4f7b-4cf9-bd4c-76bf56d41537.jpg"], "administrasi": {"suara_sah": 208, "suara_total": 209, "pemilih_dpt_j": 269, "pemilih_dpt_l": 130, "pemilih_dpt_p": 139, "pengguna_dpt_j": 207, "pengguna_dpt_l": 98, "pengguna_dpt_p": 109, "pengguna_dptb_j": 1, "pengguna_dptb_l": 0, "pengguna_dptb_p": 1, "suara_tidak_sah": 1, "pengguna_total_j": 209, "pengguna_total_l": 98, "pengguna_total_p": 111, "pengguna_non_dpt_j": 1, "pengguna_non_dpt_l": 0, "pengguna_non_dpt_p": 1}, "psu": null, "ts": "2024-02-16 09:30:28", "status_suara": true, "status_adm": true}