{"chart": {"null": null, "100025": 108, "100026": 76, "100027": 39}, "images": ["https://sirekap-obj-formc.kpu.go.id/469d/pemilu/ppwp/31/73/01/10/02/3173011002012-20240214-155915--dc53a51a-f88b-45c1-800b-14fd7a7c1627.jpg", "https://sirekap-obj-formc.kpu.go.id/469d/pemilu/ppwp/31/73/01/10/02/3173011002012-20240214-160105--6e2a7d10-8f28-4731-80ea-8135beddd366.jpg", "https://sirekap-obj-formc.kpu.go.id/469d/pemilu/ppwp/31/73/01/10/02/3173011002012-20240214-160056--1b266dde-d989-4de4-9599-820b4ac4ccd5.jpg"], "administrasi": {"suara_sah": 223, "suara_total": 224, "pemilih_dpt_j": 280, "pemilih_dpt_l": 138, "pemilih_dpt_p": 142, "pengguna_dpt_j": 213, "pengguna_dpt_l": 104, "pengguna_dpt_p": 109, "pengguna_dptb_j": 8, "pengguna_dptb_l": 4, "pengguna_dptb_p": 4, "suara_tidak_sah": 1, "pengguna_total_j": 224, "pengguna_total_l": 110, "pengguna_total_p": 114, "pengguna_non_dpt_j": 3, "pengguna_non_dpt_l": 2, "pengguna_non_dpt_p": 1}, "psu": null, "ts": "2024-02-14 21:46:01", "status_suara": true, "status_adm": true}