{"chart": null, "images": ["https://sirekap-obj-formc.kpu.go.id/6de6/pemilu/ppwp/31/73/01/10/02/3173011002233-20240214-191703--c9a5b8b5-431b-4039-b0ae-5ca8774f2350.jpg", "https://sirekap-obj-formc.kpu.go.id/6de6/pemilu/ppwp/31/73/01/10/02/3173011002233-20240214-191718--727a2f34-6ee1-4c52-963b-d59469e5aa95.jpg", "https://sirekap-obj-formc.kpu.go.id/6de6/pemilu/ppwp/31/73/01/10/02/3173011002233-20240214-191747--2cac884b-7171-445e-b097-e7339a73f952.jpg"], "administrasi": null, "psu": null, "ts": "2024-02-14 21:46:01", "status_suara": false, "status_adm": false}