{"mode": "hhcw", "chart": {"null": null, "100025": 77, "100026": 116, "100027": 20}, "images": ["https://sirekap-obj-formc.kpu.go.id/9af3/pemilu/ppwp/31/73/01/10/02/3173011002099-20240216-140426--dd6ad770-7b04-4515-80e5-8c8448568303.jpg", "https://sirekap-obj-formc.kpu.go.id/9af3/pemilu/ppwp/31/73/01/10/02/3173011002099-20240216-140427--3b285942-d8fd-44e2-bbe0-eda250650f3b.jpg", "https://sirekap-obj-formc.kpu.go.id/9af3/pemilu/ppwp/31/73/01/10/02/3173011002099-20240216-140427--da05616d-ffaf-47fb-8e0b-5ef2a8c81a9b.jpg"], "administrasi": {"suara_sah": 207, "suara_total": 213, "pemilih_dpt_j": 212, "pemilih_dpt_l": 112, "pemilih_dpt_p": 100, "pengguna_dpt_j": 212, "pengguna_dpt_l": 112, "pengguna_dpt_p": 100, "pengguna_dptb_j": 0, "pengguna_dptb_l": 0, "pengguna_dptb_p": 0, "suara_tidak_sah": 6, "pengguna_total_j": 213, "pengguna_total_l": 113, "pengguna_total_p": 100, "pengguna_non_dpt_j": 1, "pengguna_non_dpt_l": 1, "pengguna_non_dpt_p": 0}, "psu": null, "ts": "2024-02-16 16:25:10", "status_suara": true, "status_adm": true}