{"chart": null, "images": ["https://sirekap-obj-formc.kpu.go.id/ca1c/pemilu/ppwp/31/73/01/10/06/3173011006256-20240215-215419--0924bf56-0d16-47a8-848b-53a8938ce169.jpg", null, "https://sirekap-obj-formc.kpu.go.id/ca1c/pemilu/ppwp/31/73/01/10/06/3173011006256-20240215-215421--0c532705-106d-4eb9-9773-72de191be185.jpg"], "administrasi": {"suara_sah": 226, "suara_total": 229, "pemilih_dpt_j": 219, "pemilih_dpt_l": 103, "pemilih_dpt_p": 116, "pengguna_dpt_j": 219, "pengguna_dpt_l": 103, "pengguna_dpt_p": 116, "pengguna_dptb_j": 5, "pengguna_dptb_l": 3, "pengguna_dptb_p": 2, "suara_tidak_sah": 3, "pengguna_total_j": 229, "pengguna_total_l": 109, "pengguna_total_p": 120, "pengguna_non_dpt_j": 5, "pengguna_non_dpt_l": 3, "pengguna_non_dpt_p": 2}, "psu": null, "ts": "2024-02-15 22:00:27", "status_suara": false, "status_adm": true}