{"chart": {"null": null, "100025": 68, "100026": 99, "100027": 59}, "images": ["https://sirekap-obj-formc.kpu.go.id/e331/pemilu/ppwp/31/73/01/10/02/3173011002113-20240214-190604--d7d13dfd-9dba-4c16-aeb0-0882656a375f.jpg", "https://sirekap-obj-formc.kpu.go.id/e331/pemilu/ppwp/31/73/01/10/02/3173011002113-20240214-190651--15d3cc03-73be-4f97-addd-ba5cfbfb426e.jpg", "https://sirekap-obj-formc.kpu.go.id/e331/pemilu/ppwp/31/73/01/10/02/3173011002113-20240214-190730--3f5ee331-c1f0-4319-9765-5dff3207435c.jpg"], "administrasi": {"suara_sah": 226, "suara_total": 232, "pemilih_dpt_j": 291, "pemilih_dpt_l": 137, "pemilih_dpt_p": 154, "pengguna_dpt_j": 212, "pengguna_dpt_l": 100, "pengguna_dpt_p": 112, "pengguna_dptb_j": 16, "pengguna_dptb_l": 7, "pengguna_dptb_p": 9, "suara_tidak_sah": 0, "pengguna_total_j": 232, "pengguna_total_l": 109, "pengguna_total_p": 123, "pengguna_non_dpt_j": 4, "pengguna_non_dpt_l": 2, "pengguna_non_dpt_p": 2}, "psu": null, "ts": "2024-02-15 00:41:44", "status_suara": true, "status_adm": true}