{"chart": null, "images": ["https://sirekap-obj-formc.kpu.go.id/adc2/pemilu/ppwp/31/73/01/10/02/3173011002120-20240214-181604--5ef1aee3-b2a4-4b91-aaa1-6b586aa56c46.jpg", "https://sirekap-obj-formc.kpu.go.id/adc2/pemilu/ppwp/31/73/01/10/02/3173011002120-20240215-043540--a3074eb6-2222-4622-a625-814c65c4d534.jpg", "https://sirekap-obj-formc.kpu.go.id/adc2/pemilu/ppwp/31/73/01/10/02/3173011002120-20240214-190001--491f9dde-0a08-4ff7-944f-f167aae067fa.jpg"], "administrasi": {"suara_sah": 223, "suara_total": 230, "pemilih_dpt_j": 278, "pemilih_dpt_l": 141, "pemilih_dpt_p": 137, "pengguna_dpt_j": 226, "pengguna_dpt_l": 110, "pengguna_dpt_p": 116, "pengguna_dptb_j": 1, "pengguna_dptb_l": 1, "pengguna_dptb_p": 0, "suara_tidak_sah": 7, "pengguna_total_j": 230, "pengguna_total_l": 112, "pengguna_total_p": 118, "pengguna_non_dpt_j": 3, "pengguna_non_dpt_l": 1, "pengguna_non_dpt_p": 2}, "psu": null, "ts": "2024-02-15 19:30:26", "status_suara": false, "status_adm": true}