{"chart": null, "images": ["https://sirekap-obj-formc.kpu.go.id/294e/pemilu/ppwp/31/73/01/10/05/3173011005088-20240216-073414--cb04eeb5-42d9-443c-85bc-a990bcb4614d.jpg", null, "https://sirekap-obj-formc.kpu.go.id/294e/pemilu/ppwp/31/73/01/10/05/3173011005088-20240216-073414--62ca7764-aeb4-45fb-baed-355a920fcd18.jpg"], "administrasi": {"suara_sah": 0, "suara_total": 0, "pemilih_dpt_j": 0, "pemilih_dpt_l": 0, "pemilih_dpt_p": 0, "pengguna_dpt_j": 0, "pengguna_dpt_l": 0, "pengguna_dpt_p": 0, "pengguna_dptb_j": 0, "pengguna_dptb_l": 0, "pengguna_dptb_p": 0, "suara_tidak_sah": 0, "pengguna_total_j": 0, "pengguna_total_l": 0, "pengguna_total_p": 0, "pengguna_non_dpt_j": 0, "pengguna_non_dpt_l": 0, "pengguna_non_dpt_p": 0}, "psu": null, "ts": "2024-02-16 08:00:28", "status_suara": false, "status_adm": true}