{"chart": {"null": null, "100025": 55, "100026": 109, "100027": 36}, "images": ["https://sirekap-obj-formc.kpu.go.id/1b86/pemilu/ppwp/31/73/01/10/05/3173011005031-20240215-022452--3b444c47-97f9-4ecd-a89f-aa1777ac6334.jpg", "https://sirekap-obj-formc.kpu.go.id/1b86/pemilu/ppwp/31/73/01/10/05/3173011005031-20240215-022520--e02f7242-a8ec-46f6-981d-42ffa4eecdfc.jpg", "https://sirekap-obj-formc.kpu.go.id/1b86/pemilu/ppwp/31/73/01/10/05/3173011005031-20240215-022542--3001b66e-388e-4040-9c70-155bb56f674f.jpg"], "administrasi": {"suara_sah": 200, "suara_total": 200, "pemilih_dpt_j": 287, "pemilih_dpt_l": 149, "pemilih_dpt_p": 138, "pengguna_dpt_j": 199, "pengguna_dpt_l": 100, "pengguna_dpt_p": 99, "pengguna_dptb_j": 0, "pengguna_dptb_l": 0, "pengguna_dptb_p": 0, "suara_tidak_sah": 0, "pengguna_total_j": 200, "pengguna_total_l": 101, "pengguna_total_p": 99, "pengguna_non_dpt_j": 1, "pengguna_non_dpt_l": 1, "pengguna_non_dpt_p": 0}, "psu": null, "ts": "2024-02-15 15:00:29", "status_suara": true, "status_adm": true}