{"chart": {"null": null, "100025": 104, "100026": 90, "100027": 20}, "images": ["https://sirekap-obj-formc.kpu.go.id/5d9b/pemilu/ppwp/31/73/01/10/02/3173011002156-20240216-023458--ed04d1ea-daf1-407e-8e84-14cb17c0c5ba.jpg", "https://sirekap-obj-formc.kpu.go.id/5d9b/pemilu/ppwp/31/73/01/10/02/3173011002156-20240216-024742--7254d77d-906d-430c-9aca-2f7d5b3c9b59.jpg", "https://sirekap-obj-formc.kpu.go.id/5d9b/pemilu/ppwp/31/73/01/10/02/3173011002156-20240216-024740--e5a15717-35ac-4c4c-beda-dd261367b493.jpg"], "administrasi": {"suara_sah": 214, "suara_total": 216, "pemilih_dpt_j": 271, "pemilih_dpt_l": 125, "pemilih_dpt_p": 146, "pengguna_dpt_j": 212, "pengguna_dpt_l": 109, "pengguna_dpt_p": 103, "pengguna_dptb_j": 4, "pengguna_dptb_l": 1, "pengguna_dptb_p": 3, "suara_tidak_sah": 2, "pengguna_total_j": 216, "pengguna_total_l": 110, "pengguna_total_p": 106, "pengguna_non_dpt_j": 0, "pengguna_non_dpt_l": 0, "pengguna_non_dpt_p": 0}, "psu": null, "ts": "2024-02-16 03:00:26", "status_suara": true, "status_adm": true}