{"mode": "hhcw", "chart": {"null": null, "100025": 76, "100026": 114, "100027": 23}, "images": ["https://sirekap-obj-formc.kpu.go.id/1ed3/pemilu/ppwp/31/73/01/10/02/3173011002245-20240216-062628--313c7198-4b18-4f4f-b664-d49069c7039d.jpg", "https://sirekap-obj-formc.kpu.go.id/1ed3/pemilu/ppwp/31/73/01/10/02/3173011002245-20240216-062629--c56e0ba1-2d0b-4871-bc05-83567df0f09a.jpg", "https://sirekap-obj-formc.kpu.go.id/1ed3/pemilu/ppwp/31/73/01/10/02/3173011002245-20240216-062628--abb5d71d-c5e5-497a-9e7d-87f6623761d1.jpg"], "administrasi": {"suara_sah": 213, "suara_total": 216, "pemilih_dpt_j": 269, "pemilih_dpt_l": 143, "pemilih_dpt_p": 126, "pengguna_dpt_j": 209, "pengguna_dpt_l": 106, "pengguna_dpt_p": 103, "pengguna_dptb_j": 7, "pengguna_dptb_l": 4, "pengguna_dptb_p": 3, "suara_tidak_sah": 3, "pengguna_total_j": 216, "pengguna_total_l": 110, "pengguna_total_p": 106, "pengguna_non_dpt_j": 0, "pengguna_non_dpt_l": 0, "pengguna_non_dpt_p": 0}, "psu": null, "ts": "2024-02-16 16:25:10", "status_suara": true, "status_adm": true}