{"chart": null, "images": ["https://sirekap-obj-formc.kpu.go.id/7db5/pemilu/ppwp/31/73/01/10/02/3173011002218-20240214-192356--a115e262-9b1e-4ff8-834a-4a201924a2b9.jpg", "https://sirekap-obj-formc.kpu.go.id/7db5/pemilu/ppwp/31/73/01/10/02/3173011002218-20240215-020932--4de39de9-9f65-4959-a0db-a1995af08ae6.jpg", "https://sirekap-obj-formc.kpu.go.id/7db5/pemilu/ppwp/31/73/01/10/02/3173011002218-20240214-192551--8fec92b2-5f3f-431c-bf16-7f05d51b1345.jpg"], "administrasi": {"suara_sah": 225, "suara_total": 227, "pemilih_dpt_j": 274, "pemilih_dpt_l": 139, "pemilih_dpt_p": 135, "pengguna_dpt_j": 225, "pengguna_dpt_l": 113, "pengguna_dpt_p": 112, "pengguna_dptb_j": 1, "pengguna_dptb_l": 1, "pengguna_dptb_p": 0, "suara_tidak_sah": 2, "pengguna_total_j": 227, "pengguna_total_l": 114, "pengguna_total_p": 113, "pengguna_non_dpt_j": 1, "pengguna_non_dpt_l": 0, "pengguna_non_dpt_p": 1}, "psu": null, "ts": "2024-02-15 15:00:29", "status_suara": false, "status_adm": true}