{"chart": null, "images": ["https://sirekap-obj-formc.kpu.go.id/de31/pemilu/ppwp/31/73/01/10/05/3173011005024-20240215-005521--763ccd4f-b63d-4dfa-90fd-9b236011634d.jpg", "https://sirekap-obj-formc.kpu.go.id/de31/pemilu/ppwp/31/73/01/10/05/3173011005024-20240215-005353--54ad8389-fe89-453c-b675-f368403e758b.jpg", "https://sirekap-obj-formc.kpu.go.id/de31/pemilu/ppwp/31/73/01/10/05/3173011005024-20240215-005635--c6344645-7afa-4687-a5b6-46d9a9efc759.jpg"], "administrasi": null, "psu": null, "ts": "2024-02-15 07:00:44", "status_suara": false, "status_adm": false}