{"chart": {"null": null, "100025": 64, "100026": 87, "100027": 22}, "images": ["https://sirekap-obj-formc.kpu.go.id/6289/pemilu/ppwp/31/73/01/10/02/3173011002062-20240214-201914--f2a771f8-7181-4a33-a9a2-c651ce058614.jpg", "https://sirekap-obj-formc.kpu.go.id/6289/pemilu/ppwp/31/73/01/10/02/3173011002062-20240214-201949--7fda952e-5ad3-4a0b-bf29-141a9dec762c.jpg", "https://sirekap-obj-formc.kpu.go.id/6289/pemilu/ppwp/31/73/01/10/02/3173011002062-20240214-202028--74a2d1af-e707-4b4a-ae18-9ff620e818b1.jpg"], "administrasi": {"suara_sah": 178, "suara_total": 180, "pemilih_dpt_j": 245, "pemilih_dpt_l": 119, "pemilih_dpt_p": 126, "pengguna_dpt_j": 174, "pengguna_dpt_l": 79, "pengguna_dpt_p": 95, "pengguna_dptb_j": 6, "pengguna_dptb_l": 2, "pengguna_dptb_p": 4, "suara_tidak_sah": 2, "pengguna_total_j": 180, "pengguna_total_l": 81, "pengguna_total_p": 99, "pengguna_non_dpt_j": 0, "pengguna_non_dpt_l": 0, "pengguna_non_dpt_p": 0}, "psu": null, "ts": "2024-02-14 21:46:01", "status_suara": true, "status_adm": true}