{"chart": {"null": null, "100025": 5, "100026": 86, "100027": 126}, "images": ["https://sirekap-obj-formc.kpu.go.id/7153/pemilu/ppwp/31/73/01/10/02/3173011002273-20240216-090009--677a4b88-fc3c-47d0-bfdf-8cb682f2bc55.jpg", "https://sirekap-obj-formc.kpu.go.id/7153/pemilu/ppwp/31/73/01/10/02/3173011002273-20240216-005148--19d329f9-1f96-48db-bd7b-fd323e8088f8.jpg", "https://sirekap-obj-formc.kpu.go.id/7153/pemilu/ppwp/31/73/01/10/02/3173011002273-20240216-005146--d99fc87f-c15d-49ed-8e55-d0018641dafa.jpg"], "administrasi": {"suara_sah": 217, "suara_total": 219, "pemilih_dpt_j": 214, "pemilih_dpt_l": 101, "pemilih_dpt_p": 113, "pengguna_dpt_j": 214, "pengguna_dpt_l": 101, "pengguna_dpt_p": 113, "pengguna_dptb_j": 0, "pengguna_dptb_l": 0, "pengguna_dptb_p": 0, "suara_tidak_sah": 2, "pengguna_total_j": 219, "pengguna_total_l": 104, "pengguna_total_p": 115, "pengguna_non_dpt_j": 5, "pengguna_non_dpt_l": 3, "pengguna_non_dpt_p": 2}, "psu": null, "ts": "2024-02-16 09:30:28", "status_suara": true, "status_adm": true}