{"mode": "hhcw", "chart": null, "images": ["https://sirekap-obj-formc.kpu.go.id/0b6e/pemilu/ppwp/31/73/01/10/02/3173011002267-20240216-171537--5db2644c-548b-4876-9595-dad78c680b06.jpg", null, "https://sirekap-obj-formc.kpu.go.id/0b6e/pemilu/ppwp/31/73/01/10/02/3173011002267-20240216-171538--68b84fe3-959b-403e-9855-cb1ca3ae1d68.jpg"], "administrasi": {"suara_sah": 251, "suara_total": 255, "pemilih_dpt_j": 277, "pemilih_dpt_l": 129, "pemilih_dpt_p": 148, "pengguna_dpt_j": 242, "pengguna_dpt_l": 111, "pengguna_dpt_p": 131, "pengguna_dptb_j": 6, "pengguna_dptb_l": 3, "pengguna_dptb_p": 3, "suara_tidak_sah": 4, "pengguna_total_j": 255, "pengguna_total_l": 117, "pengguna_total_p": 138, "pengguna_non_dpt_j": 7, "pengguna_non_dpt_l": 3, "pengguna_non_dpt_p": 4}, "psu": null, "ts": "2024-02-16 17:30:00", "status_suara": false, "status_adm": true}