{"chart": null, "images": ["https://sirekap-obj-formc.kpu.go.id/6def/pemilu/ppwp/31/73/01/10/06/3173011006181-20240215-220120--b413ab4d-65f3-42e1-9efb-47ac02738243.jpg", null, "https://sirekap-obj-formc.kpu.go.id/6def/pemilu/ppwp/31/73/01/10/06/3173011006181-20240215-220122--76d454d2-19e9-4893-b90f-cffb1f6317cc.jpg"], "administrasi": {"suara_sah": 192, "suara_total": 195, "pemilih_dpt_j": 290, "pemilih_dpt_l": 148, "pemilih_dpt_p": 142, "pengguna_dpt_j": 195, "pengguna_dpt_l": 96, "pengguna_dpt_p": 99, "pengguna_dptb_j": 0, "pengguna_dptb_l": 0, "pengguna_dptb_p": 0, "suara_tidak_sah": 3, "pengguna_total_j": 195, "pengguna_total_l": 96, "pengguna_total_p": 99, "pengguna_non_dpt_j": 0, "pengguna_non_dpt_l": 0, "pengguna_non_dpt_p": 0}, "psu": null, "ts": "2024-02-15 22:30:27", "status_suara": false, "status_adm": true}