{"chart": {"null": null, "100025": 112, "100026": 76, "100027": 19}, "images": ["https://sirekap-obj-formc.kpu.go.id/3845/pemilu/ppwp/31/73/01/10/02/3173011002083-20240216-073818--26f2aeee-f2b5-4f41-9c39-f819aecf1ece.jpg", "https://sirekap-obj-formc.kpu.go.id/3845/pemilu/ppwp/31/73/01/10/02/3173011002083-20240216-073825--1e1c1607-ba75-4d91-986a-f0590699bcd4.jpg", "https://sirekap-obj-formc.kpu.go.id/3845/pemilu/ppwp/31/73/01/10/02/3173011002083-20240216-073823--0b062765-d612-42ea-bf55-352198b126ec.jpg"], "administrasi": {"suara_sah": 207, "suara_total": 211, "pemilih_dpt_j": 270, "pemilih_dpt_l": 137, "pemilih_dpt_p": 133, "pengguna_dpt_j": 200, "pengguna_dpt_l": 98, "pengguna_dpt_p": 102, "pengguna_dptb_j": 4, "pengguna_dptb_l": 2, "pengguna_dptb_p": 2, "suara_tidak_sah": 4, "pengguna_total_j": 211, "pengguna_total_l": 104, "pengguna_total_p": 107, "pengguna_non_dpt_j": 7, "pengguna_non_dpt_l": 4, "pengguna_non_dpt_p": 3}, "psu": null, "ts": "2024-02-16 12:51:22", "status_suara": true, "status_adm": true}