{"chart": {"null": null, "100025": 17, "100026": 92, "100027": 101}, "images": ["https://sirekap-obj-formc.kpu.go.id/09a7/pemilu/ppwp/31/73/01/10/02/3173011002211-20240214-141505--c015d3bf-5517-408d-ac09-681e5a614b57.jpg", "https://sirekap-obj-formc.kpu.go.id/09a7/pemilu/ppwp/31/73/01/10/02/3173011002211-20240215-184225--8605d253-f86a-4468-adca-d576626f92ee.jpg", "https://sirekap-obj-formc.kpu.go.id/09a7/pemilu/ppwp/31/73/01/10/02/3173011002211-20240215-184214--ebb8dfb0-5c83-427e-b3e8-55384e5be488.jpg"], "administrasi": {"suara_sah": 210, "suara_total": 212, "pemilih_dpt_j": 280, "pemilih_dpt_l": 138, "pemilih_dpt_p": 142, "pengguna_dpt_j": 209, "pengguna_dpt_l": 97, "pengguna_dpt_p": 112, "pengguna_dptb_j": 2, "pengguna_dptb_l": 1, "pengguna_dptb_p": 1, "suara_tidak_sah": 2, "pengguna_total_j": 212, "pengguna_total_l": 98, "pengguna_total_p": 114, "pengguna_non_dpt_j": 1, "pengguna_non_dpt_l": 0, "pengguna_non_dpt_p": 1}, "psu": null, "ts": "2024-02-15 19:30:26", "status_suara": true, "status_adm": true}