{"mode": "hhcw", "chart": {"null": null, "100025": 58, "100026": 71, "100027": 30}, "images": ["https://sirekap-obj-formc.kpu.go.id/b8e7/pemilu/ppwp/31/73/01/10/06/3173011006246-20240216-151535--dc57ddf6-acff-406b-8eff-351610d0fb76.jpg", "https://sirekap-obj-formc.kpu.go.id/b8e7/pemilu/ppwp/31/73/01/10/06/3173011006246-20240214-204955--b7984506-0be0-48c6-8cf1-a6eae218769d.jpg", "https://sirekap-obj-formc.kpu.go.id/b8e7/pemilu/ppwp/31/73/01/10/06/3173011006246-20240214-205038--0638fd6e-655c-4ff2-abd3-09341d262485.jpg"], "administrasi": {"suara_sah": 159, "suara_total": 159, "pemilih_dpt_j": 189, "pemilih_dpt_l": 93, "pemilih_dpt_p": 96, "pengguna_dpt_j": 153, "pengguna_dpt_l": 70, "pengguna_dpt_p": 83, "pengguna_dptb_j": 5, "pengguna_dptb_l": 0, "pengguna_dptb_p": 5, "suara_tidak_sah": 0, "pengguna_total_j": 159, "pengguna_total_l": 71, "pengguna_total_p": 88, "pengguna_non_dpt_j": 1, "pengguna_non_dpt_l": 1, "pengguna_non_dpt_p": 0}, "psu": null, "ts": "2024-02-16 16:25:10", "status_suara": true, "status_adm": true}