{"chart": {"null": null, "100025": 62, "100026": 108, "100027": 37}, "images": ["https://sirekap-obj-formc.kpu.go.id/e202/pemilu/ppwp/31/73/01/10/02/3173011002051-20240215-202017--48b444f6-af9e-4050-bebc-b6e02eca4de7.jpg", "https://sirekap-obj-formc.kpu.go.id/e202/pemilu/ppwp/31/73/01/10/02/3173011002051-20240215-141029--5e02f5db-b725-4ae5-9e20-aa50f09a571a.jpg", "https://sirekap-obj-formc.kpu.go.id/e202/pemilu/ppwp/31/73/01/10/02/3173011002051-20240215-164808--28a263b6-f2ea-4835-822c-e74c7d2143aa.jpg"], "administrasi": null, "psu": null, "ts": "2024-02-15 20:30:46", "status_suara": true, "status_adm": false}