{"mode": "hhcw", "chart": {"null": null, "100025": 154, "100026": 70, "100027": 19}, "images": ["https://sirekap-obj-formc.kpu.go.id/3b2b/pemilu/ppwp/31/73/01/10/02/3173011002049-20240214-191637--f28fac54-fbd7-4e8d-8f33-a1b738d92e9c.jpg", "https://sirekap-obj-formc.kpu.go.id/3b2b/pemilu/ppwp/31/73/01/10/02/3173011002049-20240216-141606--be0c9339-1e03-4769-a827-de3b27c7124a.jpg", "https://sirekap-obj-formc.kpu.go.id/3b2b/pemilu/ppwp/31/73/01/10/02/3173011002049-20240214-190018--7b877231-ae37-436e-aec6-12a37e343e2c.jpg"], "administrasi": {"suara_sah": 243, "suara_total": 245, "pemilih_dpt_j": 271, "pemilih_dpt_l": 134, "pemilih_dpt_p": 137, "pengguna_dpt_j": 240, "pengguna_dpt_l": 119, "pengguna_dpt_p": 121, "pengguna_dptb_j": 1, "pengguna_dptb_l": 0, "pengguna_dptb_p": 1, "suara_tidak_sah": 2, "pengguna_total_j": 245, "pengguna_total_l": 121, "pengguna_total_p": 124, "pengguna_non_dpt_j": 4, "pengguna_non_dpt_l": 2, "pengguna_non_dpt_p": 2}, "psu": null, "ts": "2024-02-16 16:25:10", "status_suara": true, "status_adm": true}