{"chart": null, "images": ["https://sirekap-obj-formc.kpu.go.id/0009/pemilu/ppwp/31/73/01/10/02/3173011002095-20240214-231920--2991ee3f-c843-43fa-823c-b9974001b682.jpg", "https://sirekap-obj-formc.kpu.go.id/0009/pemilu/ppwp/31/73/01/10/02/3173011002095-20240214-231828--c87a42cd-f92a-431c-b9e0-cb47b9110434.jpg", "https://sirekap-obj-formc.kpu.go.id/0009/pemilu/ppwp/31/73/01/10/02/3173011002095-20240214-232003--ff6a61e3-89bf-45c3-ae32-205f45bf6894.jpg"], "administrasi": {"suara_sah": 214, "suara_total": 218, "pemilih_dpt_j": 280, "pemilih_dpt_l": 143, "pemilih_dpt_p": 137, "pengguna_dpt_j": 212, "pengguna_dpt_l": 100, "pengguna_dpt_p": 112, "pengguna_dptb_j": 0, "pengguna_dptb_l": 0, "pengguna_dptb_p": 0, "suara_tidak_sah": 4, "pengguna_total_j": 218, "pengguna_total_l": 104, "pengguna_total_p": 114, "pengguna_non_dpt_j": 6, "pengguna_non_dpt_l": 4, "pengguna_non_dpt_p": 2}, "psu": null, "ts": "2024-02-15 12:00:28", "status_suara": false, "status_adm": true}