{"chart": {"null": null, "100025": 45, "100026": 125, "100027": 33}, "images": ["https://sirekap-obj-formc.kpu.go.id/0a3a/pemilu/ppwp/31/73/01/10/05/3173011005101-20240214-201217--a9eb47c6-ff78-4e93-9ced-2a8cd353dfb3.jpg", "https://sirekap-obj-formc.kpu.go.id/0a3a/pemilu/ppwp/31/73/01/10/05/3173011005101-20240214-201342--51076f14-f022-4ccf-b46a-08186f95e484.jpg", "https://sirekap-obj-formc.kpu.go.id/0a3a/pemilu/ppwp/31/73/01/10/05/3173011005101-20240214-201449--071de38d-1118-41d8-84e0-c1442294257c.jpg"], "administrasi": {"suara_sah": 203, "suara_total": 204, "pemilih_dpt_j": 204, "pemilih_dpt_l": 101, "pemilih_dpt_p": 103, "pengguna_dpt_j": 294, "pengguna_dpt_l": 101, "pengguna_dpt_p": 103, "pengguna_dptb_j": 0, "pengguna_dptb_l": 0, "pengguna_dptb_p": 0, "suara_tidak_sah": 1, "pengguna_total_j": 0, "pengguna_total_l": 0, "pengguna_total_p": 0, "pengguna_non_dpt_j": 0, "pengguna_non_dpt_l": 0, "pengguna_non_dpt_p": 0}, "psu": null, "ts": "2024-02-15 00:41:44", "status_suara": true, "status_adm": true}