{"chart": {"null": null, "100025": 119, "100026": 75, "100027": 20}, "images": ["https://sirekap-obj-formc.kpu.go.id/c245/pemilu/ppwp/31/73/01/10/02/3173011002057-20240216-022721--cbc2973e-b9bc-4401-9b3d-c1b8ad569ed9.jpg", "https://sirekap-obj-formc.kpu.go.id/c245/pemilu/ppwp/31/73/01/10/02/3173011002057-20240216-022722--b1dc3388-1239-41a9-b1d0-2483abefe0c9.jpg", "https://sirekap-obj-formc.kpu.go.id/c245/pemilu/ppwp/31/73/01/10/02/3173011002057-20240216-022721--b1d167c3-8df6-450e-9030-c9992aedf85a.jpg"], "administrasi": {"suara_sah": 214, "suara_total": 217, "pemilih_dpt_j": 267, "pemilih_dpt_l": 144, "pemilih_dpt_p": 123, "pengguna_dpt_j": 213, "pengguna_dpt_l": 110, "pengguna_dpt_p": 103, "pengguna_dptb_j": 1, "pengguna_dptb_l": 1, "pengguna_dptb_p": 0, "suara_tidak_sah": 3, "pengguna_total_j": 217, "pengguna_total_l": 111, "pengguna_total_p": 106, "pengguna_non_dpt_j": 3, "pengguna_non_dpt_l": 0, "pengguna_non_dpt_p": 3}, "psu": null, "ts": "2024-02-16 03:00:26", "status_suara": true, "status_adm": true}