{"chart": null, "images": ["https://sirekap-obj-formc.kpu.go.id/1126/pemilu/ppwp/31/73/01/10/06/3173011006180-20240215-213839--25f93838-6e72-4a7c-8e40-2651b390c4b7.jpg", null, "https://sirekap-obj-formc.kpu.go.id/1126/pemilu/ppwp/31/73/01/10/06/3173011006180-20240215-213840--7badc885-2401-4ef1-a192-0b368f678829.jpg"], "administrasi": {"suara_sah": 208, "suara_total": 212, "pemilih_dpt_j": 275, "pemilih_dpt_l": 135, "pemilih_dpt_p": 140, "pengguna_dpt_j": 211, "pengguna_dpt_l": 98, "pengguna_dpt_p": 113, "pengguna_dptb_j": 0, "pengguna_dptb_l": 0, "pengguna_dptb_p": 0, "suara_tidak_sah": 4, "pengguna_total_j": 212, "pengguna_total_l": 99, "pengguna_total_p": 113, "pengguna_non_dpt_j": 0, "pengguna_non_dpt_l": 1, "pengguna_non_dpt_p": 0}, "psu": null, "ts": "2024-02-15 22:00:27", "status_suara": false, "status_adm": true}