{"chart": {"null": null, "100025": 101, "100026": 85, "100027": 19}, "images": ["https://sirekap-obj-formc.kpu.go.id/b559/pemilu/ppwp/31/73/01/10/02/3173011002185-20240214-155129--4e93811f-7095-4c1c-918b-46e391942831.jpg", "https://sirekap-obj-formc.kpu.go.id/b559/pemilu/ppwp/31/73/01/10/02/3173011002185-20240214-184448--b00aae82-0ea0-42ae-bb57-577a2686a660.jpg", "https://sirekap-obj-formc.kpu.go.id/b559/pemilu/ppwp/31/73/01/10/02/3173011002185-20240216-000116--8843a48d-9b9b-4f91-a4e7-59b5932e65a5.jpg"], "administrasi": {"suara_sah": 205, "suara_total": 219, "pemilih_dpt_j": 271, "pemilih_dpt_l": 133, "pemilih_dpt_p": 138, "pengguna_dpt_j": 212, "pengguna_dpt_l": 102, "pengguna_dpt_p": 110, "pengguna_dptb_j": 1, "pengguna_dptb_l": 1, "pengguna_dptb_p": 0, "suara_tidak_sah": 14, "pengguna_total_j": 219, "pengguna_total_l": 107, "pengguna_total_p": 112, "pengguna_non_dpt_j": 6, "pengguna_non_dpt_l": 4, "pengguna_non_dpt_p": 2}, "psu": null, "ts": "2024-02-16 00:30:27", "status_suara": true, "status_adm": true}