{"chart": null, "images": ["https://sirekap-obj-formc.kpu.go.id/b7f2/pemilu/ppwp/31/73/01/10/02/3173011002249-20240214-192034--0a5ff16f-8d8a-42e1-8ec5-9e32f2c03c14.jpg", null, "https://sirekap-obj-formc.kpu.go.id/b7f2/pemilu/ppwp/31/73/01/10/02/3173011002249-20240214-155402--673f6e84-960b-4fe7-82fa-b1bf571eb265.jpg"], "administrasi": {"suara_sah": 213, "suara_total": 215, "pemilih_dpt_j": 268, "pemilih_dpt_l": 139, "pemilih_dpt_p": 129, "pengguna_dpt_j": 215, "pengguna_dpt_l": 105, "pengguna_dpt_p": 110, "pengguna_dptb_j": 0, "pengguna_dptb_l": 0, "pengguna_dptb_p": 0, "suara_tidak_sah": 2, "pengguna_total_j": 215, "pengguna_total_l": 105, "pengguna_total_p": 110, "pengguna_non_dpt_j": 0, "pengguna_non_dpt_l": 0, "pengguna_non_dpt_p": 0}, "psu": null, "ts": "2024-02-15 07:00:44", "status_suara": false, "status_adm": true}