{"chart": null, "images": ["https://sirekap-obj-formc.kpu.go.id/698c/pemilu/ppwp/31/73/01/10/05/3173011005062-20240215-002345--0f7621c0-9eb4-449a-956c-647f8ef4cbea.jpg", "https://sirekap-obj-formc.kpu.go.id/698c/pemilu/ppwp/31/73/01/10/05/3173011005062-20240215-002438--dc75d404-1e0c-414e-9f44-8eb5d65b46b4.jpg", "https://sirekap-obj-formc.kpu.go.id/698c/pemilu/ppwp/31/73/01/10/05/3173011005062-20240215-002549--04e5f366-7af1-4b21-8473-d7fb539465a8.jpg"], "administrasi": null, "psu": null, "ts": "2024-02-15 09:00:24", "status_suara": false, "status_adm": false}