{"mode": "hhcw", "chart": {"null": null, "100025": 89, "100026": 88, "100027": 13}, "images": ["https://sirekap-obj-formc.kpu.go.id/bc7b/pemilu/ppwp/31/73/01/10/02/3173011002131-20240216-070417--4f422d65-a346-4d59-9abc-58d131a31be9.jpg", "https://sirekap-obj-formc.kpu.go.id/bc7b/pemilu/ppwp/31/73/01/10/02/3173011002131-20240216-070429--e6c97cb0-a3ad-49ea-9428-9291414870e2.jpg", "https://sirekap-obj-formc.kpu.go.id/bc7b/pemilu/ppwp/31/73/01/10/02/3173011002131-20240216-070424--0dd4156f-925c-4e49-8ca7-9ef509551353.jpg"], "administrasi": {"suara_sah": 190, "suara_total": 193, "pemilih_dpt_j": 268, "pemilih_dpt_l": 136, "pemilih_dpt_p": 132, "pengguna_dpt_j": 184, "pengguna_dpt_l": 89, "pengguna_dpt_p": 95, "pengguna_dptb_j": 0, "pengguna_dptb_l": 0, "pengguna_dptb_p": 0, "suara_tidak_sah": 3, "pengguna_total_j": 193, "pengguna_total_l": 92, "pengguna_total_p": 101, "pengguna_non_dpt_j": 9, "pengguna_non_dpt_l": 3, "pengguna_non_dpt_p": 6}, "psu": null, "ts": "2024-02-16 16:25:10", "status_suara": true, "status_adm": true}