{"chart": {"null": null, "100025": 66, "100026": 121, "100027": 50}, "images": ["https://sirekap-obj-formc.kpu.go.id/3712/pemilu/ppwp/31/73/01/10/02/3173011002265-20240214-210855--ece991d7-dd3d-422c-82fa-c01147c2a63f.jpg", "https://sirekap-obj-formc.kpu.go.id/3712/pemilu/ppwp/31/73/01/10/02/3173011002265-20240214-211013--298a26c3-1627-4c9c-a5b3-876f7110fa72.jpg", "https://sirekap-obj-formc.kpu.go.id/3712/pemilu/ppwp/31/73/01/10/02/3173011002265-20240214-223332--04efd452-c431-4c37-809c-b26f08f4922b.jpg"], "administrasi": {"suara_sah": 237, "suara_total": 240, "pemilih_dpt_j": 272, "pemilih_dpt_l": 131, "pemilih_dpt_p": 141, "pengguna_dpt_j": 221, "pengguna_dpt_l": 104, "pengguna_dpt_p": 117, "pengguna_dptb_j": 5, "pengguna_dptb_l": 2, "pengguna_dptb_p": 3, "suara_tidak_sah": 3, "pengguna_total_j": 240, "pengguna_total_l": 114, "pengguna_total_p": 126, "pengguna_non_dpt_j": 14, "pengguna_non_dpt_l": 8, "pengguna_non_dpt_p": 6}, "psu": null, "ts": "2024-02-15 02:10:27", "status_suara": true, "status_adm": true}