{"chart": {"null": null, "100025": 4, "100026": 84, "100027": 126}, "images": ["https://sirekap-obj-formc.kpu.go.id/eca2/pemilu/ppwp/31/73/01/10/02/3173011002199-20240214-155148--d13d0184-a240-41f4-bc38-12f7db0acf2c.jpg", "https://sirekap-obj-formc.kpu.go.id/eca2/pemilu/ppwp/31/73/01/10/02/3173011002199-20240214-155204--d541d363-7fa0-4a85-8b6b-f897bee1ac80.jpg", "https://sirekap-obj-formc.kpu.go.id/eca2/pemilu/ppwp/31/73/01/10/02/3173011002199-20240214-155218--fc07d1c6-2481-4063-be54-3045c94071c5.jpg"], "administrasi": {"suara_sah": 214, "suara_total": 220, "pemilih_dpt_j": 243, "pemilih_dpt_l": 120, "pemilih_dpt_p": 123, "pengguna_dpt_j": 206, "pengguna_dpt_l": 98, "pengguna_dpt_p": 108, "pengguna_dptb_j": 10, "pengguna_dptb_l": 4, "pengguna_dptb_p": 6, "suara_tidak_sah": 6, "pengguna_total_j": 220, "pengguna_total_l": 104, "pengguna_total_p": 116, "pengguna_non_dpt_j": 4, "pengguna_non_dpt_l": 2, "pengguna_non_dpt_p": 2}, "psu": null, "ts": "2024-02-15 15:00:29", "status_suara": true, "status_adm": true}