{"chart": {"null": null, "100025": 28, "100026": 136, "100027": 39}, "images": ["https://sirekap-obj-formc.kpu.go.id/565b/pemilu/ppwp/31/73/01/10/05/3173011005127-20240214-155200--0738ef94-2f5d-4567-9e4d-e3a589342db9.jpg", "https://sirekap-obj-formc.kpu.go.id/565b/pemilu/ppwp/31/73/01/10/05/3173011005127-20240214-155157--2033c21b-a44b-4186-b16b-2e0b7fc6f254.jpg", "https://sirekap-obj-formc.kpu.go.id/565b/pemilu/ppwp/31/73/01/10/05/3173011005127-20240214-155204--a29bae7d-8f8f-49ff-88f9-f41d74592f6a.jpg"], "administrasi": {"suara_sah": 203, "suara_total": 206, "pemilih_dpt_j": 278, "pemilih_dpt_l": 143, "pemilih_dpt_p": 135, "pengguna_dpt_j": 203, "pengguna_dpt_l": 98, "pengguna_dpt_p": 105, "pengguna_dptb_j": 1, "pengguna_dptb_l": 1, "pengguna_dptb_p": 0, "suara_tidak_sah": 3, "pengguna_total_j": 206, "pengguna_total_l": 99, "pengguna_total_p": 107, "pengguna_non_dpt_j": 2, "pengguna_non_dpt_l": 0, "pengguna_non_dpt_p": 2}, "psu": null, "ts": "2024-02-15 03:06:03", "status_suara": true, "status_adm": true}