{"chart": {"null": null, "100025": 116, "100026": 73, "100027": 21}, "images": ["https://sirekap-obj-formc.kpu.go.id/cd57/pemilu/ppwp/31/73/01/10/02/3173011002172-20240214-190428--c58b61ec-7e6d-413f-812e-e5aaa6ef8432.jpg", "https://sirekap-obj-formc.kpu.go.id/cd57/pemilu/ppwp/31/73/01/10/02/3173011002172-20240214-190528--41d43030-c7f1-4a93-b234-5a528fe30e58.jpg", "https://sirekap-obj-formc.kpu.go.id/cd57/pemilu/ppwp/31/73/01/10/02/3173011002172-20240214-190614--ee9b7997-353d-415e-976e-f8e4c5597144.jpg"], "administrasi": {"suara_sah": 210, "suara_total": 211, "pemilih_dpt_j": 257, "pemilih_dpt_l": 144, "pemilih_dpt_p": 123, "pengguna_dpt_j": 205, "pengguna_dpt_l": 107, "pengguna_dpt_p": 98, "pengguna_dptb_j": 555, "pengguna_dptb_l": 0, "pengguna_dptb_p": 0, "suara_tidak_sah": 1, "pengguna_total_j": 211, "pengguna_total_l": 111, "pengguna_total_p": 100, "pengguna_non_dpt_j": 5, "pengguna_non_dpt_l": 4, "pengguna_non_dpt_p": 2}, "psu": null, "ts": "2024-02-15 20:30:46", "status_suara": true, "status_adm": true}