{"chart": {"null": null, "100025": 151, "100026": 59, "100027": 13}, "images": ["https://sirekap-obj-formc.kpu.go.id/0868/pemilu/ppwp/31/73/01/10/02/3173011002042-20240214-202743--42fbb135-d95a-4c78-b3a8-676e62a840cc.jpg", "https://sirekap-obj-formc.kpu.go.id/0868/pemilu/ppwp/31/73/01/10/02/3173011002042-20240214-203158--096db84d-5b2b-41f6-b6c7-feb43f70a839.jpg", "https://sirekap-obj-formc.kpu.go.id/0868/pemilu/ppwp/31/73/01/10/02/3173011002042-20240214-203509--a5d94617-56ee-4928-93fc-cde5435c08db.jpg"], "administrasi": {"suara_sah": 223, "suara_total": 226, "pemilih_dpt_j": 267, "pemilih_dpt_l": 135, "pemilih_dpt_p": 132, "pengguna_dpt_j": 224, "pengguna_dpt_l": 115, "pengguna_dpt_p": 109, "pengguna_dptb_j": 1, "pengguna_dptb_l": 1, "pengguna_dptb_p": 0, "suara_tidak_sah": 3, "pengguna_total_j": 226, "pengguna_total_l": 117, "pengguna_total_p": 109, "pengguna_non_dpt_j": 1, "pengguna_non_dpt_l": 1, "pengguna_non_dpt_p": 0}, "psu": null, "ts": "2024-02-15 09:00:24", "status_suara": true, "status_adm": true}