{"chart": null, "images": ["https://sirekap-obj-formc.kpu.go.id/6099/pemilu/ppwp/31/73/01/10/05/3173011005084-20240214-215749--9fce069f-635d-4de0-a988-a56a7c680f7a.jpg", "https://sirekap-obj-formc.kpu.go.id/6099/pemilu/ppwp/31/73/01/10/05/3173011005084-20240214-210248--46daf9ce-218f-4b09-b7d4-106d0b14ba9f.jpg", "https://sirekap-obj-formc.kpu.go.id/6099/pemilu/ppwp/31/73/01/10/05/3173011005084-20240214-220534--a33e90ab-0063-4395-992a-82ace217bce4.jpg"], "administrasi": null, "psu": null, "ts": "2024-02-15 04:00:24", "status_suara": false, "status_adm": false}