{"chart": {"null": null, "100025": 165, "100026": 66, "100027": 10}, "images": ["https://sirekap-obj-formc.kpu.go.id/5ff2/pemilu/ppwp/31/73/01/10/02/3173011002170-20240214-202901--9f917f1e-5446-47cc-ade7-1b206ba26254.jpg", "https://sirekap-obj-formc.kpu.go.id/5ff2/pemilu/ppwp/31/73/01/10/02/3173011002170-20240214-202906--9895feb5-0509-4405-94ea-db5fd1a50d6c.jpg", "https://sirekap-obj-formc.kpu.go.id/5ff2/pemilu/ppwp/31/73/01/10/02/3173011002170-20240214-202910--6deaa91f-f990-47cf-8f97-2243df821e33.jpg"], "administrasi": {"suara_sah": 241, "suara_total": 241, "pemilih_dpt_j": 275, "pemilih_dpt_l": 133, "pemilih_dpt_p": 142, "pengguna_dpt_j": 237, "pengguna_dpt_l": 109, "pengguna_dpt_p": 128, "pengguna_dptb_j": 1, "pengguna_dptb_l": 1, "pengguna_dptb_p": 0, "suara_tidak_sah": 0, "pengguna_total_j": 241, "pengguna_total_l": 112, "pengguna_total_p": 129, "pengguna_non_dpt_j": 3, "pengguna_non_dpt_l": 2, "pengguna_non_dpt_p": 1}, "psu": null, "ts": "2024-02-15 00:41:44", "status_suara": true, "status_adm": true}