{"chart": {"null": null, "100025": 23, "100026": 122, "100027": 62}, "images": ["https://sirekap-obj-formc.kpu.go.id/0881/pemilu/ppwp/31/73/01/10/02/3173011002124-20240214-155826--285518d3-8845-4fd0-908a-bbb515125e1f.jpg", "https://sirekap-obj-formc.kpu.go.id/0881/pemilu/ppwp/31/73/01/10/02/3173011002124-20240214-155600--54572705-de1d-4da6-bc27-0f08ae10b2e1.jpg", "https://sirekap-obj-formc.kpu.go.id/0881/pemilu/ppwp/31/73/01/10/02/3173011002124-20240214-155732--f88a12f5-2f19-432d-8c90-fb1b2e1d2c61.jpg"], "administrasi": {"suara_sah": 207, "suara_total": 207, "pemilih_dpt_j": 283, "pemilih_dpt_l": 138, "pemilih_dpt_p": 145, "pengguna_dpt_j": 182, "pengguna_dpt_l": 88, "pengguna_dpt_p": 94, "pengguna_dptb_j": 20, "pengguna_dptb_l": 10, "pengguna_dptb_p": 10, "suara_tidak_sah": 0, "pengguna_total_j": 207, "pengguna_total_l": 100, "pengguna_total_p": 107, "pengguna_non_dpt_j": 5, "pengguna_non_dpt_l": 2, "pengguna_non_dpt_p": 3}, "psu": null, "ts": "2024-02-14 21:46:01", "status_suara": true, "status_adm": true}