{"chart": null, "images": ["https://sirekap-obj-formc.kpu.go.id/3d3b/pemilu/ppwp/31/73/01/10/02/3173011002180-20240215-024024--e6284eb2-bc07-49ad-be1b-d3833dd9483e.jpg", "https://sirekap-obj-formc.kpu.go.id/3d3b/pemilu/ppwp/31/73/01/10/02/3173011002180-20240215-024136--af20c079-6b55-4570-9870-36e6f8943f0f.jpg", "https://sirekap-obj-formc.kpu.go.id/3d3b/pemilu/ppwp/31/73/01/10/02/3173011002180-20240215-024209--8d28c2d8-ebf2-4c99-bed6-77bc269ee61a.jpg"], "administrasi": null, "psu": null, "ts": "2024-02-15 04:00:24", "status_suara": false, "status_adm": false}