{"chart": {"null": null, "100025": 13, "100026": 130, "100027": 52}, "images": ["https://sirekap-obj-formc.kpu.go.id/3ddf/pemilu/ppwp/31/73/01/10/05/3173011005008-20240214-155009--3fb364ad-1886-488b-b2e4-436892db348d.jpg", "https://sirekap-obj-formc.kpu.go.id/3ddf/pemilu/ppwp/31/73/01/10/05/3173011005008-20240214-155016--f721800d-3f35-4839-bfe1-4e706663ce00.jpg", "https://sirekap-obj-formc.kpu.go.id/3ddf/pemilu/ppwp/31/73/01/10/05/3173011005008-20240214-155021--c1c430fc-ab68-45b6-9cbb-713f9b2781ee.jpg"], "administrasi": {"suara_sah": 195, "suara_total": 197, "pemilih_dpt_j": 287, "pemilih_dpt_l": 147, "pemilih_dpt_p": 140, "pengguna_dpt_j": 194, "pengguna_dpt_l": 95, "pengguna_dpt_p": 99, "pengguna_dptb_j": 3, "pengguna_dptb_l": 0, "pengguna_dptb_p": 3, "suara_tidak_sah": 2, "pengguna_total_j": 197, "pengguna_total_l": 95, "pengguna_total_p": 102, "pengguna_non_dpt_j": 0, "pengguna_non_dpt_l": 0, "pengguna_non_dpt_p": 0}, "psu": null, "ts": "2024-02-14 21:46:01", "status_suara": true, "status_adm": true}