{"chart": null, "images": ["https://sirekap-obj-formc.kpu.go.id/b854/pemilu/ppwp/31/73/01/10/06/3173011006214-20240214-204956--1dfcd62c-02a7-48d1-87d2-a3c1150ebc0c.jpg", "https://sirekap-obj-formc.kpu.go.id/b854/pemilu/ppwp/31/73/01/10/06/3173011006214-20240214-205036--16994a84-d83d-48b0-8610-f6eb4f28a196.jpg", "https://sirekap-obj-formc.kpu.go.id/b854/pemilu/ppwp/31/73/01/10/06/3173011006214-20240214-205130--0366c365-e682-4528-8a9c-6865fe4efdcb.jpg"], "administrasi": null, "psu": null, "ts": "2024-02-14 21:46:01", "status_suara": false, "status_adm": false}