{"chart": null, "images": ["https://sirekap-obj-formc.kpu.go.id/ebc7/pemilu/ppwp/31/73/01/10/02/3173011002016-20240214-233737--4e040bbe-0e44-435b-969f-cb7567142b31.jpg", "https://sirekap-obj-formc.kpu.go.id/ebc7/pemilu/ppwp/31/73/01/10/02/3173011002016-20240214-233902--3a479dbc-df60-4626-bc13-4c709a16e206.jpg", "https://sirekap-obj-formc.kpu.go.id/ebc7/pemilu/ppwp/31/73/01/10/02/3173011002016-20240215-003635--dbb8bb53-6821-40dc-b15b-3a3388e2d362.jpg"], "administrasi": null, "psu": null, "ts": "2024-02-15 09:00:24", "status_suara": false, "status_adm": false}