{"mode": "hhcw", "chart": {"null": null, "100025": 162, "100026": 81, "100027": 14}, "images": ["https://sirekap-obj-formc.kpu.go.id/6571/pemilu/ppwp/31/73/01/10/02/3173011002226-20240216-065214--7f127d84-0b5d-410c-9940-1c272a7c261e.jpg", "https://sirekap-obj-formc.kpu.go.id/6571/pemilu/ppwp/31/73/01/10/02/3173011002226-20240216-082616--c84ada57-a4b8-496c-93a0-662d1877009c.jpg", "https://sirekap-obj-formc.kpu.go.id/6571/pemilu/ppwp/31/73/01/10/02/3173011002226-20240216-065215--769f9fd7-67bf-490e-803f-a7ee667963e0.jpg"], "administrasi": {"suara_sah": 257, "suara_total": 259, "pemilih_dpt_j": 296, "pemilih_dpt_l": 152, "pemilih_dpt_p": 144, "pengguna_dpt_j": 254, "pengguna_dpt_l": 128, "pengguna_dpt_p": 126, "pengguna_dptb_j": 3, "pengguna_dptb_l": 2, "pengguna_dptb_p": 1, "suara_tidak_sah": 2, "pengguna_total_j": 259, "pengguna_total_l": 131, "pengguna_total_p": 128, "pengguna_non_dpt_j": 2, "pengguna_non_dpt_l": 1, "pengguna_non_dpt_p": 1}, "psu": null, "ts": "2024-02-16 16:25:10", "status_suara": true, "status_adm": true}