{"mode": "hhcw", "chart": {"null": null, "100025": 67, "100026": 93, "100027": 50}, "images": ["https://sirekap-obj-formc.kpu.go.id/7a19/pemilu/ppwp/31/73/01/10/02/3173011002149-20240216-051745--d275082e-5a36-486b-b309-d8559915b9b5.jpg", "https://sirekap-obj-formc.kpu.go.id/7a19/pemilu/ppwp/31/73/01/10/02/3173011002149-20240216-040848--1b67d293-9ede-4b8a-bfa9-ebafbd28fc63.jpg", "https://sirekap-obj-formc.kpu.go.id/7a19/pemilu/ppwp/31/73/01/10/02/3173011002149-20240216-042238--717178e0-18a4-42ff-b2cb-3507a104643d.jpg"], "administrasi": {"suara_sah": 210, "suara_total": 214, "pemilih_dpt_j": 268, "pemilih_dpt_l": 129, "pemilih_dpt_p": 139, "pengguna_dpt_j": 194, "pengguna_dpt_l": 85, "pengguna_dpt_p": 109, "pengguna_dptb_j": 17, "pengguna_dptb_l": 7, "pengguna_dptb_p": 10, "suara_tidak_sah": 4, "pengguna_total_j": 214, "pengguna_total_l": 94, "pengguna_total_p": 120, "pengguna_non_dpt_j": 3, "pengguna_non_dpt_l": 2, "pengguna_non_dpt_p": 1}, "psu": null, "ts": "2024-02-16 16:25:10", "status_suara": true, "status_adm": true}