{"chart": null, "images": ["https://sirekap-obj-formc.kpu.go.id/a561/pemilu/ppwp/31/73/01/10/02/3173011002173-20240214-190109--f111ac2f-eb00-4b46-bc7a-ea9ebb3859d7.jpg", "https://sirekap-obj-formc.kpu.go.id/a561/pemilu/ppwp/31/73/01/10/02/3173011002173-20240214-190118--7998af17-c059-489e-8bf5-defcf40c9a8b.jpg", "https://sirekap-obj-formc.kpu.go.id/a561/pemilu/ppwp/31/73/01/10/02/3173011002173-20240214-190128--b766ebb9-920f-4c87-8380-34f70b2584e4.jpg"], "administrasi": null, "psu": null, "ts": "2024-02-14 21:46:01", "status_suara": false, "status_adm": false}