{"chart": null, "images": ["https://sirekap-obj-formc.kpu.go.id/eb8e/pemilu/ppwp/31/73/01/10/05/3173011005043-20240215-044204--b87aca09-a27c-46dd-940c-237a90ad825b.jpg", "https://sirekap-obj-formc.kpu.go.id/eb8e/pemilu/ppwp/31/73/01/10/05/3173011005043-20240215-044212--4f1ce11e-b40e-46b2-8425-ec8be6c939d0.jpg", "https://sirekap-obj-formc.kpu.go.id/eb8e/pemilu/ppwp/31/73/01/10/05/3173011005043-20240215-044224--27583286-e0f0-4acc-b08d-2f482b8d34c7.jpg"], "administrasi": null, "psu": null, "ts": "2024-02-15 22:00:27", "status_suara": false, "status_adm": false}