{"chart": {"null": null, "100025": 3, "100026": 74, "100027": 90}, "images": ["https://sirekap-obj-formc.kpu.go.id/7d16/pemilu/ppwp/31/73/01/10/02/3173011002197-20240215-214024--02164178-de7f-4caa-ac1d-0d84ec8ed9af.jpg", "https://sirekap-obj-formc.kpu.go.id/7d16/pemilu/ppwp/31/73/01/10/02/3173011002197-20240215-214025--1d7a33a4-43ec-42aa-8086-19839133d717.jpg", "https://sirekap-obj-formc.kpu.go.id/7d16/pemilu/ppwp/31/73/01/10/02/3173011002197-20240215-214025--e06a715f-1f2f-498d-9a1b-7646216cc4d2.jpg"], "administrasi": {"suara_sah": 167, "suara_total": 170, "pemilih_dpt_j": 209, "pemilih_dpt_l": 92, "pemilih_dpt_p": 117, "pengguna_dpt_j": 157, "pengguna_dpt_l": 71, "pengguna_dpt_p": 86, "pengguna_dptb_j": 12, "pengguna_dptb_l": 7, "pengguna_dptb_p": 5, "suara_tidak_sah": 3, "pengguna_total_j": 170, "pengguna_total_l": 78, "pengguna_total_p": 92, "pengguna_non_dpt_j": 1, "pengguna_non_dpt_l": 0, "pengguna_non_dpt_p": 1}, "psu": null, "ts": "2024-02-15 23:29:50", "status_suara": true, "status_adm": true}