{"chart": null, "images": ["https://sirekap-obj-formc.kpu.go.id/348a/pemilu/ppwp/31/73/01/10/05/3173011005037-20240214-192224--629b83fa-b771-483f-8f07-f91d00cef791.jpg", "https://sirekap-obj-formc.kpu.go.id/348a/pemilu/ppwp/31/73/01/10/05/3173011005037-20240214-224428--781b2997-7a35-4260-a586-fbe359e5d597.jpg", "https://sirekap-obj-formc.kpu.go.id/348a/pemilu/ppwp/31/73/01/10/05/3173011005037-20240214-162230--ade1e80c-9a04-411a-8ef8-595c34915fda.jpg"], "administrasi": {"suara_sah": 213, "suara_total": 214, "pemilih_dpt_j": 283, "pemilih_dpt_l": 150, "pemilih_dpt_p": 133, "pengguna_dpt_j": 214, "pengguna_dpt_l": 107, "pengguna_dpt_p": 107, "pengguna_dptb_j": 0, "pengguna_dptb_l": 0, "pengguna_dptb_p": 0, "suara_tidak_sah": 1, "pengguna_total_j": 214, "pengguna_total_l": 107, "pengguna_total_p": 107, "pengguna_non_dpt_j": 0, "pengguna_non_dpt_l": 0, "pengguna_non_dpt_p": 0}, "psu": null, "ts": "2024-02-15 09:00:24", "status_suara": false, "status_adm": true}