{"chart": null, "images": ["https://sirekap-obj-formc.kpu.go.id/f08f/pemilu/ppwp/31/73/01/10/06/3173011006269-20240215-021110--201e585e-99eb-4ea6-8e49-c40f6d78cde4.jpg", "https://sirekap-obj-formc.kpu.go.id/f08f/pemilu/ppwp/31/73/01/10/06/3173011006269-20240215-032602--ee7ab639-d7a8-4cb3-ab0e-404ac8897d9a.jpg", "https://sirekap-obj-formc.kpu.go.id/f08f/pemilu/ppwp/31/73/01/10/06/3173011006269-20240215-021220--6a484dbc-5dde-4ffa-8907-63a151b6084a.jpg"], "administrasi": {"suara_sah": 241, "suara_total": 246, "pemilih_dpt_j": 291, "pemilih_dpt_l": 144, "pemilih_dpt_p": 147, "pengguna_dpt_j": 236, "pengguna_dpt_l": 115, "pengguna_dpt_p": 121, "pengguna_dptb_j": 8, "pengguna_dptb_l": 0, "pengguna_dptb_p": 8, "suara_tidak_sah": 5, "pengguna_total_j": 246, "pengguna_total_l": 115, "pengguna_total_p": 131, "pengguna_non_dpt_j": 2, "pengguna_non_dpt_l": 0, "pengguna_non_dpt_p": 2}, "psu": null, "ts": "2024-02-15 09:00:24", "status_suara": false, "status_adm": true}