{"chart": {"null": null, "100025": 120, "100026": 88, "100027": 19}, "images": ["https://sirekap-obj-formc.kpu.go.id/8722/pemilu/ppwp/31/73/01/10/02/3173011002174-20240216-015436--c3f4b10c-9fc5-4ed9-b6b9-2cb2e05bbd5d.jpg", "https://sirekap-obj-formc.kpu.go.id/8722/pemilu/ppwp/31/73/01/10/02/3173011002174-20240216-015442--aa233d1b-b728-4e8e-8a5d-b4793cecee8d.jpg", "https://sirekap-obj-formc.kpu.go.id/8722/pemilu/ppwp/31/73/01/10/02/3173011002174-20240216-015439--51443d2d-8350-4417-82fd-e146c3763019.jpg"], "administrasi": {"suara_sah": 227, "suara_total": 231, "pemilih_dpt_j": 224, "pemilih_dpt_l": 108, "pemilih_dpt_p": 116, "pengguna_dpt_j": 224, "pengguna_dpt_l": 108, "pengguna_dpt_p": 116, "pengguna_dptb_j": 5, "pengguna_dptb_l": 2, "pengguna_dptb_p": 3, "suara_tidak_sah": 4, "pengguna_total_j": 231, "pengguna_total_l": 111, "pengguna_total_p": 120, "pengguna_non_dpt_j": 2, "pengguna_non_dpt_l": 1, "pengguna_non_dpt_p": 1}, "psu": null, "ts": "2024-02-16 02:00:27", "status_suara": true, "status_adm": true}