{"chart": null, "images": ["https://sirekap-obj-formc.kpu.go.id/9a39/pemilu/ppwp/31/73/01/10/05/3173011005074-20240216-065905--20e365ba-e47d-45aa-a63e-b98fa9a4e4ed.jpg", null, "https://sirekap-obj-formc.kpu.go.id/9a39/pemilu/ppwp/31/73/01/10/05/3173011005074-20240216-065906--05ceb553-17ac-44b1-a634-e21234679969.jpg"], "administrasi": {"suara_sah": 191, "suara_total": 192, "pemilih_dpt_j": 281, "pemilih_dpt_l": 153, "pemilih_dpt_p": 128, "pengguna_dpt_j": 192, "pengguna_dpt_l": 103, "pengguna_dpt_p": 89, "pengguna_dptb_j": 0, "pengguna_dptb_l": 0, "pengguna_dptb_p": 0, "suara_tidak_sah": 1, "pengguna_total_j": 192, "pengguna_total_l": 103, "pengguna_total_p": 89, "pengguna_non_dpt_j": 0, "pengguna_non_dpt_l": 0, "pengguna_non_dpt_p": 0}, "psu": null, "ts": "2024-02-16 08:00:28", "status_suara": false, "status_adm": true}