{"chart": {"null": null, "100025": 105, "100026": 48, "100027": 551}, "images": ["https://sirekap-obj-formc.kpu.go.id/3381/pemilu/ppwp/31/73/01/10/02/3173011002090-20240216-015631--6da7e1eb-77cf-4975-893b-3163ababe402.jpg", "https://sirekap-obj-formc.kpu.go.id/3381/pemilu/ppwp/31/73/01/10/02/3173011002090-20240216-083244--c83fb6e0-ac4e-4251-8f5f-00ce7df31010.jpg", "https://sirekap-obj-formc.kpu.go.id/3381/pemilu/ppwp/31/73/01/10/02/3173011002090-20240216-015632--548d798e-7d83-46a1-8a79-a33280dd28e0.jpg"], "administrasi": {"suara_sah": 163, "suara_total": 167, "pemilih_dpt_j": 210, "pemilih_dpt_l": 106, "pemilih_dpt_p": 104, "pengguna_dpt_j": 167, "pengguna_dpt_l": 85, "pengguna_dpt_p": 82, "pengguna_dptb_j": 0, "pengguna_dptb_l": 0, "pengguna_dptb_p": 0, "suara_tidak_sah": 4, "pengguna_total_j": 167, "pengguna_total_l": 85, "pengguna_total_p": 82, "pengguna_non_dpt_j": 0, "pengguna_non_dpt_l": 0, "pengguna_non_dpt_p": 0}, "psu": null, "ts": "2024-02-16 12:51:22", "status_suara": true, "status_adm": true}