{"chart": null, "images": ["https://sirekap-obj-formc.kpu.go.id/f68d/pemilu/ppwp/31/73/01/10/05/3173011005019-20240215-001450--3824d322-b80f-4d13-94c7-438cabc9eb0d.jpg", null, "https://sirekap-obj-formc.kpu.go.id/f68d/pemilu/ppwp/31/73/01/10/05/3173011005019-20240216-120723--80523d70-dd6b-4f49-9093-fe49343924eb.jpg"], "administrasi": {"suara_sah": 200, "suara_total": 203, "pemilih_dpt_j": 292, "pemilih_dpt_l": 147, "pemilih_dpt_p": 145, "pengguna_dpt_j": 201, "pengguna_dpt_l": 93, "pengguna_dpt_p": 108, "pengguna_dptb_j": 0, "pengguna_dptb_l": 0, "pengguna_dptb_p": 0, "suara_tidak_sah": 3, "pengguna_total_j": 203, "pengguna_total_l": 94, "pengguna_total_p": 109, "pengguna_non_dpt_j": 2, "pengguna_non_dpt_l": 1, "pengguna_non_dpt_p": 1}, "psu": null, "ts": "2024-02-16 12:51:22", "status_suara": false, "status_adm": true}