{"chart": null, "images": ["https://sirekap-obj-formc.kpu.go.id/29ec/pemilu/ppwp/31/73/01/10/06/3173011006213-20240214-223219--2fd5c53c-1263-449f-9a54-5e6ec3df81ba.jpg", "https://sirekap-obj-formc.kpu.go.id/29ec/pemilu/ppwp/31/73/01/10/06/3173011006213-20240214-223506--8636dc6e-c8e9-4fda-b9a6-78a11dd65391.jpg", "https://sirekap-obj-formc.kpu.go.id/29ec/pemilu/ppwp/31/73/01/10/06/3173011006213-20240214-223826--7eb600f6-d846-4914-b4a7-53cb3f05dba7.jpg"], "administrasi": null, "psu": null, "ts": "2024-02-15 22:00:27", "status_suara": false, "status_adm": false}