{"chart": null, "images": ["https://sirekap-obj-formc.kpu.go.id/436f/pemilu/ppwp/31/73/01/10/06/3173011006261-20240216-110050--c8c6629c-6650-4ec3-a892-c023dc348286.jpg", null, "https://sirekap-obj-formc.kpu.go.id/436f/pemilu/ppwp/31/73/01/10/06/3173011006261-20240216-110051--7eb1951f-cf10-457f-bf16-698234fd0827.jpg"], "administrasi": {"suara_sah": 184, "suara_total": 188, "pemilih_dpt_j": 287, "pemilih_dpt_l": 137, "pemilih_dpt_p": 150, "pengguna_dpt_j": 287, "pengguna_dpt_l": 137, "pengguna_dpt_p": 150, "pengguna_dptb_j": 0, "pengguna_dptb_l": 0, "pengguna_dptb_p": 0, "suara_tidak_sah": 4, "pengguna_total_j": 287, "pengguna_total_l": 137, "pengguna_total_p": 150, "pengguna_non_dpt_j": 0, "pengguna_non_dpt_l": 0, "pengguna_non_dpt_p": 0}, "psu": null, "ts": "2024-02-16 12:51:22", "status_suara": false, "status_adm": true}