{"mode": "hhcw", "chart": {"null": null, "100025": 59, "100026": 111, "100027": 18}, "images": ["https://sirekap-obj-formc.kpu.go.id/96c4/pemilu/ppwp/31/73/01/10/02/3173011002092-20240216-035609--413f6fe7-58d2-4476-9e95-0c7974501431.jpg", "https://sirekap-obj-formc.kpu.go.id/96c4/pemilu/ppwp/31/73/01/10/02/3173011002092-20240216-033845--6c7e03bd-23b6-47d8-97eb-1ea972b127a0.jpg", "https://sirekap-obj-formc.kpu.go.id/96c4/pemilu/ppwp/31/73/01/10/02/3173011002092-20240216-033835--cbbabcf8-1099-4455-94d4-3a903576113c.jpg"], "administrasi": {"suara_sah": 188, "suara_total": 195, "pemilih_dpt_j": 276, "pemilih_dpt_l": 145, "pemilih_dpt_p": 131, "pengguna_dpt_j": 195, "pengguna_dpt_l": 95, "pengguna_dpt_p": 100, "pengguna_dptb_j": 0, "pengguna_dptb_l": 0, "pengguna_dptb_p": 0, "suara_tidak_sah": 7, "pengguna_total_j": 195, "pengguna_total_l": 95, "pengguna_total_p": 100, "pengguna_non_dpt_j": 0, "pengguna_non_dpt_l": 0, "pengguna_non_dpt_p": 0}, "psu": null, "ts": "2024-02-16 16:25:10", "status_suara": true, "status_adm": true}