{"chart": null, "images": ["https://sirekap-obj-formc.kpu.go.id/f74e/pemilu/ppwp/31/73/01/10/06/3173011006230-20240216-023955--f8ce692c-b7c1-4e36-8488-9ffedf6ddd43.jpg", null, "https://sirekap-obj-formc.kpu.go.id/f74e/pemilu/ppwp/31/73/01/10/06/3173011006230-20240216-024151--e23b079a-e923-40a3-a71e-d18a53fe7558.jpg"], "administrasi": {"suara_sah": 186, "suara_total": 187, "pemilih_dpt_j": 287, "pemilih_dpt_l": 136, "pemilih_dpt_p": 151, "pengguna_dpt_j": 164, "pengguna_dpt_l": 74, "pengguna_dpt_p": 90, "pengguna_dptb_j": 16, "pengguna_dptb_l": 5, "pengguna_dptb_p": 11, "suara_tidak_sah": 1, "pengguna_total_j": 187, "pengguna_total_l": 83, "pengguna_total_p": 104, "pengguna_non_dpt_j": 7, "pengguna_non_dpt_l": 4, "pengguna_non_dpt_p": 3}, "psu": null, "ts": "2024-02-16 03:00:26", "status_suara": false, "status_adm": true}