{"chart": {"null": null, "100025": 79, "100026": 93, "100027": 47}, "images": ["https://sirekap-obj-formc.kpu.go.id/5379/pemilu/ppwp/31/73/01/10/02/3173011002165-20240214-155818--eb215474-a1a1-4c5a-abaa-33d5a21cc13a.jpg", "https://sirekap-obj-formc.kpu.go.id/5379/pemilu/ppwp/31/73/01/10/02/3173011002165-20240214-185928--8cc0fc1f-d5d0-4b6e-828f-e8ec620eb38b.jpg", "https://sirekap-obj-formc.kpu.go.id/5379/pemilu/ppwp/31/73/01/10/02/3173011002165-20240214-183951--243f3a8f-42c7-4e84-a690-90a0f60d84c6.jpg"], "administrasi": {"suara_sah": 219, "suara_total": 224, "pemilih_dpt_j": 272, "pemilih_dpt_l": 130, "pemilih_dpt_p": 142, "pengguna_dpt_j": 217, "pengguna_dpt_l": 100, "pengguna_dpt_p": 117, "pengguna_dptb_j": 4, "pengguna_dptb_l": 2, "pengguna_dptb_p": 2, "suara_tidak_sah": 5, "pengguna_total_j": 224, "pengguna_total_l": 104, "pengguna_total_p": 120, "pengguna_non_dpt_j": 3, "pengguna_non_dpt_l": 2, "pengguna_non_dpt_p": 1}, "psu": null, "ts": "2024-02-14 21:46:01", "status_suara": true, "status_adm": true}