{"chart": {"null": null, "100025": 72, "100026": 109, "100027": 35}, "images": ["https://sirekap-obj-formc.kpu.go.id/11eb/pemilu/ppwp/31/73/01/10/06/3173011006272-20240214-193505--63ec3c57-d3fc-472f-b04b-9cafe69974c1.jpg", "https://sirekap-obj-formc.kpu.go.id/11eb/pemilu/ppwp/31/73/01/10/06/3173011006272-20240214-193538--81e7fb03-04bc-4d14-b451-3827cd95455f.jpg", "https://sirekap-obj-formc.kpu.go.id/11eb/pemilu/ppwp/31/73/01/10/06/3173011006272-20240214-193615--4b3fe5e5-718b-47d4-9eab-1f6c0a7497c4.jpg"], "administrasi": {"suara_sah": 216, "suara_total": 219, "pemilih_dpt_j": 276, "pemilih_dpt_l": 138, "pemilih_dpt_p": 138, "pengguna_dpt_j": 214, "pengguna_dpt_l": 108, "pengguna_dpt_p": 106, "pengguna_dptb_j": 3, "pengguna_dptb_l": 0, "pengguna_dptb_p": 3, "suara_tidak_sah": 3, "pengguna_total_j": 219, "pengguna_total_l": 109, "pengguna_total_p": 110, "pengguna_non_dpt_j": 2, "pengguna_non_dpt_l": 1, "pengguna_non_dpt_p": 1}, "psu": null, "ts": "2024-02-15 00:46:45", "status_suara": true, "status_adm": true}