{"chart": {"null": null, "100025": 111, "100026": 65, "100027": 41}, "images": ["https://sirekap-obj-formc.kpu.go.id/16ad/pemilu/ppwp/31/73/01/10/02/3173011002023-20240216-142006--70d2ed6a-f260-4baa-846f-7c3070e62443.jpg", "https://sirekap-obj-formc.kpu.go.id/16ad/pemilu/ppwp/31/73/01/10/02/3173011002023-20240215-163230--56cc5784-c859-4e9a-a64f-c73c0b5424cb.jpg", "https://sirekap-obj-formc.kpu.go.id/16ad/pemilu/ppwp/31/73/01/10/02/3173011002023-20240216-142007--bfbf3460-3273-4b38-9ddd-fa6a1a786a76.jpg"], "administrasi": {"suara_sah": 217, "suara_total": 220, "pemilih_dpt_j": 266, "pemilih_dpt_l": 144, "pemilih_dpt_p": 122, "pengguna_dpt_j": 216, "pengguna_dpt_l": 113, "pengguna_dpt_p": 103, "pengguna_dptb_j": 3, "pengguna_dptb_l": 3, "pengguna_dptb_p": 0, "suara_tidak_sah": 3, "pengguna_total_j": 220, "pengguna_total_l": 117, "pengguna_total_p": 103, "pengguna_non_dpt_j": 1, "pengguna_non_dpt_l": 1, "pengguna_non_dpt_p": 0}, "psu": null, "ts": "2024-02-16 14:30:33", "status_suara": true, "status_adm": true}