{"chart": {"null": null, "100025": 46, "100026": 101, "100027": 34}, "images": ["https://sirekap-obj-formc.kpu.go.id/7eeb/pemilu/ppwp/31/73/01/10/05/3173011005075-20240214-225522--4ef3aaa9-4e82-4967-80cb-a248343b15da.jpg", "https://sirekap-obj-formc.kpu.go.id/7eeb/pemilu/ppwp/31/73/01/10/05/3173011005075-20240214-203352--e6ccdfc9-dce5-422b-a864-79de790dc7f9.jpg", "https://sirekap-obj-formc.kpu.go.id/7eeb/pemilu/ppwp/31/73/01/10/05/3173011005075-20240214-212223--8cd4be2d-1f14-4002-b111-dd19c99486ab.jpg"], "administrasi": null, "psu": null, "ts": "2024-02-15 20:30:46", "status_suara": true, "status_adm": false}