{"chart": null, "images": ["https://sirekap-obj-formc.kpu.go.id/487e/pemilu/ppwp/31/73/01/10/05/3173011005095-20240214-213026--1dfd4227-7cd9-4f07-a719-c746cbbbc222.jpg", "https://sirekap-obj-formc.kpu.go.id/487e/pemilu/ppwp/31/73/01/10/05/3173011005095-20240214-210538--f747a76a-e783-4989-930c-d8f4855f0b00.jpg", "https://sirekap-obj-formc.kpu.go.id/487e/pemilu/ppwp/31/73/01/10/05/3173011005095-20240214-213320--2f7d8666-1c3e-46ba-990e-93eeeb3d584a.jpg"], "administrasi": null, "psu": null, "ts": "2024-02-15 12:00:28", "status_suara": false, "status_adm": false}