{"mode": "hhcw", "chart": {"null": null, "100025": 107, "100026": 109, "100027": 9}, "images": ["https://sirekap-obj-formc.kpu.go.id/c1ee/pemilu/ppwp/31/73/01/10/02/3173011002093-20240216-140522--34d9205b-9d64-49e2-bbee-c74862e9e295.jpg", "https://sirekap-obj-formc.kpu.go.id/c1ee/pemilu/ppwp/31/73/01/10/02/3173011002093-20240216-140523--d01a674e-160e-455c-a0ea-b867dd724aed.jpg", "https://sirekap-obj-formc.kpu.go.id/c1ee/pemilu/ppwp/31/73/01/10/02/3173011002093-20240216-140522--df5ad955-b521-4970-ae78-532a5ef0db58.jpg"], "administrasi": {"suara_sah": 225, "suara_total": 228, "pemilih_dpt_j": 278, "pemilih_dpt_l": 142, "pemilih_dpt_p": 136, "pengguna_dpt_j": 228, "pengguna_dpt_l": 111, "pengguna_dpt_p": 117, "pengguna_dptb_j": 0, "pengguna_dptb_l": 0, "pengguna_dptb_p": 0, "suara_tidak_sah": 3, "pengguna_total_j": 228, "pengguna_total_l": 111, "pengguna_total_p": 117, "pengguna_non_dpt_j": 0, "pengguna_non_dpt_l": 0, "pengguna_non_dpt_p": 0}, "psu": null, "ts": "2024-02-16 16:25:10", "status_suara": true, "status_adm": true}