{"chart": null, "images": ["https://sirekap-obj-formc.kpu.go.id/4a0f/pemilu/ppwp/31/73/01/10/06/3173011006176-20240216-134845--33474119-81d9-4d12-8edb-93644c4855d7.jpg", null, "https://sirekap-obj-formc.kpu.go.id/4a0f/pemilu/ppwp/31/73/01/10/06/3173011006176-20240216-134846--21eaa14a-d6aa-4e46-a4aa-104e58a103cb.jpg"], "administrasi": {"suara_sah": 202, "suara_total": 205, "pemilih_dpt_j": 289, "pemilih_dpt_l": 147, "pemilih_dpt_p": 142, "pengguna_dpt_j": 202, "pengguna_dpt_l": 99, "pengguna_dpt_p": 103, "pengguna_dptb_j": 1, "pengguna_dptb_l": 0, "pengguna_dptb_p": 1, "suara_tidak_sah": 3, "pengguna_total_j": 205, "pengguna_total_l": 99, "pengguna_total_p": 106, "pengguna_non_dpt_j": 2, "pengguna_non_dpt_l": 0, "pengguna_non_dpt_p": 2}, "psu": null, "ts": "2024-02-16 14:00:34", "status_suara": false, "status_adm": true}