{"chart": {"null": null, "100025": 57, "100026": 122, "100027": 40}, "images": ["https://sirekap-obj-formc.kpu.go.id/9bdb/pemilu/ppwp/31/73/01/10/05/3173011005009-20240215-224419--6d5a3175-1526-4c4f-9323-7a18aeb23fdf.jpg", "https://sirekap-obj-formc.kpu.go.id/9bdb/pemilu/ppwp/31/73/01/10/05/3173011005009-20240215-224423--ce406198-90c3-4218-8cd6-26ba4c4fd089.jpg", "https://sirekap-obj-formc.kpu.go.id/9bdb/pemilu/ppwp/31/73/01/10/05/3173011005009-20240215-224420--254beccd-9130-4db5-8f0c-7b6c7e669226.jpg"], "administrasi": {"suara_sah": 219, "suara_total": 222, "pemilih_dpt_j": 286, "pemilih_dpt_l": 149, "pemilih_dpt_p": 137, "pengguna_dpt_j": 222, "pengguna_dpt_l": 117, "pengguna_dpt_p": 105, "pengguna_dptb_j": 0, "pengguna_dptb_l": 0, "pengguna_dptb_p": 0, "suara_tidak_sah": 3, "pengguna_total_j": 222, "pengguna_total_l": 117, "pengguna_total_p": 105, "pengguna_non_dpt_j": 0, "pengguna_non_dpt_l": 0, "pengguna_non_dpt_p": 0}, "psu": null, "ts": "2024-02-16 02:30:27", "status_suara": true, "status_adm": true}