{"mode": "hhcw", "chart": {"null": null, "100025": 77, "100026": 97, "100027": 37}, "images": ["https://sirekap-obj-formc.kpu.go.id/1aa7/pemilu/ppwp/31/73/01/10/02/3173011002115-20240214-235218--bcf997db-c236-4243-96d1-8f8b1fcfdda7.jpg", "https://sirekap-obj-formc.kpu.go.id/1aa7/pemilu/ppwp/31/73/01/10/02/3173011002115-20240214-235312--ef981c4e-4edd-4675-9a40-5cb8cd682a8b.jpg", "https://sirekap-obj-formc.kpu.go.id/1aa7/pemilu/ppwp/31/73/01/10/02/3173011002115-20240216-145506--35df0482-24d8-47f4-b0a8-4689d611baaa.jpg"], "administrasi": {"suara_sah": 211, "suara_total": 220, "pemilih_dpt_j": 270, "pemilih_dpt_l": 136, "pemilih_dpt_p": 134, "pengguna_dpt_j": 216, "pengguna_dpt_l": 101, "pengguna_dpt_p": 115, "pengguna_dptb_j": 1, "pengguna_dptb_l": 1, "pengguna_dptb_p": 0, "suara_tidak_sah": 9, "pengguna_total_j": 220, "pengguna_total_l": 104, "pengguna_total_p": 116, "pengguna_non_dpt_j": 3, "pengguna_non_dpt_l": 2, "pengguna_non_dpt_p": 1}, "psu": null, "ts": "2024-02-16 16:25:10", "status_suara": true, "status_adm": true}