{"chart": null, "images": ["https://sirekap-obj-formc.kpu.go.id/c756/pemilu/ppwp/31/73/01/10/06/3173011006231-20240216-012337--2ecb0931-d997-4c40-95a8-8e87eb9a1b59.jpg", null, "https://sirekap-obj-formc.kpu.go.id/c756/pemilu/ppwp/31/73/01/10/06/3173011006231-20240216-012347--ff79d66e-243c-4f75-bc41-7315b62060d4.jpg"], "administrasi": {"suara_sah": 197, "suara_total": 197, "pemilih_dpt_j": 197, "pemilih_dpt_l": 90, "pemilih_dpt_p": 107, "pengguna_dpt_j": 173, "pengguna_dpt_l": 77, "pengguna_dpt_p": 96, "pengguna_dptb_j": 14, "pengguna_dptb_l": 9, "pengguna_dptb_p": 5, "suara_tidak_sah": 0, "pengguna_total_j": 197, "pengguna_total_l": 90, "pengguna_total_p": 107, "pengguna_non_dpt_j": 10, "pengguna_non_dpt_l": 4, "pengguna_non_dpt_p": 6}, "psu": null, "ts": "2024-02-16 01:30:27", "status_suara": false, "status_adm": true}