{"chart": {"null": null, "100025": 67, "100026": 135, "100027": 15}, "images": ["https://sirekap-obj-formc.kpu.go.id/185b/pemilu/ppwp/31/73/01/10/02/3173011002096-20240214-203209--d6b1bfef-c662-4132-8c29-d88b0ef8f0db.jpg", "https://sirekap-obj-formc.kpu.go.id/185b/pemilu/ppwp/31/73/01/10/02/3173011002096-20240214-203228--243fe702-e82e-48f7-8546-19009ad15817.jpg", "https://sirekap-obj-formc.kpu.go.id/185b/pemilu/ppwp/31/73/01/10/02/3173011002096-20240214-203245--d1a7fce1-3793-4159-b8c6-d9941ef588f1.jpg"], "administrasi": {"suara_sah": 217, "suara_total": 222, "pemilih_dpt_j": 278, "pemilih_dpt_l": 131, "pemilih_dpt_p": 147, "pengguna_dpt_j": 222, "pengguna_dpt_l": 105, "pengguna_dpt_p": 117, "pengguna_dptb_j": 0, "pengguna_dptb_l": 0, "pengguna_dptb_p": 0, "suara_tidak_sah": 5, "pengguna_total_j": 222, "pengguna_total_l": 105, "pengguna_total_p": 117, "pengguna_non_dpt_j": 0, "pengguna_non_dpt_l": 0, "pengguna_non_dpt_p": 0}, "psu": null, "ts": "2024-02-15 00:41:44", "status_suara": true, "status_adm": true}