{"chart": {"null": null, "100025": 71, "100026": 105, "100027": 40}, "images": ["https://sirekap-obj-formc.kpu.go.id/4b6d/pemilu/ppwp/31/73/01/10/02/3173011002073-20240215-163817--73e586ff-8e78-41f6-8423-03a00870a100.jpg", "https://sirekap-obj-formc.kpu.go.id/4b6d/pemilu/ppwp/31/73/01/10/02/3173011002073-20240215-132209--e07bf9ee-ba93-4241-9034-2786723f04b3.jpg", "https://sirekap-obj-formc.kpu.go.id/4b6d/pemilu/ppwp/31/73/01/10/02/3173011002073-20240215-132406--8b6657eb-eade-4198-90b4-1f001b40d679.jpg"], "administrasi": {"suara_sah": 15, "suara_total": 1, "pemilih_dpt_j": 778, "pemilih_dpt_l": 149, "pemilih_dpt_p": 179, "pengguna_dpt_j": 217, "pengguna_dpt_l": 141, "pengguna_dpt_p": 115, "pengguna_dptb_j": 0, "pengguna_dptb_l": 0, "pengguna_dptb_p": 0, "suara_tidak_sah": 5, "pengguna_total_j": 221, "pengguna_total_l": 101, "pengguna_total_p": 120, "pengguna_non_dpt_j": 4, "pengguna_non_dpt_l": 0, "pengguna_non_dpt_p": 4}, "psu": null, "ts": "2024-02-15 19:00:26", "status_suara": true, "status_adm": true}