{"mode": "hhcw", "chart": {"null": null, "100025": 82, "100026": 97, "100027": 40}, "images": ["https://sirekap-obj-formc.kpu.go.id/b03c/pemilu/ppwp/31/73/01/10/02/3173011002097-20240216-145319--410f3f30-c842-42b2-a8a5-ac143f07324a.jpg", "https://sirekap-obj-formc.kpu.go.id/b03c/pemilu/ppwp/31/73/01/10/02/3173011002097-20240216-145320--e5027a69-e08e-429e-b373-a98a94299779.jpg", "https://sirekap-obj-formc.kpu.go.id/b03c/pemilu/ppwp/31/73/01/10/02/3173011002097-20240216-145320--55c6aecf-7769-483e-97f9-f4429d90519e.jpg"], "administrasi": {"suara_sah": 219, "suara_total": 224, "pemilih_dpt_j": 278, "pemilih_dpt_l": 137, "pemilih_dpt_p": 141, "pengguna_dpt_j": 217, "pengguna_dpt_l": 109, "pengguna_dpt_p": 108, "pengguna_dptb_j": 7, "pengguna_dptb_l": 4, "pengguna_dptb_p": 3, "suara_tidak_sah": 5, "pengguna_total_j": 224, "pengguna_total_l": 113, "pengguna_total_p": 111, "pengguna_non_dpt_j": 0, "pengguna_non_dpt_l": 0, "pengguna_non_dpt_p": 0}, "psu": null, "ts": "2024-02-16 16:25:10", "status_suara": true, "status_adm": true}