{"chart": {"null": null, "100025": 109, "100026": 89, "100027": 20}, "images": ["https://sirekap-obj-formc.kpu.go.id/5083/pemilu/ppwp/31/73/01/10/02/3173011002275-20240215-231057--a7be8d34-7d58-4972-bccd-24836972c5da.jpg", "https://sirekap-obj-formc.kpu.go.id/5083/pemilu/ppwp/31/73/01/10/02/3173011002275-20240215-231103--5cc34feb-b36c-4c35-b1ab-de96be552390.jpg", "https://sirekap-obj-formc.kpu.go.id/5083/pemilu/ppwp/31/73/01/10/02/3173011002275-20240215-231059--e55d1c86-91f1-4132-adaa-6b080ec53b0e.jpg"], "administrasi": {"suara_sah": 218, "suara_total": 222, "pemilih_dpt_j": 0, "pemilih_dpt_l": 0, "pemilih_dpt_p": 0, "pengguna_dpt_j": 0, "pengguna_dpt_l": 0, "pengguna_dpt_p": 0, "pengguna_dptb_j": 0, "pengguna_dptb_l": 0, "pengguna_dptb_p": 0, "suara_tidak_sah": 4, "pengguna_total_j": 0, "pengguna_total_l": 0, "pengguna_total_p": 0, "pengguna_non_dpt_j": 0, "pengguna_non_dpt_l": 0, "pengguna_non_dpt_p": 0}, "psu": null, "ts": "2024-02-15 23:29:50", "status_suara": true, "status_adm": true}