{"chart": {"null": null, "100025": 76, "100026": 104, "100027": 27}, "images": ["https://sirekap-obj-formc.kpu.go.id/7cc6/pemilu/ppwp/31/73/01/10/05/3173011005122-20240214-195547--e254cd30-068c-4ea4-8f4e-faeef3926cf5.jpg", "https://sirekap-obj-formc.kpu.go.id/7cc6/pemilu/ppwp/31/73/01/10/05/3173011005122-20240214-195812--47118c7b-165a-466e-9a24-ee6889f9d585.jpg", "https://sirekap-obj-formc.kpu.go.id/7cc6/pemilu/ppwp/31/73/01/10/05/3173011005122-20240214-200018--979da8af-a6ce-488a-8dcd-d3602a15dfce.jpg"], "administrasi": {"suara_sah": 207, "suara_total": 213, "pemilih_dpt_j": 730, "pemilih_dpt_l": 142, "pemilih_dpt_p": 132, "pengguna_dpt_j": 206, "pengguna_dpt_l": 102, "pengguna_dpt_p": 104, "pengguna_dptb_j": 2, "pengguna_dptb_l": 1, "pengguna_dptb_p": 1, "suara_tidak_sah": 6, "pengguna_total_j": 213, "pengguna_total_l": 103, "pengguna_total_p": 117, "pengguna_non_dpt_j": 5, "pengguna_non_dpt_l": 0, "pengguna_non_dpt_p": 5}, "psu": null, "ts": "2024-02-15 00:41:44", "status_suara": true, "status_adm": true}