{"mode": "hhcw", "chart": {"null": null, "100025": 86, "100026": 96, "100027": 36}, "images": ["https://sirekap-obj-formc.kpu.go.id/f2c9/pemilu/ppwp/31/73/01/10/02/3173011002247-20240216-132130--8ec9aefe-1210-44b0-af40-963700283768.jpg", "https://sirekap-obj-formc.kpu.go.id/f2c9/pemilu/ppwp/31/73/01/10/02/3173011002247-20240216-132131--47a65d97-c2e7-443f-b82f-4041ea1ef84a.jpg", "https://sirekap-obj-formc.kpu.go.id/f2c9/pemilu/ppwp/31/73/01/10/02/3173011002247-20240216-132130--26ef6eed-a82d-46dc-8a6b-2473cc78ed7a.jpg"], "administrasi": {"suara_sah": 218, "suara_total": 220, "pemilih_dpt_j": 270, "pemilih_dpt_l": 131, "pemilih_dpt_p": 139, "pengguna_dpt_j": 220, "pengguna_dpt_l": 108, "pengguna_dpt_p": 112, "pengguna_dptb_j": 0, "pengguna_dptb_l": 0, "pengguna_dptb_p": 0, "suara_tidak_sah": 2, "pengguna_total_j": 220, "pengguna_total_l": 108, "pengguna_total_p": 112, "pengguna_non_dpt_j": 0, "pengguna_non_dpt_l": 0, "pengguna_non_dpt_p": 0}, "psu": null, "ts": "2024-02-16 16:25:10", "status_suara": true, "status_adm": true}