{"chart": null, "images": ["https://sirekap-obj-formc.kpu.go.id/8c29/pemilu/ppwp/31/73/01/10/05/3173011005104-20240216-140159--4a07b39b-dbf4-4fb0-ba21-16f692f68273.jpg", null, "https://sirekap-obj-formc.kpu.go.id/8c29/pemilu/ppwp/31/73/01/10/05/3173011005104-20240216-140200--54acce3a-81ef-4241-89d1-8b2e10eefcc3.jpg"], "administrasi": {"suara_sah": 192, "suara_total": 200, "pemilih_dpt_j": 276, "pemilih_dpt_l": 142, "pemilih_dpt_p": 134, "pengguna_dpt_j": 198, "pengguna_dpt_l": 94, "pengguna_dpt_p": 104, "pengguna_dptb_j": 0, "pengguna_dptb_l": 0, "pengguna_dptb_p": 0, "suara_tidak_sah": 8, "pengguna_total_j": 200, "pengguna_total_l": 96, "pengguna_total_p": 104, "pengguna_non_dpt_j": 2, "pengguna_non_dpt_l": 2, "pengguna_non_dpt_p": 0}, "psu": null, "ts": "2024-02-16 14:30:33", "status_suara": false, "status_adm": true}