{"chart": null, "images": ["https://sirekap-obj-formc.kpu.go.id/fc68/pemilu/ppwp/31/73/01/10/05/3173011005123-20240214-185024--56483ed8-7e20-4bde-bfb1-815b3c9b8d94.jpg", null, "https://sirekap-obj-formc.kpu.go.id/fc68/pemilu/ppwp/31/73/01/10/05/3173011005123-20240216-064320--e688870f-2947-4b00-a15f-fdb46c2dbd49.jpg"], "administrasi": {"suara_sah": 207, "suara_total": 210, "pemilih_dpt_j": 280, "pemilih_dpt_l": 147, "pemilih_dpt_p": 133, "pengguna_dpt_j": 280, "pengguna_dpt_l": 147, "pengguna_dpt_p": 133, "pengguna_dptb_j": 0, "pengguna_dptb_l": 0, "pengguna_dptb_p": 0, "suara_tidak_sah": 3, "pengguna_total_j": 282, "pengguna_total_l": 148, "pengguna_total_p": 134, "pengguna_non_dpt_j": 2, "pengguna_non_dpt_l": 1, "pengguna_non_dpt_p": 1}, "psu": null, "ts": "2024-02-16 08:00:28", "status_suara": false, "status_adm": true}