{"mode": "hhcw", "chart": {"null": null, "100025": 88, "100026": 115, "100027": 16}, "images": ["https://sirekap-obj-formc.kpu.go.id/b589/pemilu/ppwp/31/73/01/10/02/3173011002100-20240216-155340--4dbb8942-e5c7-4c2e-9d59-2d42e83ce0e0.jpg", "https://sirekap-obj-formc.kpu.go.id/b589/pemilu/ppwp/31/73/01/10/02/3173011002100-20240216-155342--14c95c51-2690-4290-a1b9-e53c67c79f44.jpg", "https://sirekap-obj-formc.kpu.go.id/b589/pemilu/ppwp/31/73/01/10/02/3173011002100-20240216-155341--26475f50-99ed-45cb-940d-756cf7e40315.jpg"], "administrasi": {"suara_sah": 219, "suara_total": 224, "pemilih_dpt_j": 274, "pemilih_dpt_l": 138, "pemilih_dpt_p": 136, "pengguna_dpt_j": 219, "pengguna_dpt_l": 105, "pengguna_dpt_p": 114, "pengguna_dptb_j": 0, "pengguna_dptb_l": 0, "pengguna_dptb_p": 0, "suara_tidak_sah": 5, "pengguna_total_j": 224, "pengguna_total_l": 107, "pengguna_total_p": 117, "pengguna_non_dpt_j": 5, "pengguna_non_dpt_l": 2, "pengguna_non_dpt_p": 3}, "psu": null, "ts": "2024-02-16 16:25:10", "status_suara": true, "status_adm": true}