{"chart": null, "images": ["https://sirekap-obj-formc.kpu.go.id/e54a/pemilu/ppwp/31/73/01/10/06/3173011006207-20240215-222722--3d6923c5-c29f-43ee-bfd5-672821738172.jpg", null, "https://sirekap-obj-formc.kpu.go.id/e54a/pemilu/ppwp/31/73/01/10/06/3173011006207-20240215-222723--1b37cecf-79d9-41a7-ab34-333ab56b062f.jpg"], "administrasi": {"suara_sah": 212, "suara_total": 216, "pemilih_dpt_j": 283, "pemilih_dpt_l": 142, "pemilih_dpt_p": 141, "pengguna_dpt_j": 216, "pengguna_dpt_l": 105, "pengguna_dpt_p": 111, "pengguna_dptb_j": 0, "pengguna_dptb_l": 0, "pengguna_dptb_p": 0, "suara_tidak_sah": 4, "pengguna_total_j": 216, "pengguna_total_l": 105, "pengguna_total_p": 111, "pengguna_non_dpt_j": 0, "pengguna_non_dpt_l": 0, "pengguna_non_dpt_p": 0}, "psu": null, "ts": "2024-02-15 22:30:27", "status_suara": false, "status_adm": true}