{"chart": null, "images": ["https://sirekap-obj-formc.kpu.go.id/ddd1/pemilu/ppwp/31/73/01/10/06/3173011006217-20240216-022139--f173aca5-3da6-425f-986a-3166d8cfa1f4.jpg", null, "https://sirekap-obj-formc.kpu.go.id/ddd1/pemilu/ppwp/31/73/01/10/06/3173011006217-20240216-022142--195924c0-c071-4c83-bace-a72ce0e1e1cd.jpg"], "administrasi": {"suara_sah": 121, "suara_total": 122, "pemilih_dpt_j": 122, "pemilih_dpt_l": 53, "pemilih_dpt_p": 69, "pengguna_dpt_j": 121, "pengguna_dpt_l": 52, "pengguna_dpt_p": 69, "pengguna_dptb_j": 1, "pengguna_dptb_l": 1, "pengguna_dptb_p": 0, "suara_tidak_sah": 1, "pengguna_total_j": 122, "pengguna_total_l": 53, "pengguna_total_p": 69, "pengguna_non_dpt_j": 0, "pengguna_non_dpt_l": 0, "pengguna_non_dpt_p": 0}, "psu": null, "ts": "2024-02-16 02:30:27", "status_suara": false, "status_adm": true}