{"chart": null, "images": ["https://sirekap-obj-formc.kpu.go.id/567b/pemilu/ppwp/31/73/01/10/06/3173011006267-20240216-041335--8bac74a1-88ee-4e08-a126-8f2f124f0a35.jpg", null, "https://sirekap-obj-formc.kpu.go.id/567b/pemilu/ppwp/31/73/01/10/06/3173011006267-20240216-041340--4e6e9b0f-8e6e-4378-91f1-26914d5663c1.jpg"], "administrasi": {"suara_sah": 214, "suara_total": 223, "pemilih_dpt_j": 285, "pemilih_dpt_l": 149, "pemilih_dpt_p": 136, "pengguna_dpt_j": 217, "pengguna_dpt_l": 103, "pengguna_dpt_p": 114, "pengguna_dptb_j": 5, "pengguna_dptb_l": 1, "pengguna_dptb_p": 4, "suara_tidak_sah": 9, "pengguna_total_j": 223, "pengguna_total_l": 105, "pengguna_total_p": 118, "pengguna_non_dpt_j": 1, "pengguna_non_dpt_l": 1, "pengguna_non_dpt_p": 0}, "psu": null, "ts": "2024-02-16 04:30:27", "status_suara": false, "status_adm": true}