{"chart": null, "images": ["https://sirekap-obj-formc.kpu.go.id/d9a3/pemilu/ppwp/31/73/01/10/06/3173011006206-20240215-205807--1c60040f-d9e9-423b-9f54-eabe06c0d303.jpg", null, "https://sirekap-obj-formc.kpu.go.id/d9a3/pemilu/ppwp/31/73/01/10/06/3173011006206-20240215-205808--497d4d4a-4cb2-4c2b-aa7e-21e16cc8d277.jpg"], "administrasi": {"suara_sah": 213, "suara_total": 218, "pemilih_dpt_j": 276, "pemilih_dpt_l": 140, "pemilih_dpt_p": 136, "pengguna_dpt_j": 218, "pengguna_dpt_l": 113, "pengguna_dpt_p": 105, "pengguna_dptb_j": 1, "pengguna_dptb_l": 1, "pengguna_dptb_p": 0, "suara_tidak_sah": 5, "pengguna_total_j": 224, "pengguna_total_l": 117, "pengguna_total_p": 107, "pengguna_non_dpt_j": 5, "pengguna_non_dpt_l": 3, "pengguna_non_dpt_p": 2}, "psu": null, "ts": "2024-02-15 21:01:18", "status_suara": false, "status_adm": true}