{"chart": null, "images": ["https://sirekap-obj-formc.kpu.go.id/35ae/pemilu/ppwp/31/73/01/10/05/3173011005070-20240214-192522--f2fd9d5a-e92c-4382-8ac7-05044b309555.jpg", "https://sirekap-obj-formc.kpu.go.id/35ae/pemilu/ppwp/31/73/01/10/05/3173011005070-20240214-235951--8c27a38e-5215-4998-aaa9-73d9fed0f968.jpg", "https://sirekap-obj-formc.kpu.go.id/35ae/pemilu/ppwp/31/73/01/10/05/3173011005070-20240215-000233--aaa71f92-c6ae-4f86-9807-17cfc230733c.jpg"], "administrasi": null, "psu": null, "ts": "2024-02-15 07:00:44", "status_suara": false, "status_adm": false}