{"chart": null, "images": ["https://sirekap-obj-formc.kpu.go.id/91ab/pemilu/ppwp/31/73/01/10/06/3173011006216-20240216-001659--b4ee8f6c-7fcb-4add-8fff-d0de7581ca51.jpg", null, "https://sirekap-obj-formc.kpu.go.id/91ab/pemilu/ppwp/31/73/01/10/06/3173011006216-20240216-001700--a0ce6680-5617-491f-b55e-43bd33d69093.jpg"], "administrasi": {"suara_sah": 216, "suara_total": 219, "pemilih_dpt_j": 297, "pemilih_dpt_l": 157, "pemilih_dpt_p": 140, "pengguna_dpt_j": 219, "pengguna_dpt_l": 115, "pengguna_dpt_p": 104, "pengguna_dptb_j": 0, "pengguna_dptb_l": 0, "pengguna_dptb_p": 0, "suara_tidak_sah": 3, "pengguna_total_j": 219, "pengguna_total_l": 115, "pengguna_total_p": 104, "pengguna_non_dpt_j": 0, "pengguna_non_dpt_l": 0, "pengguna_non_dpt_p": 0}, "psu": null, "ts": "2024-02-16 00:30:27", "status_suara": false, "status_adm": true}