{"chart": null, "images": ["https://sirekap-obj-formc.kpu.go.id/e2f0/pemilu/ppwp/31/73/01/10/05/3173011005058-20240214-213759--362e826b-245d-4e1c-bba5-aa884cf1d5fa.jpg", "https://sirekap-obj-formc.kpu.go.id/e2f0/pemilu/ppwp/31/73/01/10/05/3173011005058-20240214-213928--c072b814-ee75-44bd-8b35-e747d662dc01.jpg", "https://sirekap-obj-formc.kpu.go.id/e2f0/pemilu/ppwp/31/73/01/10/05/3173011005058-20240214-214023--8f398bf8-1e17-4988-b504-e6ef44337b9f.jpg"], "administrasi": null, "psu": null, "ts": "2024-02-15 21:30:27", "status_suara": false, "status_adm": false}