{"chart": null, "images": ["https://sirekap-obj-formc.kpu.go.id/a840/pemilu/ppwp/31/73/01/10/05/3173011005069-20240214-235042--1e8d388e-8267-444c-8270-8a4c7a548bbd.jpg", "https://sirekap-obj-formc.kpu.go.id/a840/pemilu/ppwp/31/73/01/10/05/3173011005069-20240215-004537--7d2b1926-ed4a-46b8-9826-75d65cce2f54.jpg", "https://sirekap-obj-formc.kpu.go.id/a840/pemilu/ppwp/31/73/01/10/05/3173011005069-20240215-004619--c24b7940-fcbb-4224-a840-4fcfcb60de83.jpg"], "administrasi": null, "psu": null, "ts": "2024-02-15 09:00:24", "status_suara": false, "status_adm": false}