{"mode": "hhcw", "chart": {"null": null, "100025": 73, "100026": 103, "100027": 31}, "images": ["https://sirekap-obj-formc.kpu.go.id/00aa/pemilu/ppwp/31/73/01/10/02/3173011002053-20240215-053033--c532f393-b608-422b-babc-24499233173b.jpg", "https://sirekap-obj-formc.kpu.go.id/00aa/pemilu/ppwp/31/73/01/10/02/3173011002053-20240216-143449--4e5b82fb-2960-4860-93d1-f705dd5ff6fb.jpg", "https://sirekap-obj-formc.kpu.go.id/00aa/pemilu/ppwp/31/73/01/10/02/3173011002053-20240216-143448--e568a868-fb23-4dab-9f38-242068204c9b.jpg"], "administrasi": {"suara_sah": 207, "suara_total": 214, "pemilih_dpt_j": 267, "pemilih_dpt_l": 132, "pemilih_dpt_p": 135, "pengguna_dpt_j": 199, "pengguna_dpt_l": 92, "pengguna_dpt_p": 107, "pengguna_dptb_j": 1, "pengguna_dptb_l": 1, "pengguna_dptb_p": 0, "suara_tidak_sah": 7, "pengguna_total_j": 214, "pengguna_total_l": 101, "pengguna_total_p": 113, "pengguna_non_dpt_j": 14, "pengguna_non_dpt_l": 8, "pengguna_non_dpt_p": 6}, "psu": null, "ts": "2024-02-16 16:25:10", "status_suara": true, "status_adm": true}