{"chart": {"null": null, "100025": 103, "100026": 89, "100027": 21}, "images": ["https://sirekap-obj-formc.kpu.go.id/5e84/pemilu/ppwp/31/73/01/10/02/3173011002084-20240214-155025--b529eb45-a178-4076-82e5-9058516fed67.jpg", "https://sirekap-obj-formc.kpu.go.id/5e84/pemilu/ppwp/31/73/01/10/02/3173011002084-20240214-155117--ce909c8e-070e-4e86-9da1-bf7546989ed7.jpg", "https://sirekap-obj-formc.kpu.go.id/5e84/pemilu/ppwp/31/73/01/10/02/3173011002084-20240214-155204--ce208a16-8ceb-49e9-861d-147b5d1ac8a5.jpg"], "administrasi": {"suara_sah": 213, "suara_total": 215, "pemilih_dpt_j": 274, "pemilih_dpt_l": 132, "pemilih_dpt_p": 142, "pengguna_dpt_j": 213, "pengguna_dpt_l": 102, "pengguna_dpt_p": 111, "pengguna_dptb_j": 2, "pengguna_dptb_l": 1, "pengguna_dptb_p": 1, "suara_tidak_sah": 2, "pengguna_total_j": 215, "pengguna_total_l": 103, "pengguna_total_p": 112, "pengguna_non_dpt_j": 0, "pengguna_non_dpt_l": 0, "pengguna_non_dpt_p": 0}, "psu": null, "ts": "2024-02-14 21:46:01", "status_suara": true, "status_adm": true}