{"chart": {"null": null, "100025": 114, "100026": 54, "100027": 20}, "images": ["https://sirekap-obj-formc.kpu.go.id/23f2/pemilu/ppwp/31/73/01/10/02/3173011002088-20240214-191231--54c7201a-c448-495c-9411-85fa39d95fb1.jpg", "https://sirekap-obj-formc.kpu.go.id/23f2/pemilu/ppwp/31/73/01/10/02/3173011002088-20240214-185218--78f44813-350c-4502-9ce0-caf9887f80d8.jpg", "https://sirekap-obj-formc.kpu.go.id/23f2/pemilu/ppwp/31/73/01/10/02/3173011002088-20240214-185716--aebb079e-09be-4b3e-8256-3d6e2a899e22.jpg"], "administrasi": {"suara_sah": 188, "suara_total": 189, "pemilih_dpt_j": 240, "pemilih_dpt_l": 111, "pemilih_dpt_p": 129, "pengguna_dpt_j": 189, "pengguna_dpt_l": 87, "pengguna_dpt_p": 102, "pengguna_dptb_j": 0, "pengguna_dptb_l": 0, "pengguna_dptb_p": 0, "suara_tidak_sah": 1, "pengguna_total_j": 189, "pengguna_total_l": 87, "pengguna_total_p": 102, "pengguna_non_dpt_j": 0, "pengguna_non_dpt_l": 0, "pengguna_non_dpt_p": 0}, "psu": null, "ts": "2024-02-14 21:46:01", "status_suara": true, "status_adm": true}