{"chart": null, "images": ["https://sirekap-obj-formc.kpu.go.id/b9f0/pemilu/ppwp/31/73/01/10/05/3173011005039-20240214-230404--be07b29b-978b-4cbb-accf-3e2da16e86e0.jpg", "https://sirekap-obj-formc.kpu.go.id/b9f0/pemilu/ppwp/31/73/01/10/05/3173011005039-20240214-230802--cd4fe297-0adf-44cd-8ce4-e8ad70cd4cc0.jpg", "https://sirekap-obj-formc.kpu.go.id/b9f0/pemilu/ppwp/31/73/01/10/05/3173011005039-20240214-230922--1ea6586c-e106-4d7e-aeb3-04e54d2d6f18.jpg"], "administrasi": {"suara_sah": 219, "suara_total": 220, "pemilih_dpt_j": 294, "pemilih_dpt_l": 155, "pemilih_dpt_p": 139, "pengguna_dpt_j": 220, "pengguna_dpt_l": 114, "pengguna_dpt_p": 106, "pengguna_dptb_j": 0, "pengguna_dptb_l": 0, "pengguna_dptb_p": 0, "suara_tidak_sah": 1, "pengguna_total_j": 220, "pengguna_total_l": 114, "pengguna_total_p": 106, "pengguna_non_dpt_j": 0, "pengguna_non_dpt_l": 0, "pengguna_non_dpt_p": 0}, "psu": null, "ts": "2024-02-15 12:00:28", "status_suara": false, "status_adm": true}