{"chart": {"null": null, "100025": 77, "100026": 130, "100027": 22}, "images": ["https://sirekap-obj-formc.kpu.go.id/f488/pemilu/ppwp/31/73/01/10/05/3173011005049-20240214-160115--81e4d040-ca63-4804-9dd1-333b87fe1b6a.jpg", "https://sirekap-obj-formc.kpu.go.id/f488/pemilu/ppwp/31/73/01/10/05/3173011005049-20240216-003605--d45a05d4-10f3-4d4f-8c6f-5212f67216bc.jpg", "https://sirekap-obj-formc.kpu.go.id/f488/pemilu/ppwp/31/73/01/10/05/3173011005049-20240216-003601--f05e6592-30b5-4ca8-add9-e6100bb54491.jpg"], "administrasi": {"suara_sah": 229, "suara_total": 230, "pemilih_dpt_j": 283, "pemilih_dpt_l": 139, "pemilih_dpt_p": 144, "pengguna_dpt_j": 230, "pengguna_dpt_l": 118, "pengguna_dpt_p": 112, "pengguna_dptb_j": 0, "pengguna_dptb_l": 0, "pengguna_dptb_p": 0, "suara_tidak_sah": 1, "pengguna_total_j": 230, "pengguna_total_l": 118, "pengguna_total_p": 112, "pengguna_non_dpt_j": 0, "pengguna_non_dpt_l": 0, "pengguna_non_dpt_p": 0}, "psu": null, "ts": "2024-02-16 02:30:27", "status_suara": true, "status_adm": true}