{"chart": null, "images": ["https://sirekap-obj-formc.kpu.go.id/16f7/pemilu/ppwp/31/73/01/10/06/3173011006257-20240216-010018--26b1876c-45d6-4493-b98c-7e3b6b391c01.jpg", null, "https://sirekap-obj-formc.kpu.go.id/16f7/pemilu/ppwp/31/73/01/10/06/3173011006257-20240216-010020--c075d8a1-c7f0-4128-b328-e6d12e3f19ef.jpg"], "administrasi": {"suara_sah": 217, "suara_total": 219, "pemilih_dpt_j": 281, "pemilih_dpt_l": 143, "pemilih_dpt_p": 138, "pengguna_dpt_j": 214, "pengguna_dpt_l": 102, "pengguna_dpt_p": 112, "pengguna_dptb_j": 4, "pengguna_dptb_l": 2, "pengguna_dptb_p": 2, "suara_tidak_sah": 2, "pengguna_total_j": 219, "pengguna_total_l": 105, "pengguna_total_p": 114, "pengguna_non_dpt_j": 1, "pengguna_non_dpt_l": 1, "pengguna_non_dpt_p": 0}, "psu": null, "ts": "2024-02-16 01:30:27", "status_suara": false, "status_adm": true}