{"mode": "hhcw", "chart": {"null": null, "100025": 127, "100026": 71, "100027": 25}, "images": ["https://sirekap-obj-formc.kpu.go.id/f574/pemilu/ppwp/31/73/01/10/02/3173011002061-20240216-144823--9aeab9b4-9a53-4c13-b082-238f2c322af9.jpg", "https://sirekap-obj-formc.kpu.go.id/f574/pemilu/ppwp/31/73/01/10/02/3173011002061-20240216-144825--36688dbc-2740-4f5d-84d1-709658e2abd7.jpg", "https://sirekap-obj-formc.kpu.go.id/f574/pemilu/ppwp/31/73/01/10/02/3173011002061-20240216-144824--897adeca-d07f-43bd-a97d-ddca5b966c4d.jpg"], "administrasi": {"suara_sah": 223, "suara_total": 226, "pemilih_dpt_j": 270, "pemilih_dpt_l": 135, "pemilih_dpt_p": 135, "pengguna_dpt_j": 221, "pengguna_dpt_l": 111, "pengguna_dpt_p": 110, "pengguna_dptb_j": 0, "pengguna_dptb_l": 0, "pengguna_dptb_p": 0, "suara_tidak_sah": 3, "pengguna_total_j": 226, "pengguna_total_l": 113, "pengguna_total_p": 113, "pengguna_non_dpt_j": 5, "pengguna_non_dpt_l": 2, "pengguna_non_dpt_p": 3}, "psu": null, "ts": "2024-02-16 16:25:10", "status_suara": true, "status_adm": true}