{"mode": "hhcw", "chart": {"null": null, "100025": 136, "100026": 68, "100027": 19}, "images": ["https://sirekap-obj-formc.kpu.go.id/863f/pemilu/ppwp/31/73/01/10/02/3173011002076-20240215-154448--8845740d-f7b8-427d-97d9-65f486b05406.jpg", "https://sirekap-obj-formc.kpu.go.id/863f/pemilu/ppwp/31/73/01/10/02/3173011002076-20240216-142708--aeb3a2b4-dac7-4ad4-a443-4b97bac9746f.jpg", "https://sirekap-obj-formc.kpu.go.id/863f/pemilu/ppwp/31/73/01/10/02/3173011002076-20240215-154616--204a9911-2967-4c25-9c3c-af710250c45c.jpg"], "administrasi": {"suara_sah": 223, "suara_total": 223, "pemilih_dpt_j": 275, "pemilih_dpt_l": 141, "pemilih_dpt_p": 134, "pengguna_dpt_j": 214, "pengguna_dpt_l": 104, "pengguna_dpt_p": 110, "pengguna_dptb_j": 4, "pengguna_dptb_l": 3, "pengguna_dptb_p": 1, "suara_tidak_sah": 0, "pengguna_total_j": 223, "pengguna_total_l": 108, "pengguna_total_p": 115, "pengguna_non_dpt_j": 5, "pengguna_non_dpt_l": 1, "pengguna_non_dpt_p": 4}, "psu": null, "ts": "2024-02-16 16:25:10", "status_suara": true, "status_adm": true}