{"chart": {"null": null, "100025": 39, "100026": 117, "100027": 44}, "images": ["https://sirekap-obj-formc.kpu.go.id/579d/pemilu/ppwp/31/73/01/10/05/3173011005061-20240214-225540--f8aa8ddf-a860-46a1-b396-d4f5c75695bf.jpg", "https://sirekap-obj-formc.kpu.go.id/579d/pemilu/ppwp/31/73/01/10/05/3173011005061-20240214-225107--1eebadb2-06a9-43c9-a6f5-025b0840db11.jpg", "https://sirekap-obj-formc.kpu.go.id/579d/pemilu/ppwp/31/73/01/10/05/3173011005061-20240214-224948--02104fe9-4c7a-4f16-a9f3-446ca4c7caec.jpg"], "administrasi": null, "psu": null, "ts": "2024-02-15 21:30:27", "status_suara": true, "status_adm": false}