{"chart": null, "images": ["https://sirekap-obj-formc.kpu.go.id/17f6/pemilu/ppwp/31/73/01/10/02/3173011002176-20240214-184547--ecddebbf-1529-4654-99eb-cff83ddc0e78.jpg", "https://sirekap-obj-formc.kpu.go.id/17f6/pemilu/ppwp/31/73/01/10/02/3173011002176-20240215-000317--2685da91-ec8e-4abc-bbdd-e6ecba483dad.jpg", "https://sirekap-obj-formc.kpu.go.id/17f6/pemilu/ppwp/31/73/01/10/02/3173011002176-20240214-220129--7da12d96-0125-4717-b589-844d6efa12f2.jpg"], "administrasi": null, "psu": null, "ts": "2024-02-15 00:41:44", "status_suara": false, "status_adm": false}