{"chart": null, "images": ["https://sirekap-obj-formc.kpu.go.id/28a3/pemilu/ppwp/31/73/01/10/06/3173011006172-20240216-091902--66ae72e5-a402-4d72-80aa-321eeefeeb98.jpg", null, "https://sirekap-obj-formc.kpu.go.id/28a3/pemilu/ppwp/31/73/01/10/06/3173011006172-20240216-091905--1d83097d-cfb7-4f5e-bdda-1274255952c9.jpg"], "administrasi": {"suara_sah": 210, "suara_total": 215, "pemilih_dpt_j": 286, "pemilih_dpt_l": 136, "pemilih_dpt_p": 150, "pengguna_dpt_j": 215, "pengguna_dpt_l": 98, "pengguna_dpt_p": 117, "pengguna_dptb_j": 0, "pengguna_dptb_l": 0, "pengguna_dptb_p": 0, "suara_tidak_sah": 5, "pengguna_total_j": 215, "pengguna_total_l": 98, "pengguna_total_p": 117, "pengguna_non_dpt_j": 0, "pengguna_non_dpt_l": 0, "pengguna_non_dpt_p": 0}, "psu": null, "ts": "2024-02-16 09:30:28", "status_suara": false, "status_adm": true}