{"chart": {"null": null, "100025": 64, "100026": 98, "100027": 28}, "images": ["https://sirekap-obj-formc.kpu.go.id/7953/pemilu/ppwp/31/73/01/10/05/3173011005042-20240214-194729--06101f81-9092-4ddd-977a-00ffecd2c5d4.jpg", "https://sirekap-obj-formc.kpu.go.id/7953/pemilu/ppwp/31/73/01/10/05/3173011005042-20240214-212407--5393f1c4-db3c-4e94-b353-5576d66b1a4d.jpg", "https://sirekap-obj-formc.kpu.go.id/7953/pemilu/ppwp/31/73/01/10/05/3173011005042-20240214-212314--a8985a7c-5dfb-4baa-85ce-7e755999d085.jpg"], "administrasi": {"suara_sah": 190, "suara_total": 192, "pemilih_dpt_j": 299, "pemilih_dpt_l": 148, "pemilih_dpt_p": 151, "pengguna_dpt_j": 188, "pengguna_dpt_l": 93, "pengguna_dpt_p": 95, "pengguna_dptb_j": 0, "pengguna_dptb_l": 0, "pengguna_dptb_p": 0, "suara_tidak_sah": 2, "pengguna_total_j": 192, "pengguna_total_l": 94, "pengguna_total_p": 98, "pengguna_non_dpt_j": 4, "pengguna_non_dpt_l": 1, "pengguna_non_dpt_p": 3}, "psu": null, "ts": "2024-02-15 00:41:44", "status_suara": true, "status_adm": true}