{"mode": "hhcw", "chart": {"null": null, "100025": 11, "100026": 82, "100027": 82}, "images": ["https://sirekap-obj-formc.kpu.go.id/4fe5/pemilu/ppwp/31/73/01/10/02/3173011002276-20240216-031239--a52c1808-c705-4523-88d2-c90513c4bd07.jpg", "https://sirekap-obj-formc.kpu.go.id/4fe5/pemilu/ppwp/31/73/01/10/02/3173011002276-20240216-031241--7323444a-e9ce-4da4-b709-411802aeaa61.jpg", "https://sirekap-obj-formc.kpu.go.id/4fe5/pemilu/ppwp/31/73/01/10/02/3173011002276-20240216-031240--8d33707d-c72b-4daf-a63f-0d88e0d29179.jpg"], "administrasi": {"suara_sah": 175, "suara_total": 179, "pemilih_dpt_j": 224, "pemilih_dpt_l": 109, "pemilih_dpt_p": 115, "pengguna_dpt_j": 166, "pengguna_dpt_l": 79, "pengguna_dpt_p": 87, "pengguna_dptb_j": 2, "pengguna_dptb_l": 0, "pengguna_dptb_p": 2, "suara_tidak_sah": 4, "pengguna_total_j": 175, "pengguna_total_l": 81, "pengguna_total_p": 94, "pengguna_non_dpt_j": 7, "pengguna_non_dpt_l": 2, "pengguna_non_dpt_p": 5}, "psu": null, "ts": "2024-02-16 16:25:10", "status_suara": true, "status_adm": true}