{"chart": {"null": null, "100025": 29, "100026": 120, "100027": 53}, "images": ["https://sirekap-obj-formc.kpu.go.id/b4e9/pemilu/ppwp/31/73/01/10/06/3173011006263-20240215-160744--44d7641f-c04b-4c42-b6a6-88d47785b9c5.jpg", "https://sirekap-obj-formc.kpu.go.id/b4e9/pemilu/ppwp/31/73/01/10/06/3173011006263-20240215-160805--a3cf152d-72f0-4555-a928-ca3a4b6c0b5b.jpg", "https://sirekap-obj-formc.kpu.go.id/b4e9/pemilu/ppwp/31/73/01/10/06/3173011006263-20240215-160754--ffcf6931-d028-4482-94eb-7aef4bfa0104.jpg"], "administrasi": {"suara_sah": 202, "suara_total": 202, "pemilih_dpt_j": 270, "pemilih_dpt_l": 134, "pemilih_dpt_p": 136, "pengguna_dpt_j": 201, "pengguna_dpt_l": 89, "pengguna_dpt_p": 112, "pengguna_dptb_j": 0, "pengguna_dptb_l": 0, "pengguna_dptb_p": 0, "suara_tidak_sah": 0, "pengguna_total_j": 202, "pengguna_total_l": 90, "pengguna_total_p": 112, "pengguna_non_dpt_j": 1, "pengguna_non_dpt_l": 1, "pengguna_non_dpt_p": 0}, "psu": null, "ts": "2024-02-15 17:00:25", "status_suara": true, "status_adm": true}