{"chart": {"null": null, "100025": 52, "100026": 118, "100027": 22}, "images": ["https://sirekap-obj-formc.kpu.go.id/5354/pemilu/ppwp/31/73/01/10/05/3173011005038-20240214-160102--1c33bcca-e189-407c-932c-9a45c74b3ad0.jpg", "https://sirekap-obj-formc.kpu.go.id/5354/pemilu/ppwp/31/73/01/10/05/3173011005038-20240214-160101--e10bb180-b1c8-4c42-806b-df1145c98a3b.jpg", "https://sirekap-obj-formc.kpu.go.id/5354/pemilu/ppwp/31/73/01/10/05/3173011005038-20240214-175312--ba9716c2-09f8-43cf-a1e1-140b5866b682.jpg"], "administrasi": {"suara_sah": 192, "suara_total": 196, "pemilih_dpt_j": 276, "pemilih_dpt_l": 134, "pemilih_dpt_p": 142, "pengguna_dpt_j": 195, "pengguna_dpt_l": 95, "pengguna_dpt_p": 100, "pengguna_dptb_j": 0, "pengguna_dptb_l": 0, "pengguna_dptb_p": 0, "suara_tidak_sah": 4, "pengguna_total_j": 196, "pengguna_total_l": 96, "pengguna_total_p": 100, "pengguna_non_dpt_j": 1, "pengguna_non_dpt_l": 1, "pengguna_non_dpt_p": 0}, "psu": null, "ts": "2024-02-15 00:41:44", "status_suara": true, "status_adm": true}