{"chart": null, "images": ["https://sirekap-obj-formc.kpu.go.id/7203/pemilu/ppwp/31/73/01/10/06/3173011006262-20240216-020301--7d11596f-ae8a-4acb-bf3a-ce3b0d4743c8.jpg", null, "https://sirekap-obj-formc.kpu.go.id/7203/pemilu/ppwp/31/73/01/10/06/3173011006262-20240216-020301--8e261894-2cae-4ae7-bc79-33d80d6cadec.jpg"], "administrasi": {"suara_sah": 187, "suara_total": 190, "pemilih_dpt_j": 279, "pemilih_dpt_l": 135, "pemilih_dpt_p": 144, "pengguna_dpt_j": 190, "pengguna_dpt_l": 91, "pengguna_dpt_p": 99, "pengguna_dptb_j": 0, "pengguna_dptb_l": 0, "pengguna_dptb_p": 0, "suara_tidak_sah": 3, "pengguna_total_j": 190, "pengguna_total_l": 91, "pengguna_total_p": 99, "pengguna_non_dpt_j": 0, "pengguna_non_dpt_l": 0, "pengguna_non_dpt_p": 0}, "psu": null, "ts": "2024-02-16 02:30:27", "status_suara": false, "status_adm": true}