{"chart": {"null": null, "100025": 103, "100026": 93, "100027": 30}, "images": ["https://sirekap-obj-formc.kpu.go.id/7a25/pemilu/ppwp/31/73/01/10/02/3173011002050-20240215-160106--db5b8330-9508-4ee3-a6b1-11b5c50a25ac.jpg", "https://sirekap-obj-formc.kpu.go.id/7a25/pemilu/ppwp/31/73/01/10/02/3173011002050-20240215-133833--f424b016-8325-43a7-b715-31c4033659ba.jpg", "https://sirekap-obj-formc.kpu.go.id/7a25/pemilu/ppwp/31/73/01/10/02/3173011002050-20240215-134037--61aa1885-cfa8-4d34-aeae-5f1284efa160.jpg"], "administrasi": {"suara_sah": 226, "suara_total": 231, "pemilih_dpt_j": 273, "pemilih_dpt_l": 126, "pemilih_dpt_p": 147, "pengguna_dpt_j": 202, "pengguna_dpt_l": 98, "pengguna_dpt_p": 104, "pengguna_dptb_j": 17, "pengguna_dptb_l": 7, "pengguna_dptb_p": 10, "suara_tidak_sah": 5, "pengguna_total_j": 231, "pengguna_total_l": 109, "pengguna_total_p": 122, "pengguna_non_dpt_j": 12, "pengguna_non_dpt_l": 4, "pengguna_non_dpt_p": 8}, "psu": null, "ts": "2024-02-15 20:30:46", "status_suara": true, "status_adm": true}