{"mode": "hhcw", "chart": {"null": null, "100025": 91, "100026": 92, "100027": 29}, "images": ["https://sirekap-obj-formc.kpu.go.id/63d3/pemilu/ppwp/31/73/01/10/02/3173011002158-20240216-141126--26fb7a43-78ef-46ef-a8b4-fa26fd3501cc.jpg", "https://sirekap-obj-formc.kpu.go.id/63d3/pemilu/ppwp/31/73/01/10/02/3173011002158-20240216-141127--3445cdd9-a4df-45e2-a7f7-6d4278aea612.jpg", "https://sirekap-obj-formc.kpu.go.id/63d3/pemilu/ppwp/31/73/01/10/02/3173011002158-20240216-141127--1e4c752a-9a5d-4ddc-a466-e8b9a9955307.jpg"], "administrasi": {"suara_sah": 212, "suara_total": 217, "pemilih_dpt_j": 269, "pemilih_dpt_l": 135, "pemilih_dpt_p": 134, "pengguna_dpt_j": 213, "pengguna_dpt_l": 107, "pengguna_dpt_p": 106, "pengguna_dptb_j": 0, "pengguna_dptb_l": 0, "pengguna_dptb_p": 0, "suara_tidak_sah": 5, "pengguna_total_j": 217, "pengguna_total_l": 109, "pengguna_total_p": 108, "pengguna_non_dpt_j": 4, "pengguna_non_dpt_l": 2, "pengguna_non_dpt_p": 2}, "psu": null, "ts": "2024-02-16 16:25:10", "status_suara": true, "status_adm": true}