{"chart": {"null": null, "100025": 123, "100026": 79, "100027": 25}, "images": ["https://sirekap-obj-formc.kpu.go.id/9a61/pemilu/ppwp/31/73/01/10/02/3173011002070-20240214-221916--858c2a57-946f-4b08-80c2-32f6cc649c14.jpg", "https://sirekap-obj-formc.kpu.go.id/9a61/pemilu/ppwp/31/73/01/10/02/3173011002070-20240214-222300--f65494b3-9900-4c5c-9bed-cca36096f193.jpg", "https://sirekap-obj-formc.kpu.go.id/9a61/pemilu/ppwp/31/73/01/10/02/3173011002070-20240214-222519--ccd96d3b-b801-4cc9-9d8e-f8853b9d275b.jpg"], "administrasi": {"suara_sah": 227, "suara_total": 233, "pemilih_dpt_j": 273, "pemilih_dpt_l": 131, "pemilih_dpt_p": 142, "pengguna_dpt_j": 232, "pengguna_dpt_l": 109, "pengguna_dpt_p": 123, "pengguna_dptb_j": 1, "pengguna_dptb_l": 1, "pengguna_dptb_p": 0, "suara_tidak_sah": 6, "pengguna_total_j": 233, "pengguna_total_l": 110, "pengguna_total_p": 123, "pengguna_non_dpt_j": 0, "pengguna_non_dpt_l": 0, "pengguna_non_dpt_p": 0}, "psu": null, "ts": "2024-02-15 16:30:25", "status_suara": true, "status_adm": true}