{"chart": {"null": null, "100025": 74, "100026": 101, "100027": 22}, "images": ["https://sirekap-obj-formc.kpu.go.id/abd2/pemilu/ppwp/31/73/01/10/05/3173011005065-20240214-185652--0ba9a3c2-0cb5-42f3-9f2d-cdc6386dd049.jpg", "https://sirekap-obj-formc.kpu.go.id/abd2/pemilu/ppwp/31/73/01/10/05/3173011005065-20240214-191544--36d7e883-e4ae-4625-a188-ba32ba9a5693.jpg", "https://sirekap-obj-formc.kpu.go.id/abd2/pemilu/ppwp/31/73/01/10/05/3173011005065-20240214-192513--875adc90-08e8-41a8-a034-3b588be80c8c.jpg"], "administrasi": {"suara_sah": 197, "suara_total": 205, "pemilih_dpt_j": 205, "pemilih_dpt_l": 104, "pemilih_dpt_p": 101, "pengguna_dpt_j": 205, "pengguna_dpt_l": 104, "pengguna_dpt_p": 101, "pengguna_dptb_j": 0, "pengguna_dptb_l": 0, "pengguna_dptb_p": 0, "suara_tidak_sah": 8, "pengguna_total_j": 205, "pengguna_total_l": 104, "pengguna_total_p": 101, "pengguna_non_dpt_j": 0, "pengguna_non_dpt_l": 0, "pengguna_non_dpt_p": 0}, "psu": null, "ts": "2024-02-14 21:46:01", "status_suara": true, "status_adm": true}