{"chart": {"null": null, "100025": 122, "100026": 69, "100027": 30}, "images": ["https://sirekap-obj-formc.kpu.go.id/a22f/pemilu/ppwp/31/73/01/10/02/3173011002155-20240214-210937--4abd20e4-bad1-4dea-85f9-1851b2cc32e5.jpg", "https://sirekap-obj-formc.kpu.go.id/a22f/pemilu/ppwp/31/73/01/10/02/3173011002155-20240214-210958--ed6ac9f2-4741-4b07-b1e4-a60ba3dbf603.jpg", "https://sirekap-obj-formc.kpu.go.id/a22f/pemilu/ppwp/31/73/01/10/02/3173011002155-20240214-211019--d1f0f697-75e0-4b65-b89b-eda6ee01880a.jpg"], "administrasi": {"suara_sah": 222, "suara_total": 224, "pemilih_dpt_j": 268, "pemilih_dpt_l": 133, "pemilih_dpt_p": 135, "pengguna_dpt_j": 268, "pengguna_dpt_l": 133, "pengguna_dpt_p": 135, "pengguna_dptb_j": 14, "pengguna_dptb_l": 3, "pengguna_dptb_p": 11, "suara_tidak_sah": 2, "pengguna_total_j": 222, "pengguna_total_l": 100, "pengguna_total_p": 122, "pengguna_non_dpt_j": 0, "pengguna_non_dpt_l": 0, "pengguna_non_dpt_p": 0}, "psu": null, "ts": "2024-02-15 04:00:24", "status_suara": true, "status_adm": true}