{"chart": null, "images": ["https://sirekap-obj-formc.kpu.go.id/c89b/pemilu/ppwp/31/73/01/10/05/3173011005120-20240216-092345--2863cbad-0d5d-4cd4-88d1-66b599fc712d.jpg", null, "https://sirekap-obj-formc.kpu.go.id/c89b/pemilu/ppwp/31/73/01/10/05/3173011005120-20240216-092354--907c9556-98f3-4739-a09a-cc3d2c494c0e.jpg"], "administrasi": {"suara_sah": 237, "suara_total": 241, "pemilih_dpt_j": 285, "pemilih_dpt_l": 153, "pemilih_dpt_p": 132, "pengguna_dpt_j": 241, "pengguna_dpt_l": 125, "pengguna_dpt_p": 116, "pengguna_dptb_j": 0, "pengguna_dptb_l": 0, "pengguna_dptb_p": 0, "suara_tidak_sah": 4, "pengguna_total_j": 241, "pengguna_total_l": 125, "pengguna_total_p": 116, "pengguna_non_dpt_j": 0, "pengguna_non_dpt_l": 0, "pengguna_non_dpt_p": 0}, "psu": null, "ts": "2024-02-16 10:30:29", "status_suara": false, "status_adm": true}