{"chart": {"null": null, "100025": 49, "100026": 117, "100027": 42}, "images": ["https://sirekap-obj-formc.kpu.go.id/03c9/pemilu/ppwp/31/73/01/10/05/3173011005092-20240214-205907--24737095-830b-4ceb-8246-65f110ae6911.jpg", "https://sirekap-obj-formc.kpu.go.id/03c9/pemilu/ppwp/31/73/01/10/05/3173011005092-20240214-210003--6c33c812-76d2-4072-bf8d-9ea3e68effa9.jpg", "https://sirekap-obj-formc.kpu.go.id/03c9/pemilu/ppwp/31/73/01/10/05/3173011005092-20240214-210057--0bec2606-4212-4c03-9a98-0c83baec108b.jpg"], "administrasi": {"suara_sah": 204, "suara_total": 207, "pemilih_dpt_j": 265, "pemilih_dpt_l": 132, "pemilih_dpt_p": 133, "pengguna_dpt_j": 207, "pengguna_dpt_l": 99, "pengguna_dpt_p": 108, "pengguna_dptb_j": 0, "pengguna_dptb_l": 0, "pengguna_dptb_p": 0, "suara_tidak_sah": 3, "pengguna_total_j": 207, "pengguna_total_l": 99, "pengguna_total_p": 108, "pengguna_non_dpt_j": 0, "pengguna_non_dpt_l": 0, "pengguna_non_dpt_p": 0}, "psu": null, "ts": "2024-02-15 04:00:24", "status_suara": true, "status_adm": true}