{"mode": "hhcw", "chart": {"null": null, "100025": 128, "100026": 83, "100027": 23}, "images": ["https://sirekap-obj-formc.kpu.go.id/3360/pemilu/ppwp/31/73/01/10/02/3173011002077-20240216-144619--13b049c9-879d-42b0-96ad-0935401ba7c0.jpg", "https://sirekap-obj-formc.kpu.go.id/3360/pemilu/ppwp/31/73/01/10/02/3173011002077-20240216-144620--902e9935-df74-4798-a6d9-923ef16c1590.jpg", "https://sirekap-obj-formc.kpu.go.id/3360/pemilu/ppwp/31/73/01/10/02/3173011002077-20240215-152239--583f53da-5454-4b4f-bf70-90c1916398ee.jpg"], "administrasi": {"suara_sah": 234, "suara_total": 234, "pemilih_dpt_j": 271, "pemilih_dpt_l": 133, "pemilih_dpt_p": 138, "pengguna_dpt_j": 231, "pengguna_dpt_l": 113, "pengguna_dpt_p": 118, "pengguna_dptb_j": 3, "pengguna_dptb_l": 2, "pengguna_dptb_p": 1, "suara_tidak_sah": 0, "pengguna_total_j": 234, "pengguna_total_l": 115, "pengguna_total_p": 119, "pengguna_non_dpt_j": 0, "pengguna_non_dpt_l": 0, "pengguna_non_dpt_p": 0}, "psu": null, "ts": "2024-02-16 16:25:10", "status_suara": true, "status_adm": true}