{"mode": "hhcw", "chart": {"null": null, "100025": 78, "100026": 118, "100027": 23}, "images": ["https://sirekap-obj-formc.kpu.go.id/647c/pemilu/ppwp/31/73/01/10/02/3173011002119-20240216-140700--f1203853-58b2-47ad-93fd-56fb91b7116a.jpg", "https://sirekap-obj-formc.kpu.go.id/647c/pemilu/ppwp/31/73/01/10/02/3173011002119-20240216-140702--ed17d3e2-745a-479f-80e0-bc85d62c5fb6.jpg", "https://sirekap-obj-formc.kpu.go.id/647c/pemilu/ppwp/31/73/01/10/02/3173011002119-20240216-140701--c6f5a34b-cbc0-46c4-bbe2-bdeaf4afe5be.jpg"], "administrasi": {"suara_sah": 219, "suara_total": 226, "pemilih_dpt_j": 275, "pemilih_dpt_l": 137, "pemilih_dpt_p": 138, "pengguna_dpt_j": 218, "pengguna_dpt_l": 101, "pengguna_dpt_p": 117, "pengguna_dptb_j": 5, "pengguna_dptb_l": 3, "pengguna_dptb_p": 2, "suara_tidak_sah": 7, "pengguna_total_j": 226, "pengguna_total_l": 106, "pengguna_total_p": 120, "pengguna_non_dpt_j": 3, "pengguna_non_dpt_l": 2, "pengguna_non_dpt_p": 1}, "psu": null, "ts": "2024-02-16 16:25:10", "status_suara": true, "status_adm": true}