{"mode": "hhcw", "chart": {"null": null, "100025": 63, "100026": 96, "100027": 23}, "images": ["https://sirekap-obj-formc.kpu.go.id/3180/pemilu/ppwp/31/73/01/10/02/3173011002130-20240216-134204--24a7abda-257a-4860-abf3-c63f2474c0e2.jpg", "https://sirekap-obj-formc.kpu.go.id/3180/pemilu/ppwp/31/73/01/10/02/3173011002130-20240216-134206--c85e686d-19c8-45b0-82bb-99966a434c9c.jpg", "https://sirekap-obj-formc.kpu.go.id/3180/pemilu/ppwp/31/73/01/10/02/3173011002130-20240216-134205--4f4453f6-f42a-44dc-9078-117235773f87.jpg"], "administrasi": {"suara_sah": 182, "suara_total": 183, "pemilih_dpt_j": 271, "pemilih_dpt_l": 135, "pemilih_dpt_p": 136, "pengguna_dpt_j": 178, "pengguna_dpt_l": 89, "pengguna_dpt_p": 89, "pengguna_dptb_j": 0, "pengguna_dptb_l": 0, "pengguna_dptb_p": 0, "suara_tidak_sah": 1, "pengguna_total_j": 183, "pengguna_total_l": 92, "pengguna_total_p": 91, "pengguna_non_dpt_j": 5, "pengguna_non_dpt_l": 3, "pengguna_non_dpt_p": 2}, "psu": null, "ts": "2024-02-16 16:25:10", "status_suara": true, "status_adm": true}