{"chart": {"null": null, "100025": 43, "100026": 123, "100027": 33}, "images": ["https://sirekap-obj-formc.kpu.go.id/156f/pemilu/ppwp/31/73/01/10/05/3173011005072-20240216-013659--640e202d-40f5-4893-81a2-c9c918bf7213.jpg", "https://sirekap-obj-formc.kpu.go.id/156f/pemilu/ppwp/31/73/01/10/05/3173011005072-20240216-013708--4bb0e2eb-c1ef-4016-84c2-0dff04b075aa.jpg", "https://sirekap-obj-formc.kpu.go.id/156f/pemilu/ppwp/31/73/01/10/05/3173011005072-20240216-013702--40f97d76-8be4-4766-9366-119c660a7b3a.jpg"], "administrasi": {"suara_sah": 199, "suara_total": 205, "pemilih_dpt_j": 282, "pemilih_dpt_l": 142, "pemilih_dpt_p": 140, "pengguna_dpt_j": 204, "pengguna_dpt_l": 96, "pengguna_dpt_p": 108, "pengguna_dptb_j": 0, "pengguna_dptb_l": 0, "pengguna_dptb_p": 0, "suara_tidak_sah": 6, "pengguna_total_j": 205, "pengguna_total_l": 97, "pengguna_total_p": 108, "pengguna_non_dpt_j": 1, "pengguna_non_dpt_l": 1, "pengguna_non_dpt_p": 0}, "psu": null, "ts": "2024-02-16 02:30:27", "status_suara": true, "status_adm": true}