{"chart": {"null": null, "100025": 92, "100026": 108, "100027": 31}, "images": ["https://sirekap-obj-formc.kpu.go.id/25be/pemilu/ppwp/31/73/01/10/06/3173011006201-20240215-104313--d617ebcc-d04e-4dfa-add6-e2ecb946f1f7.jpg", "https://sirekap-obj-formc.kpu.go.id/25be/pemilu/ppwp/31/73/01/10/06/3173011006201-20240215-104334--d56b82c5-b782-418f-88a0-90460d1d1175.jpg", "https://sirekap-obj-formc.kpu.go.id/25be/pemilu/ppwp/31/73/01/10/06/3173011006201-20240215-104324--5ad92a92-9cb9-4868-8a06-0cd6caf4654f.jpg"], "administrasi": {"suara_sah": 231, "suara_total": 232, "pemilih_dpt_j": 286, "pemilih_dpt_l": 141, "pemilih_dpt_p": 145, "pengguna_dpt_j": 230, "pengguna_dpt_l": 114, "pengguna_dpt_p": 116, "pengguna_dptb_j": 2, "pengguna_dptb_l": 0, "pengguna_dptb_p": 2, "suara_tidak_sah": 1, "pengguna_total_j": 232, "pengguna_total_l": 114, "pengguna_total_p": 118, "pengguna_non_dpt_j": 0, "pengguna_non_dpt_l": 0, "pengguna_non_dpt_p": 0}, "psu": null, "ts": "2024-02-15 17:00:25", "status_suara": true, "status_adm": true}