{"chart": null, "images": ["https://sirekap-obj-formc.kpu.go.id/6813/pemilu/ppwp/31/73/01/10/06/3173011006254-20240216-015335--80cdbaac-7dd7-4990-a8da-ecbe7c52dc6b.jpg", null, "https://sirekap-obj-formc.kpu.go.id/6813/pemilu/ppwp/31/73/01/10/06/3173011006254-20240216-065043--947e1dc0-bbb3-48c2-be6c-4178d7f669ed.jpg"], "administrasi": {"suara_sah": 222, "suara_total": 224, "pemilih_dpt_j": 295, "pemilih_dpt_l": 149, "pemilih_dpt_p": 146, "pengguna_dpt_j": 221, "pengguna_dpt_l": 108, "pengguna_dpt_p": 113, "pengguna_dptb_j": 3, "pengguna_dptb_l": 2, "pengguna_dptb_p": 1, "suara_tidak_sah": 2, "pengguna_total_j": 224, "pengguna_total_l": 110, "pengguna_total_p": 114, "pengguna_non_dpt_j": 0, "pengguna_non_dpt_l": 0, "pengguna_non_dpt_p": 0}, "psu": null, "ts": "2024-02-16 08:00:28", "status_suara": false, "status_adm": true}