{"chart": null, "images": ["https://sirekap-obj-formc.kpu.go.id/6e35/pemilu/ppwp/31/73/01/10/02/3173011002187-20240214-213601--5de37c1d-cb9a-4eaf-9cc1-8fa067eb5378.jpg", "https://sirekap-obj-formc.kpu.go.id/6e35/pemilu/ppwp/31/73/01/10/02/3173011002187-20240214-221450--e0e32616-10c1-437b-ba3d-a596fef1065f.jpg", "https://sirekap-obj-formc.kpu.go.id/6e35/pemilu/ppwp/31/73/01/10/02/3173011002187-20240214-221636--771309ac-ac90-42a3-89b8-71b35f81428b.jpg"], "administrasi": null, "psu": null, "ts": "2024-02-15 12:00:28", "status_suara": false, "status_adm": false}