{"chart": {"null": null, "100025": 18, "100026": 106, "100027": 87}, "images": ["https://sirekap-obj-formc.kpu.go.id/f656/pemilu/ppwp/31/73/01/10/05/3173011005022-20240216-131939--692e6ad9-78ce-4cb9-bb33-004e28dadec7.jpg", "https://sirekap-obj-formc.kpu.go.id/f656/pemilu/ppwp/31/73/01/10/05/3173011005022-20240214-155403--876fe7c3-fe4c-43b7-9a29-938361b5429a.jpg", "https://sirekap-obj-formc.kpu.go.id/f656/pemilu/ppwp/31/73/01/10/05/3173011005022-20240214-155323--990266ef-f317-4f78-934e-d44bb1763f98.jpg"], "administrasi": {"suara_sah": 211, "suara_total": 212, "pemilih_dpt_j": 298, "pemilih_dpt_l": 144, "pemilih_dpt_p": 154, "pengguna_dpt_j": 212, "pengguna_dpt_l": 100, "pengguna_dpt_p": 112, "pengguna_dptb_j": 0, "pengguna_dptb_l": 0, "pengguna_dptb_p": 0, "suara_tidak_sah": 1, "pengguna_total_j": 212, "pengguna_total_l": 100, "pengguna_total_p": 112, "pengguna_non_dpt_j": 0, "pengguna_non_dpt_l": 0, "pengguna_non_dpt_p": 0}, "psu": null, "ts": "2024-02-16 13:30:32", "status_suara": true, "status_adm": true}