{"chart": null, "images": ["https://sirekap-obj-formc.kpu.go.id/528b/pemilu/ppwp/31/73/01/10/06/3173011006260-20240216-035042--ab4f0825-f6b6-49b7-9b61-304c2c7bd54f.jpg", null, "https://sirekap-obj-formc.kpu.go.id/528b/pemilu/ppwp/31/73/01/10/06/3173011006260-20240216-035051--4b7141f3-4ad2-4294-84c2-3e9f70d769b7.jpg"], "administrasi": {"suara_sah": 213, "suara_total": 215, "pemilih_dpt_j": 284, "pemilih_dpt_l": 151, "pemilih_dpt_p": 133, "pengguna_dpt_j": 212, "pengguna_dpt_l": 111, "pengguna_dpt_p": 101, "pengguna_dptb_j": 2, "pengguna_dptb_l": 0, "pengguna_dptb_p": 2, "suara_tidak_sah": 2, "pengguna_total_j": 215, "pengguna_total_l": 112, "pengguna_total_p": 103, "pengguna_non_dpt_j": 1, "pengguna_non_dpt_l": 1, "pengguna_non_dpt_p": 0}, "psu": null, "ts": "2024-02-16 04:00:27", "status_suara": false, "status_adm": true}