{"chart": null, "images": ["https://sirekap-obj-formc.kpu.go.id/b558/pemilu/ppwp/31/73/01/10/05/3173011005021-20240215-040846--f8188081-fb1d-4a2a-b0f4-648aa22f8e57.jpg", "https://sirekap-obj-formc.kpu.go.id/b558/pemilu/ppwp/31/73/01/10/05/3173011005021-20240215-040920--97ba7df2-9ce7-4c0d-a932-192bcdbd3ba2.jpg", "https://sirekap-obj-formc.kpu.go.id/b558/pemilu/ppwp/31/73/01/10/05/3173011005021-20240215-040941--e02ada48-61f0-442f-ba4a-4ed1baed888a.jpg"], "administrasi": null, "psu": null, "ts": "2024-02-15 05:00:24", "status_suara": false, "status_adm": false}