{"chart": null, "images": ["https://sirekap-obj-formc.kpu.go.id/1f57/pemilu/ppwp/31/73/01/10/02/3173011002150-20240216-051802--86e81fb9-ec74-433c-8b0f-643c3e5138e2.jpg", null, "https://sirekap-obj-formc.kpu.go.id/1f57/pemilu/ppwp/31/73/01/10/02/3173011002150-20240216-051805--97961cdd-bb80-4202-a59c-bb41a6657f45.jpg"], "administrasi": {"suara_sah": 227, "suara_total": 229, "pemilih_dpt_j": 169, "pemilih_dpt_l": 130, "pemilih_dpt_p": 139, "pengguna_dpt_j": 214, "pengguna_dpt_l": 98, "pengguna_dpt_p": 116, "pengguna_dptb_j": 14, "pengguna_dptb_l": 5, "pengguna_dptb_p": 9, "suara_tidak_sah": 2, "pengguna_total_j": 229, "pengguna_total_l": 103, "pengguna_total_p": 126, "pengguna_non_dpt_j": 1, "pengguna_non_dpt_l": 0, "pengguna_non_dpt_p": 1}, "psu": null, "ts": "2024-02-16 05:30:26", "status_suara": false, "status_adm": true}