{"chart": null, "images": ["https://sirekap-obj-formc.kpu.go.id/ab4b/pemilu/ppwp/31/73/01/10/05/3173011005034-20240216-034740--d965d21a-9852-4831-bfd3-a75852e7f646.jpg", null, "https://sirekap-obj-formc.kpu.go.id/ab4b/pemilu/ppwp/31/73/01/10/05/3173011005034-20240216-034745--5d9a5a5a-877a-4da8-b876-fb55d589062f.jpg"], "administrasi": {"suara_sah": 221, "suara_total": 229, "pemilih_dpt_j": 287, "pemilih_dpt_l": 165, "pemilih_dpt_p": 122, "pengguna_dpt_j": 228, "pengguna_dpt_l": 122, "pengguna_dpt_p": 106, "pengguna_dptb_j": 1, "pengguna_dptb_l": 0, "pengguna_dptb_p": 1, "suara_tidak_sah": 8, "pengguna_total_j": 229, "pengguna_total_l": 122, "pengguna_total_p": 107, "pengguna_non_dpt_j": 0, "pengguna_non_dpt_l": 0, "pengguna_non_dpt_p": 0}, "psu": null, "ts": "2024-02-16 04:00:27", "status_suara": false, "status_adm": true}