{"chart": {"null": null, "100025": 7, "100026": 90, "100027": 103}, "images": ["https://sirekap-obj-formc.kpu.go.id/423b/pemilu/ppwp/31/73/01/10/02/3173011002269-20240214-200959--6ce094f7-284d-464e-9476-1f3fe28bb41f.jpg", "https://sirekap-obj-formc.kpu.go.id/423b/pemilu/ppwp/31/73/01/10/02/3173011002269-20240214-201031--e34a717e-87b7-44f4-a1d7-b6eda630f5c5.jpg", "https://sirekap-obj-formc.kpu.go.id/423b/pemilu/ppwp/31/73/01/10/02/3173011002269-20240214-201053--1e3fc11d-180d-435b-a009-7de6ed2de812.jpg"], "administrasi": {"suara_sah": 200, "suara_total": 202, "pemilih_dpt_j": 272, "pemilih_dpt_l": 135, "pemilih_dpt_p": 137, "pengguna_dpt_j": 199, "pengguna_dpt_l": 90, "pengguna_dpt_p": 109, "pengguna_dptb_j": 2, "pengguna_dptb_l": 2, "pengguna_dptb_p": 0, "suara_tidak_sah": 2, "pengguna_total_j": 202, "pengguna_total_l": 92, "pengguna_total_p": 110, "pengguna_non_dpt_j": 1, "pengguna_non_dpt_l": 0, "pengguna_non_dpt_p": 1}, "psu": null, "ts": "2024-02-15 00:41:44", "status_suara": true, "status_adm": true}