{"chart": {"null": null, "100025": 50, "100026": 114, "100027": 24}, "images": ["https://sirekap-obj-formc.kpu.go.id/e6c1/pemilu/ppwp/31/73/01/10/05/3173011005056-20240214-193737--6fbf9546-7a9f-4226-a827-249ccf9e3d95.jpg", "https://sirekap-obj-formc.kpu.go.id/e6c1/pemilu/ppwp/31/73/01/10/05/3173011005056-20240214-193741--fba11e6a-8e03-4651-80ab-0743fb918566.jpg", "https://sirekap-obj-formc.kpu.go.id/e6c1/pemilu/ppwp/31/73/01/10/05/3173011005056-20240214-193745--c7dbab19-ebcb-4acb-b833-ff8d70dd7417.jpg"], "administrasi": {"suara_sah": 202, "suara_total": 307, "pemilih_dpt_j": 284, "pemilih_dpt_l": 175, "pemilih_dpt_p": 145, "pengguna_dpt_j": 707, "pengguna_dpt_l": 89, "pengguna_dpt_p": 114, "pengguna_dptb_j": 0, "pengguna_dptb_l": 0, "pengguna_dptb_p": 0, "suara_tidak_sah": 1, "pengguna_total_j": 207, "pengguna_total_l": 84, "pengguna_total_p": 114, "pengguna_non_dpt_j": 0, "pengguna_non_dpt_l": 0, "pengguna_non_dpt_p": 0}, "psu": null, "ts": "2024-02-15 02:10:27", "status_suara": true, "status_adm": true}