{"chart": null, "images": ["https://sirekap-obj-formc.kpu.go.id/f4c7/pemilu/ppwp/31/73/01/10/05/3173011005060-20240214-193707--00bf4356-39e0-4dc7-9777-e82be60cd7dd.jpg", "https://sirekap-obj-formc.kpu.go.id/f4c7/pemilu/ppwp/31/73/01/10/05/3173011005060-20240214-213249--aa56b874-d622-4aed-90b5-6119e8fa8941.jpg", "https://sirekap-obj-formc.kpu.go.id/f4c7/pemilu/ppwp/31/73/01/10/05/3173011005060-20240214-193832--b5a628d6-50f2-4511-8967-7191f851806c.jpg"], "administrasi": {"suara_sah": 206, "suara_total": 208, "pemilih_dpt_j": 283, "pemilih_dpt_l": 139, "pemilih_dpt_p": 144, "pengguna_dpt_j": 205, "pengguna_dpt_l": 91, "pengguna_dpt_p": 114, "pengguna_dptb_j": 2, "pengguna_dptb_l": 1, "pengguna_dptb_p": 1, "suara_tidak_sah": 2, "pengguna_total_j": 207, "pengguna_total_l": 92, "pengguna_total_p": 115, "pengguna_non_dpt_j": 0, "pengguna_non_dpt_l": 0, "pengguna_non_dpt_p": 0}, "psu": null, "ts": "2024-02-15 17:30:25", "status_suara": false, "status_adm": true}