{"chart": {"null": null, "100025": 3, "100026": 89, "100027": 140}, "images": ["https://sirekap-obj-formc.kpu.go.id/3d56/pemilu/ppwp/31/73/01/10/02/3173011002272-20240214-200017--909ac0b3-ef68-4860-90bc-20ab4c357ac5.jpg", "https://sirekap-obj-formc.kpu.go.id/3d56/pemilu/ppwp/31/73/01/10/02/3173011002272-20240214-200311--88dc0160-1b1d-4288-86af-9eea1fccc548.jpg", "https://sirekap-obj-formc.kpu.go.id/3d56/pemilu/ppwp/31/73/01/10/02/3173011002272-20240214-200409--c1b61c40-a198-40d0-9337-56ec7fb18c9e.jpg"], "administrasi": {"suara_sah": 232, "suara_total": 232, "pemilih_dpt_j": 277, "pemilih_dpt_l": 135, "pemilih_dpt_p": 142, "pengguna_dpt_j": 220, "pengguna_dpt_l": 100, "pengguna_dpt_p": 120, "pengguna_dptb_j": 8, "pengguna_dptb_l": 4, "pengguna_dptb_p": 4, "suara_tidak_sah": 0, "pengguna_total_j": 232, "pengguna_total_l": 107, "pengguna_total_p": 125, "pengguna_non_dpt_j": 4, "pengguna_non_dpt_l": 3, "pengguna_non_dpt_p": 1}, "psu": null, "ts": "2024-02-15 00:41:44", "status_suara": true, "status_adm": true}