{"mode": "hhcw", "chart": {"null": null, "100025": 64, "100026": 115, "100027": 23}, "images": ["https://sirekap-obj-formc.kpu.go.id/2039/pemilu/ppwp/31/73/01/10/02/3173011002252-20240216-040211--bde2a8b1-9245-4c1a-b6e0-fb110821e99d.jpg", "https://sirekap-obj-formc.kpu.go.id/2039/pemilu/ppwp/31/73/01/10/02/3173011002252-20240216-040213--caa062b2-5247-4408-8577-aeb3828ea4f7.jpg", "https://sirekap-obj-formc.kpu.go.id/2039/pemilu/ppwp/31/73/01/10/02/3173011002252-20240216-040212--6ed43af3-0a89-4d48-9939-6d64b0def107.jpg"], "administrasi": {"suara_sah": 202, "suara_total": 204, "pemilih_dpt_j": 262, "pemilih_dpt_l": 124, "pemilih_dpt_p": 138, "pengguna_dpt_j": 200, "pengguna_dpt_l": 93, "pengguna_dpt_p": 107, "pengguna_dptb_j": 0, "pengguna_dptb_l": 0, "pengguna_dptb_p": 0, "suara_tidak_sah": 2, "pengguna_total_j": 204, "pengguna_total_l": 94, "pengguna_total_p": 110, "pengguna_non_dpt_j": 4, "pengguna_non_dpt_l": 1, "pengguna_non_dpt_p": 3}, "psu": null, "ts": "2024-02-16 16:25:10", "status_suara": true, "status_adm": true}