{"chart": {"null": null, "100025": 118, "100026": 86, "100027": 25}, "images": ["https://sirekap-obj-formc.kpu.go.id/2b96/pemilu/ppwp/31/73/01/10/02/3173011002225-20240216-014906--07a5a9cf-2d05-4593-88fc-24606a2919d0.jpg", "https://sirekap-obj-formc.kpu.go.id/2b96/pemilu/ppwp/31/73/01/10/02/3173011002225-20240216-014915--93b6b39f-e6b9-4399-b3ff-31126db1241c.jpg", "https://sirekap-obj-formc.kpu.go.id/2b96/pemilu/ppwp/31/73/01/10/02/3173011002225-20240216-014907--c08e7d0d-a8ae-42b7-8069-907466996711.jpg"], "administrasi": {"suara_sah": 229, "suara_total": 236, "pemilih_dpt_j": 275, "pemilih_dpt_l": 145, "pemilih_dpt_p": 130, "pengguna_dpt_j": 226, "pengguna_dpt_l": 119, "pengguna_dpt_p": 107, "pengguna_dptb_j": 4, "pengguna_dptb_l": 2, "pengguna_dptb_p": 2, "suara_tidak_sah": 7, "pengguna_total_j": 236, "pengguna_total_l": 125, "pengguna_total_p": 111, "pengguna_non_dpt_j": 6, "pengguna_non_dpt_l": 4, "pengguna_non_dpt_p": 2}, "psu": null, "ts": "2024-02-16 02:00:27", "status_suara": true, "status_adm": true}