{"chart": null, "images": ["https://sirekap-obj-formc.kpu.go.id/4e54/pemilu/ppwp/31/73/01/10/05/3173011005109-20240214-200616--def9fdb0-5c68-42cb-939a-9980890105d6.jpg", "https://sirekap-obj-formc.kpu.go.id/4e54/pemilu/ppwp/31/73/01/10/05/3173011005109-20240215-010304--052b4bbf-32a6-4be6-8a38-2c40802d6bbd.jpg", "https://sirekap-obj-formc.kpu.go.id/4e54/pemilu/ppwp/31/73/01/10/05/3173011005109-20240214-200843--9ff399cc-c9ef-4cf7-a1be-afdef2cf698a.jpg"], "administrasi": {"suara_sah": 210, "suara_total": 212, "pemilih_dpt_j": 273, "pemilih_dpt_l": 138, "pemilih_dpt_p": 135, "pengguna_dpt_j": 209, "pengguna_dpt_l": 101, "pengguna_dpt_p": 108, "pengguna_dptb_j": 0, "pengguna_dptb_l": 0, "pengguna_dptb_p": 0, "suara_tidak_sah": 2, "pengguna_total_j": 212, "pengguna_total_l": 103, "pengguna_total_p": 109, "pengguna_non_dpt_j": 3, "pengguna_non_dpt_l": 2, "pengguna_non_dpt_p": 1}, "psu": null, "ts": "2024-02-15 06:00:23", "status_suara": false, "status_adm": true}