{"chart": {"null": null, "100025": 108, "100026": 107, "100027": 31}, "images": ["https://sirekap-obj-formc.kpu.go.id/bba5/pemilu/ppwp/31/73/01/10/02/3173011002224-20240215-233141--36f33b03-2e87-4465-96a1-b73e6b16da0e.jpg", "https://sirekap-obj-formc.kpu.go.id/bba5/pemilu/ppwp/31/73/01/10/02/3173011002224-20240215-233147--777f2f5b-c404-4f94-90dc-779979141da2.jpg", "https://sirekap-obj-formc.kpu.go.id/bba5/pemilu/ppwp/31/73/01/10/02/3173011002224-20240215-233143--51bff0db-fb1c-4ab7-abb8-46e07669cf9f.jpg"], "administrasi": {"suara_sah": 246, "suara_total": 248, "pemilih_dpt_j": 291, "pemilih_dpt_l": 137, "pemilih_dpt_p": 154, "pengguna_dpt_j": 237, "pengguna_dpt_l": 109, "pengguna_dpt_p": 128, "pengguna_dptb_j": 5, "pengguna_dptb_l": 2, "pengguna_dptb_p": 3, "suara_tidak_sah": 2, "pengguna_total_j": 248, "pengguna_total_l": 115, "pengguna_total_p": 133, "pengguna_non_dpt_j": 6, "pengguna_non_dpt_l": 4, "pengguna_non_dpt_p": 2}, "psu": null, "ts": "2024-02-16 00:00:26", "status_suara": true, "status_adm": true}