{"chart": {"null": null, "100025": 39, "100026": 104, "100027": 48}, "images": ["https://sirekap-obj-formc.kpu.go.id/6ac3/pemilu/ppwp/31/73/01/10/05/3173011005094-20240214-155618--11b68085-a5c2-4c54-8ab2-e84ef7a6e37d.jpg", "https://sirekap-obj-formc.kpu.go.id/6ac3/pemilu/ppwp/31/73/01/10/05/3173011005094-20240214-155342--c2cd4639-386c-4b1c-9111-36eaa2ad05d6.jpg", "https://sirekap-obj-formc.kpu.go.id/6ac3/pemilu/ppwp/31/73/01/10/05/3173011005094-20240214-155350--2971aa16-f270-46c6-b639-e52c5b25a9ab.jpg"], "administrasi": {"suara_sah": 191, "suara_total": 193, "pemilih_dpt_j": 271, "pemilih_dpt_l": 134, "pemilih_dpt_p": 137, "pengguna_dpt_j": 193, "pengguna_dpt_l": 94, "pengguna_dpt_p": 99, "pengguna_dptb_j": 0, "pengguna_dptb_l": 0, "pengguna_dptb_p": 0, "suara_tidak_sah": 2, "pengguna_total_j": 193, "pengguna_total_l": 94, "pengguna_total_p": 99, "pengguna_non_dpt_j": 0, "pengguna_non_dpt_l": 0, "pengguna_non_dpt_p": 0}, "psu": null, "ts": "2024-02-15 00:41:44", "status_suara": true, "status_adm": true}