{"chart": null, "images": ["https://sirekap-obj-formc.kpu.go.id/87db/pemilu/ppwp/31/73/01/10/02/3173011002116-20240214-185658--d205c602-77ab-42ed-97bf-51f5d1af83d1.jpg", "https://sirekap-obj-formc.kpu.go.id/87db/pemilu/ppwp/31/73/01/10/02/3173011002116-20240214-185754--410e994f-113e-410d-8dd3-944a1d77c462.jpg", "https://sirekap-obj-formc.kpu.go.id/87db/pemilu/ppwp/31/73/01/10/02/3173011002116-20240214-185919--46e90954-3fe9-4bad-907f-f7378dac7630.jpg"], "administrasi": null, "psu": null, "ts": "2024-02-14 21:46:01", "status_suara": false, "status_adm": false}