{"chart": null, "images": ["https://sirekap-obj-formc.kpu.go.id/b29d/pemilu/ppwp/31/73/01/10/06/3173011006171-20240216-142111--f455ed7f-4d9a-425a-a9e2-756fc9aae936.jpg", null, "https://sirekap-obj-formc.kpu.go.id/b29d/pemilu/ppwp/31/73/01/10/06/3173011006171-20240216-142112--44aa9a22-9bed-462b-9504-efa3e2ea073c.jpg"], "administrasi": {"suara_sah": 234, "suara_total": 240, "pemilih_dpt_j": 287, "pemilih_dpt_l": 150, "pemilih_dpt_p": 137, "pengguna_dpt_j": 238, "pengguna_dpt_l": 119, "pengguna_dpt_p": 119, "pengguna_dptb_j": 0, "pengguna_dptb_l": 0, "pengguna_dptb_p": 0, "suara_tidak_sah": 6, "pengguna_total_j": 240, "pengguna_total_l": 120, "pengguna_total_p": 120, "pengguna_non_dpt_j": 2, "pengguna_non_dpt_l": 1, "pengguna_non_dpt_p": 1}, "psu": null, "ts": "2024-02-16 14:30:33", "status_suara": false, "status_adm": true}