{"chart": {"null": null, "100025": 102, "100026": 87, "100027": 20}, "images": ["https://sirekap-obj-formc.kpu.go.id/5fcd/pemilu/ppwp/31/73/01/10/02/3173011002025-20240216-121046--4d794b73-ecd8-4634-953d-046fc917534f.jpg", "https://sirekap-obj-formc.kpu.go.id/5fcd/pemilu/ppwp/31/73/01/10/02/3173011002025-20240216-121047--d0b60ce8-a21d-4868-bcb1-7c7da8ed3e4d.jpg", "https://sirekap-obj-formc.kpu.go.id/5fcd/pemilu/ppwp/31/73/01/10/02/3173011002025-20240216-121047--b0f7fb0b-79e7-4066-a8f5-e5f17c87786b.jpg"], "administrasi": {"suara_sah": 209, "suara_total": 213, "pemilih_dpt_j": 267, "pemilih_dpt_l": 138, "pemilih_dpt_p": 129, "pengguna_dpt_j": 198, "pengguna_dpt_l": 97, "pengguna_dpt_p": 101, "pengguna_dptb_j": 12, "pengguna_dptb_l": 4, "pengguna_dptb_p": 8, "suara_tidak_sah": 4, "pengguna_total_j": 213, "pengguna_total_l": 103, "pengguna_total_p": 110, "pengguna_non_dpt_j": 3, "pengguna_non_dpt_l": 2, "pengguna_non_dpt_p": 1}, "psu": null, "ts": "2024-02-16 12:51:22", "status_suara": true, "status_adm": true}