{"mode": "hhcw", "chart": {"null": null, "100025": 82, "100026": 92, "100027": 25}, "images": ["https://sirekap-obj-formc.kpu.go.id/d622/pemilu/ppwp/31/73/01/10/02/3173011002094-20240216-132640--b8df06cf-87ee-4f07-8af3-8e52b60931b7.jpg", "https://sirekap-obj-formc.kpu.go.id/d622/pemilu/ppwp/31/73/01/10/02/3173011002094-20240216-132642--6a21aace-22a4-4904-a886-0a1bd376b1d6.jpg", "https://sirekap-obj-formc.kpu.go.id/d622/pemilu/ppwp/31/73/01/10/02/3173011002094-20240216-132641--a75343f3-8241-4074-a684-1e8a94ff25fc.jpg"], "administrasi": {"suara_sah": 203, "suara_total": 208, "pemilih_dpt_j": 280, "pemilih_dpt_l": 134, "pemilih_dpt_p": 146, "pengguna_dpt_j": 207, "pengguna_dpt_l": 98, "pengguna_dpt_p": 109, "pengguna_dptb_j": 1, "pengguna_dptb_l": 0, "pengguna_dptb_p": 1, "suara_tidak_sah": 5, "pengguna_total_j": 208, "pengguna_total_l": 98, "pengguna_total_p": 110, "pengguna_non_dpt_j": 0, "pengguna_non_dpt_l": 0, "pengguna_non_dpt_p": 0}, "psu": null, "ts": "2024-02-16 16:25:10", "status_suara": true, "status_adm": true}