{"chart": {"null": null, "100025": 103, "100026": 97, "100027": 22}, "images": ["https://sirekap-obj-formc.kpu.go.id/6ed0/pemilu/ppwp/31/73/01/10/02/3173011002183-20240214-221940--fb5af870-91d4-4b48-9972-a421aa4a0e93.jpg", "https://sirekap-obj-formc.kpu.go.id/6ed0/pemilu/ppwp/31/73/01/10/02/3173011002183-20240214-222014--4b06628f-d4fb-49c4-ac22-e57d4ae235ad.jpg", "https://sirekap-obj-formc.kpu.go.id/6ed0/pemilu/ppwp/31/73/01/10/02/3173011002183-20240214-222101--3b2c403a-3b13-4547-9db9-04869fe25263.jpg"], "administrasi": {"suara_sah": 222, "suara_total": 224, "pemilih_dpt_j": 273, "pemilih_dpt_l": 137, "pemilih_dpt_p": 136, "pengguna_dpt_j": 214, "pengguna_dpt_l": 102, "pengguna_dpt_p": 112, "pengguna_dptb_j": 4, "pengguna_dptb_l": 0, "pengguna_dptb_p": 4, "suara_tidak_sah": 2, "pengguna_total_j": 224, "pengguna_total_l": 107, "pengguna_total_p": 117, "pengguna_non_dpt_j": 6, "pengguna_non_dpt_l": 5, "pengguna_non_dpt_p": 1}, "psu": null, "ts": "2024-02-15 12:00:28", "status_suara": true, "status_adm": true}