{"chart": {"null": null, "100025": 44, "100026": 123, "100027": 56}, "images": ["https://sirekap-obj-formc.kpu.go.id/1739/pemilu/ppwp/31/73/01/10/06/3173011006178-20240215-001028--c2a198a1-e899-4d03-b9a0-a3286182cc03.jpg", "https://sirekap-obj-formc.kpu.go.id/1739/pemilu/ppwp/31/73/01/10/06/3173011006178-20240215-001140--f3093e83-f0cc-4d01-896b-334b611a00da.jpg", "https://sirekap-obj-formc.kpu.go.id/1739/pemilu/ppwp/31/73/01/10/06/3173011006178-20240215-001257--a807fb7a-9820-4d0c-9519-cd525d17daf3.jpg"], "administrasi": {"suara_sah": 223, "suara_total": 225, "pemilih_dpt_j": 289, "pemilih_dpt_l": 126, "pemilih_dpt_p": 163, "pengguna_dpt_j": 221, "pengguna_dpt_l": 93, "pengguna_dpt_p": 128, "pengguna_dptb_j": 4, "pengguna_dptb_l": 1, "pengguna_dptb_p": 3, "suara_tidak_sah": 2, "pengguna_total_j": 225, "pengguna_total_l": 94, "pengguna_total_p": 131, "pengguna_non_dpt_j": 0, "pengguna_non_dpt_l": 0, "pengguna_non_dpt_p": 0}, "psu": null, "ts": "2024-02-15 19:30:26", "status_suara": true, "status_adm": true}