{"chart": null, "images": ["https://sirekap-obj-formc.kpu.go.id/7fca/pemilu/ppwp/31/73/01/10/06/3173011006202-20240215-211447--7f4d1764-0e28-4e23-94f5-b6c1330217c7.jpg", null, "https://sirekap-obj-formc.kpu.go.id/7fca/pemilu/ppwp/31/73/01/10/06/3173011006202-20240215-211448--1fe29be7-60e1-450f-aa56-d3ef39e35800.jpg"], "administrasi": {"suara_sah": 200, "suara_total": 200, "pemilih_dpt_j": 267, "pemilih_dpt_l": 129, "pemilih_dpt_p": 138, "pengguna_dpt_j": 197, "pengguna_dpt_l": 89, "pengguna_dpt_p": 108, "pengguna_dptb_j": 0, "pengguna_dptb_l": 0, "pengguna_dptb_p": 0, "suara_tidak_sah": 0, "pengguna_total_j": 200, "pengguna_total_l": 91, "pengguna_total_p": 109, "pengguna_non_dpt_j": 3, "pengguna_non_dpt_l": 2, "pengguna_non_dpt_p": 1}, "psu": null, "ts": "2024-02-15 21:30:27", "status_suara": false, "status_adm": true}