{"chart": {"null": null, "100025": 148, "100026": 70, "100027": 7}, "images": ["https://sirekap-obj-formc.kpu.go.id/8ee2/pemilu/ppwp/31/73/01/10/02/3173011002240-20240214-200237--2580f93b-ad40-4e82-918a-a8f4b418cae2.jpg", "https://sirekap-obj-formc.kpu.go.id/8ee2/pemilu/ppwp/31/73/01/10/02/3173011002240-20240215-222513--6cacc403-d609-4248-9eed-229d0c49c450.jpg", "https://sirekap-obj-formc.kpu.go.id/8ee2/pemilu/ppwp/31/73/01/10/02/3173011002240-20240214-200307--17d00ef6-c9d9-4f9f-862c-c3cfeca5274c.jpg"], "administrasi": {"suara_sah": 225, "suara_total": 228, "pemilih_dpt_j": 269, "pemilih_dpt_l": 136, "pemilih_dpt_p": 133, "pengguna_dpt_j": 227, "pengguna_dpt_l": 108, "pengguna_dpt_p": 119, "pengguna_dptb_j": 0, "pengguna_dptb_l": 0, "pengguna_dptb_p": 0, "suara_tidak_sah": 3, "pengguna_total_j": 228, "pengguna_total_l": 109, "pengguna_total_p": 119, "pengguna_non_dpt_j": 1, "pengguna_non_dpt_l": 1, "pengguna_non_dpt_p": 0}, "psu": null, "ts": "2024-02-15 23:29:50", "status_suara": true, "status_adm": true}