{"chart": {"null": null, "100025": 29, "100026": 148, "100027": 47}, "images": ["https://sirekap-obj-formc.kpu.go.id/a9d5/pemilu/ppwp/31/73/01/10/02/3173011002256-20240215-122120--68d6735e-23dc-4ec1-8a3c-34ef79a51b5e.jpg", "https://sirekap-obj-formc.kpu.go.id/a9d5/pemilu/ppwp/31/73/01/10/02/3173011002256-20240215-175225--a735534d-1661-44c0-9584-a7760e780749.jpg", "https://sirekap-obj-formc.kpu.go.id/a9d5/pemilu/ppwp/31/73/01/10/02/3173011002256-20240215-122212--0e8dae3b-f9e6-4c4b-904e-83708c58d819.jpg"], "administrasi": {"suara_sah": 224, "suara_total": 226, "pemilih_dpt_j": 269, "pemilih_dpt_l": 142, "pemilih_dpt_p": 127, "pengguna_dpt_j": 223, "pengguna_dpt_l": 111, "pengguna_dpt_p": 112, "pengguna_dptb_j": 0, "pengguna_dptb_l": 0, "pengguna_dptb_p": 0, "suara_tidak_sah": 2, "pengguna_total_j": 226, "pengguna_total_l": 113, "pengguna_total_p": 113, "pengguna_non_dpt_j": 3, "pengguna_non_dpt_l": 2, "pengguna_non_dpt_p": 1}, "psu": null, "ts": "2024-02-15 18:30:25", "status_suara": true, "status_adm": true}