{"chart": null, "images": ["https://sirekap-obj-formc.kpu.go.id/ea12/pemilu/ppwp/31/73/01/10/06/3173011006224-20240216-140530--d6a33a67-6386-4339-a109-dc5a950b7f67.jpg", null, "https://sirekap-obj-formc.kpu.go.id/ea12/pemilu/ppwp/31/73/01/10/06/3173011006224-20240216-140531--24e5c90f-7d4a-47e8-a1fb-72195c97d9cb.jpg"], "administrasi": {"suara_sah": 213, "suara_total": 214, "pemilih_dpt_j": 287, "pemilih_dpt_l": 140, "pemilih_dpt_p": 147, "pengguna_dpt_j": 194, "pengguna_dpt_l": 95, "pengguna_dpt_p": 99, "pengguna_dptb_j": 18, "pengguna_dptb_l": 10, "pengguna_dptb_p": 8, "suara_tidak_sah": 1, "pengguna_total_j": 215, "pengguna_total_l": 105, "pengguna_total_p": 110, "pengguna_non_dpt_j": 3, "pengguna_non_dpt_l": 0, "pengguna_non_dpt_p": 3}, "psu": null, "ts": "2024-02-16 14:30:33", "status_suara": false, "status_adm": true}