{"chart": null, "images": ["https://sirekap-obj-formc.kpu.go.id/3e60/pemilu/ppwp/31/73/01/10/02/3173011002106-20240215-031256--581145f0-af43-40d7-aa6a-d7527ccdae73.jpg", "https://sirekap-obj-formc.kpu.go.id/3e60/pemilu/ppwp/31/73/01/10/02/3173011002106-20240215-031406--d728db27-1ca8-4316-87c6-3dbb8cb9d677.jpg", "https://sirekap-obj-formc.kpu.go.id/3e60/pemilu/ppwp/31/73/01/10/02/3173011002106-20240215-031557--bd25ae91-15a3-4389-82a2-2bd3145fd67c.jpg"], "administrasi": null, "psu": null, "ts": "2024-02-15 04:00:24", "status_suara": false, "status_adm": false}