{"chart": null, "images": ["https://sirekap-obj-formc.kpu.go.id/1cab/pemilu/ppwp/31/73/01/10/06/3173011006220-20240215-023338--38c1ff29-6400-4ae4-822f-bbcb1d21224e.jpg", "https://sirekap-obj-formc.kpu.go.id/1cab/pemilu/ppwp/31/73/01/10/06/3173011006220-20240215-014824--9a1ada15-549b-41c6-a16d-a4f28288f3ff.jpg", "https://sirekap-obj-formc.kpu.go.id/1cab/pemilu/ppwp/31/73/01/10/06/3173011006220-20240215-015054--49889873-ed0d-4e11-8de3-82f98a432242.jpg"], "administrasi": {"suara_sah": 205, "suara_total": 208, "pemilih_dpt_j": 283, "pemilih_dpt_l": 136, "pemilih_dpt_p": 147, "pengguna_dpt_j": 185, "pengguna_dpt_l": 88, "pengguna_dpt_p": 97, "pengguna_dptb_j": 17, "pengguna_dptb_l": 13, "pengguna_dptb_p": 4, "suara_tidak_sah": 3, "pengguna_total_j": 207, "pengguna_total_l": 104, "pengguna_total_p": 103, "pengguna_non_dpt_j": 5, "pengguna_non_dpt_l": 3, "pengguna_non_dpt_p": 2}, "psu": null, "ts": "2024-02-15 18:30:25", "status_suara": false, "status_adm": true}