{"chart": {"null": null, "100025": 77, "100026": 90, "100027": 33}, "images": ["https://sirekap-obj-formc.kpu.go.id/1396/pemilu/ppwp/31/73/01/10/02/3173011002146-20240214-203555--045d86b0-5ca5-4ce9-b3fa-869f4ab2c312.jpg", "https://sirekap-obj-formc.kpu.go.id/1396/pemilu/ppwp/31/73/01/10/02/3173011002146-20240214-203815--32eb105a-1527-4a14-ac2d-c7ef74bc1c42.jpg", "https://sirekap-obj-formc.kpu.go.id/1396/pemilu/ppwp/31/73/01/10/02/3173011002146-20240214-204117--52c50c6c-4b9b-4eb9-9c82-6427cab4f5df.jpg"], "administrasi": {"suara_sah": 200, "suara_total": 201, "pemilih_dpt_j": 201, "pemilih_dpt_l": 105, "pemilih_dpt_p": 96, "pengguna_dpt_j": 201, "pengguna_dpt_l": 105, "pengguna_dpt_p": 896, "pengguna_dptb_j": 0, "pengguna_dptb_l": 0, "pengguna_dptb_p": 0, "suara_tidak_sah": 1, "pengguna_total_j": 201, "pengguna_total_l": 105, "pengguna_total_p": 96, "pengguna_non_dpt_j": 0, "pengguna_non_dpt_l": 0, "pengguna_non_dpt_p": 0}, "psu": null, "ts": "2024-02-14 21:46:01", "status_suara": true, "status_adm": true}