{"mode": "hhcw", "chart": {"null": null, "100025": 143, "100026": 76, "100027": 22}, "images": ["https://sirekap-obj-formc.kpu.go.id/9764/pemilu/ppwp/31/73/01/10/02/3173011002046-20240216-145536--f196383b-b4d5-4d6b-ad96-960aaf15d85e.jpg", "https://sirekap-obj-formc.kpu.go.id/9764/pemilu/ppwp/31/73/01/10/02/3173011002046-20240216-145538--53a1d89b-8764-4e57-a45b-13becc0620d3.jpg", "https://sirekap-obj-formc.kpu.go.id/9764/pemilu/ppwp/31/73/01/10/02/3173011002046-20240216-145537--4537c128-0b45-4842-a6db-8f0d36e4afa4.jpg"], "administrasi": {"suara_sah": 241, "suara_total": 242, "pemilih_dpt_j": 270, "pemilih_dpt_l": 133, "pemilih_dpt_p": 137, "pengguna_dpt_j": 232, "pengguna_dpt_l": 117, "pengguna_dpt_p": 115, "pengguna_dptb_j": 7, "pengguna_dptb_l": 5, "pengguna_dptb_p": 2, "suara_tidak_sah": 1, "pengguna_total_j": 242, "pengguna_total_l": 124, "pengguna_total_p": 118, "pengguna_non_dpt_j": 3, "pengguna_non_dpt_l": 2, "pengguna_non_dpt_p": 1}, "psu": null, "ts": "2024-02-16 16:25:10", "status_suara": true, "status_adm": true}