{"chart": {"null": null, "100025": 140, "100026": 66, "100027": 7}, "images": ["https://sirekap-obj-formc.kpu.go.id/1a56/pemilu/ppwp/31/73/01/10/02/3173011002086-20240216-003247--6c3f4a74-f190-4443-95d1-e899e53a86dc.jpg", "https://sirekap-obj-formc.kpu.go.id/1a56/pemilu/ppwp/31/73/01/10/02/3173011002086-20240216-003252--64724a93-5617-432e-93b0-30015ae40c16.jpg", "https://sirekap-obj-formc.kpu.go.id/1a56/pemilu/ppwp/31/73/01/10/02/3173011002086-20240216-003250--8d0cd879-8cf5-4456-84de-4287d240399a.jpg"], "administrasi": {"suara_sah": 213, "suara_total": 214, "pemilih_dpt_j": 273, "pemilih_dpt_l": 130, "pemilih_dpt_p": 143, "pengguna_dpt_j": 205, "pengguna_dpt_l": 96, "pengguna_dpt_p": 109, "pengguna_dptb_j": 5, "pengguna_dptb_l": 2, "pengguna_dptb_p": 3, "suara_tidak_sah": 1, "pengguna_total_j": 214, "pengguna_total_l": 100, "pengguna_total_p": 114, "pengguna_non_dpt_j": 4, "pengguna_non_dpt_l": 2, "pengguna_non_dpt_p": 2}, "psu": null, "ts": "2024-02-16 01:30:27", "status_suara": true, "status_adm": true}