{"chart": {"null": null, "100025": 49, "100026": 117, "100027": 51}, "images": ["https://sirekap-obj-formc.kpu.go.id/f627/pemilu/ppwp/31/73/01/10/05/3173011005004-20240214-201027--424ea3fe-2c3c-46ca-9810-ed0f33d4bfea.jpg", "https://sirekap-obj-formc.kpu.go.id/f627/pemilu/ppwp/31/73/01/10/05/3173011005004-20240214-201220--53b5da20-518a-4dde-9e51-e6a2550a4198.jpg", "https://sirekap-obj-formc.kpu.go.id/f627/pemilu/ppwp/31/73/01/10/05/3173011005004-20240214-155829--676302de-4b6b-43e8-800c-0fa36899cdac.jpg"], "administrasi": {"suara_sah": 217, "suara_total": 220, "pemilih_dpt_j": 291, "pemilih_dpt_l": 155, "pemilih_dpt_p": 136, "pengguna_dpt_j": 219, "pengguna_dpt_l": 113, "pengguna_dpt_p": 106, "pengguna_dptb_j": 0, "pengguna_dptb_l": 0, "pengguna_dptb_p": 0, "suara_tidak_sah": 3, "pengguna_total_j": 220, "pengguna_total_l": 113, "pengguna_total_p": 107, "pengguna_non_dpt_j": 1, "pengguna_non_dpt_l": 0, "pengguna_non_dpt_p": 1}, "psu": null, "ts": "2024-02-15 00:41:44", "status_suara": true, "status_adm": true}