{"mode": "hhcw", "chart": {"null": null, "100025": 4, "100026": 81, "100027": 148}, "images": ["https://sirekap-obj-formc.kpu.go.id/3ba5/pemilu/ppwp/31/73/01/10/02/3173011002203-20240216-152125--d1854b60-37f5-4ed1-8ca9-0b43c34e2116.jpg", "https://sirekap-obj-formc.kpu.go.id/3ba5/pemilu/ppwp/31/73/01/10/02/3173011002203-20240216-152126--0d00a5e4-e828-453b-be7d-ece4bbce00ea.jpg", "https://sirekap-obj-formc.kpu.go.id/3ba5/pemilu/ppwp/31/73/01/10/02/3173011002203-20240214-204055--05fe6b64-ed7e-48f9-9d2d-7770b2818c00.jpg"], "administrasi": {"suara_sah": 233, "suara_total": 239, "pemilih_dpt_j": 271, "pemilih_dpt_l": 133, "pemilih_dpt_p": 138, "pengguna_dpt_j": 218, "pengguna_dpt_l": 110, "pengguna_dpt_p": 108, "pengguna_dptb_j": 13, "pengguna_dptb_l": 3, "pengguna_dptb_p": 10, "suara_tidak_sah": 6, "pengguna_total_j": 239, "pengguna_total_l": 116, "pengguna_total_p": 123, "pengguna_non_dpt_j": 8, "pengguna_non_dpt_l": 3, "pengguna_non_dpt_p": 5}, "psu": null, "ts": "2024-02-16 16:25:10", "status_suara": true, "status_adm": true}