{"chart": {"null": null, "100025": 2, "100026": 121, "100027": 105}, "images": ["https://sirekap-obj-formc.kpu.go.id/3c73/pemilu/ppwp/31/73/01/10/06/3173011006277-20240214-200440--fbd8e798-4951-438c-b3e2-7ce46eb9181e.jpg", "https://sirekap-obj-formc.kpu.go.id/3c73/pemilu/ppwp/31/73/01/10/06/3173011006277-20240214-212518--7aca0c4d-4808-483c-99ba-0c76a9275723.jpg", "https://sirekap-obj-formc.kpu.go.id/3c73/pemilu/ppwp/31/73/01/10/06/3173011006277-20240214-200932--5f1b702a-2f8d-405b-875b-ccc4d8c22a82.jpg"], "administrasi": {"suara_sah": 228, "suara_total": 230, "pemilih_dpt_j": 298, "pemilih_dpt_l": 147, "pemilih_dpt_p": 151, "pengguna_dpt_j": 216, "pengguna_dpt_l": 109, "pengguna_dpt_p": 107, "pengguna_dptb_j": 9, "pengguna_dptb_l": 3, "pengguna_dptb_p": 6, "suara_tidak_sah": 2, "pengguna_total_j": 230, "pengguna_total_l": 114, "pengguna_total_p": 116, "pengguna_non_dpt_j": 5, "pengguna_non_dpt_l": 2, "pengguna_non_dpt_p": 3}, "psu": null, "ts": "2024-02-15 00:41:44", "status_suara": true, "status_adm": true}