{"chart": {"null": null, "100025": 85, "100026": 107, "100027": 14}, "images": ["https://sirekap-obj-formc.kpu.go.id/7cbd/pemilu/ppwp/31/73/01/10/02/3173011002123-20240214-221213--5d5de4b0-c222-4989-a529-0cc3b00408b5.jpg", "https://sirekap-obj-formc.kpu.go.id/7cbd/pemilu/ppwp/31/73/01/10/02/3173011002123-20240214-221335--ae8ac48e-47b7-4092-b7fe-fd27bb96619c.jpg", "https://sirekap-obj-formc.kpu.go.id/7cbd/pemilu/ppwp/31/73/01/10/02/3173011002123-20240215-102424--a8e8e1b1-3086-411c-bff3-313191bf3f7d.jpg"], "administrasi": {"suara_sah": 202, "suara_total": 207, "pemilih_dpt_j": 247, "pemilih_dpt_l": 134, "pemilih_dpt_p": 113, "pengguna_dpt_j": 205, "pengguna_dpt_l": 110, "pengguna_dpt_p": 95, "pengguna_dptb_j": 0, "pengguna_dptb_l": 0, "pengguna_dptb_p": 0, "suara_tidak_sah": 5, "pengguna_total_j": 207, "pengguna_total_l": 111, "pengguna_total_p": 96, "pengguna_non_dpt_j": 2, "pengguna_non_dpt_l": 1, "pengguna_non_dpt_p": 1}, "psu": null, "ts": "2024-02-15 15:00:29", "status_suara": true, "status_adm": true}