{"mode": "hhcw", "chart": {"null": null, "100025": 71, "100026": 108, "100027": 18}, "images": ["https://sirekap-obj-formc.kpu.go.id/abed/pemilu/ppwp/31/73/01/10/02/3173011002136-20240216-101310--4596e791-424a-4b19-99fa-c41f5495c95b.jpg", "https://sirekap-obj-formc.kpu.go.id/abed/pemilu/ppwp/31/73/01/10/02/3173011002136-20240216-101311--e0aea444-8a04-4f23-adf8-62a50fa9c4ef.jpg", "https://sirekap-obj-formc.kpu.go.id/abed/pemilu/ppwp/31/73/01/10/02/3173011002136-20240216-101310--aa0dbbfc-67b7-4e3d-b859-8a9c7eebd7e9.jpg"], "administrasi": {"suara_sah": 197, "suara_total": 199, "pemilih_dpt_j": 270, "pemilih_dpt_l": 134, "pemilih_dpt_p": 136, "pengguna_dpt_j": 199, "pengguna_dpt_l": 96, "pengguna_dpt_p": 103, "pengguna_dptb_j": 0, "pengguna_dptb_l": 0, "pengguna_dptb_p": 0, "suara_tidak_sah": 2, "pengguna_total_j": 199, "pengguna_total_l": 96, "pengguna_total_p": 103, "pengguna_non_dpt_j": 0, "pengguna_non_dpt_l": 0, "pengguna_non_dpt_p": 0}, "psu": null, "ts": "2024-02-16 16:25:10", "status_suara": true, "status_adm": true}