{"chart": null, "images": ["https://sirekap-obj-formc.kpu.go.id/1718/pemilu/ppwp/31/73/01/10/02/3173011002111-20240215-152648--c5130577-4b3f-41bd-9db9-1c6c95016822.jpg", "https://sirekap-obj-formc.kpu.go.id/1718/pemilu/ppwp/31/73/01/10/02/3173011002111-20240215-160401--e77ae10b-bd7f-4023-ab7e-60958c15cd85.jpg", "https://sirekap-obj-formc.kpu.go.id/1718/pemilu/ppwp/31/73/01/10/02/3173011002111-20240215-153601--202f4adf-79a2-463e-9c1b-cd4de3d03c7d.jpg"], "administrasi": {"suara_sah": 161, "suara_total": 164, "pemilih_dpt_j": 243, "pemilih_dpt_l": 119, "pemilih_dpt_p": 124, "pengguna_dpt_j": 138, "pengguna_dpt_l": 67, "pengguna_dpt_p": 71, "pengguna_dptb_j": 16, "pengguna_dptb_l": 7, "pengguna_dptb_p": 9, "suara_tidak_sah": 3, "pengguna_total_j": 164, "pengguna_total_l": 77, "pengguna_total_p": 87, "pengguna_non_dpt_j": 10, "pengguna_non_dpt_l": 3, "pengguna_non_dpt_p": 7}, "psu": null, "ts": "2024-02-15 19:30:26", "status_suara": false, "status_adm": true}