{"chart": {"null": null, "100025": 66, "100026": 110, "100027": 29}, "images": ["https://sirekap-obj-formc.kpu.go.id/ff78/pemilu/ppwp/31/73/01/10/05/3173011005047-20240214-191216--4c1ef4a8-8646-4ac2-ba21-0ca43dfe2a7f.jpg", "https://sirekap-obj-formc.kpu.go.id/ff78/pemilu/ppwp/31/73/01/10/05/3173011005047-20240214-191329--829a216e-587f-42a8-ba03-df7fdb55324c.jpg", "https://sirekap-obj-formc.kpu.go.id/ff78/pemilu/ppwp/31/73/01/10/05/3173011005047-20240214-191353--5a17c320-8143-4183-b7b7-21fd8f95772d.jpg"], "administrasi": {"suara_sah": 205, "suara_total": 208, "pemilih_dpt_j": 284, "pemilih_dpt_l": 136, "pemilih_dpt_p": 148, "pengguna_dpt_j": 208, "pengguna_dpt_l": 102, "pengguna_dpt_p": 106, "pengguna_dptb_j": 0, "pengguna_dptb_l": 0, "pengguna_dptb_p": 0, "suara_tidak_sah": 3, "pengguna_total_j": 208, "pengguna_total_l": 102, "pengguna_total_p": 106, "pengguna_non_dpt_j": 0, "pengguna_non_dpt_l": 0, "pengguna_non_dpt_p": 0}, "psu": null, "ts": "2024-02-14 21:46:01", "status_suara": true, "status_adm": true}