{"chart": {"null": null, "100025": 40, "100026": 60, "100027": 16}, "images": ["https://sirekap-obj-formc.kpu.go.id/5c5f/pemilu/ppwp/31/73/01/10/06/3173011006211-20240214-191841--8594dc57-5d33-4abd-b4f3-589a6b336011.jpg", "https://sirekap-obj-formc.kpu.go.id/5c5f/pemilu/ppwp/31/73/01/10/06/3173011006211-20240214-191900--e59f2cf5-49c0-4a4a-a292-c6e8bbc06dac.jpg", "https://sirekap-obj-formc.kpu.go.id/5c5f/pemilu/ppwp/31/73/01/10/06/3173011006211-20240214-191912--d1328715-d247-484d-942f-9a9fc2582ef4.jpg"], "administrasi": {"suara_sah": 116, "suara_total": 117, "pemilih_dpt_j": 111, "pemilih_dpt_l": 54, "pemilih_dpt_p": 57, "pengguna_dpt_j": 111, "pengguna_dpt_l": 54, "pengguna_dpt_p": 57, "pengguna_dptb_j": 0, "pengguna_dptb_l": 0, "pengguna_dptb_p": 0, "suara_tidak_sah": 1, "pengguna_total_j": 117, "pengguna_total_l": 56, "pengguna_total_p": 61, "pengguna_non_dpt_j": 6, "pengguna_non_dpt_l": 2, "pengguna_non_dpt_p": 4}, "psu": null, "ts": "2024-02-14 21:46:01", "status_suara": true, "status_adm": true}