{"chart": {"null": null, "100025": 116, "100026": 68, "100027": 19}, "images": ["https://sirekap-obj-formc.kpu.go.id/54b8/pemilu/ppwp/31/73/01/10/05/3173011005125-20240215-213700--a5ed5bb2-fba2-4ced-8b66-04be031f9989.jpg", "https://sirekap-obj-formc.kpu.go.id/54b8/pemilu/ppwp/31/73/01/10/05/3173011005125-20240215-213702--1ec84736-2724-4888-8e36-1a94c0e89b72.jpg", "https://sirekap-obj-formc.kpu.go.id/54b8/pemilu/ppwp/31/73/01/10/05/3173011005125-20240215-213701--5893caaf-6324-4f8e-84a8-3b28965b930c.jpg"], "administrasi": {"suara_sah": 203, "suara_total": 205, "pemilih_dpt_j": 245, "pemilih_dpt_l": 121, "pemilih_dpt_p": 124, "pengguna_dpt_j": 201, "pengguna_dpt_l": 95, "pengguna_dpt_p": 106, "pengguna_dptb_j": 0, "pengguna_dptb_l": 0, "pengguna_dptb_p": 0, "suara_tidak_sah": 2, "pengguna_total_j": 205, "pengguna_total_l": 96, "pengguna_total_p": 109, "pengguna_non_dpt_j": 4, "pengguna_non_dpt_l": 1, "pengguna_non_dpt_p": 3}, "psu": null, "ts": "2024-02-16 02:30:27", "status_suara": true, "status_adm": true}