{"chart": {"null": null, "100025": 50, "100026": 128, "100027": 52}, "images": ["https://sirekap-obj-formc.kpu.go.id/cc42/pemilu/ppwp/31/73/01/10/02/3173011002248-20240214-192929--9caf9a26-b2b4-44db-889f-298a84f46182.jpg", "https://sirekap-obj-formc.kpu.go.id/cc42/pemilu/ppwp/31/73/01/10/02/3173011002248-20240214-193027--a438011f-5327-46aa-bc6b-0d01efeeec4d.jpg", "https://sirekap-obj-formc.kpu.go.id/cc42/pemilu/ppwp/31/73/01/10/02/3173011002248-20240214-194646--62d2ee90-d8b0-473e-88d5-5aea8b9d4b48.jpg"], "administrasi": {"suara_sah": 230, "suara_total": 233, "pemilih_dpt_j": 265, "pemilih_dpt_l": 132, "pemilih_dpt_p": 133, "pengguna_dpt_j": 230, "pengguna_dpt_l": 114, "pengguna_dpt_p": 116, "pengguna_dptb_j": 1, "pengguna_dptb_l": 0, "pengguna_dptb_p": 1, "suara_tidak_sah": 3, "pengguna_total_j": 233, "pengguna_total_l": 115, "pengguna_total_p": 118, "pengguna_non_dpt_j": 2, "pengguna_non_dpt_l": 1, "pengguna_non_dpt_p": 1}, "psu": null, "ts": "2024-02-15 00:41:44", "status_suara": true, "status_adm": true}