{"chart": null, "images": ["https://sirekap-obj-formc.kpu.go.id/07ec/pemilu/ppwp/31/73/01/10/05/3173011005110-20240214-191935--18a0a2fb-229e-4195-9c7d-d0355bb2d7cd.jpg", "https://sirekap-obj-formc.kpu.go.id/07ec/pemilu/ppwp/31/73/01/10/05/3173011005110-20240214-192122--74827dc4-7671-41a5-bba9-ef2027994cfd.jpg", "https://sirekap-obj-formc.kpu.go.id/07ec/pemilu/ppwp/31/73/01/10/05/3173011005110-20240214-192208--3857f8fd-90dd-49ae-bc14-66f42fa8aea8.jpg"], "administrasi": {"suara_sah": 191, "suara_total": 193, "pemilih_dpt_j": 277, "pemilih_dpt_l": 137, "pemilih_dpt_p": 140, "pengguna_dpt_j": 189, "pengguna_dpt_l": 89, "pengguna_dpt_p": 100, "pengguna_dptb_j": 2, "pengguna_dptb_l": 0, "pengguna_dptb_p": 2, "suara_tidak_sah": 2, "pengguna_total_j": 193, "pengguna_total_l": 89, "pengguna_total_p": 104, "pengguna_non_dpt_j": 2, "pengguna_non_dpt_l": 0, "pengguna_non_dpt_p": 2}, "psu": null, "ts": "2024-02-15 00:41:44", "status_suara": false, "status_adm": true}