{"chart": {"null": null, "100025": 18, "100026": 95, "100027": 96}, "images": ["https://sirekap-obj-formc.kpu.go.id/c7ed/pemilu/ppwp/31/73/01/10/02/3173011002209-20240215-191821--a2445c57-aa65-4ecf-bb5d-60b82eb4c438.jpg", "https://sirekap-obj-formc.kpu.go.id/c7ed/pemilu/ppwp/31/73/01/10/02/3173011002209-20240215-191846--f2a7ded3-b69e-4b22-8978-7a63e7bb20f5.jpg", "https://sirekap-obj-formc.kpu.go.id/c7ed/pemilu/ppwp/31/73/01/10/02/3173011002209-20240215-191835--ee7091ed-4bcf-4cbf-a99e-03928d20d643.jpg"], "administrasi": {"suara_sah": 209, "suara_total": 212, "pemilih_dpt_j": 269, "pemilih_dpt_l": 129, "pemilih_dpt_p": 140, "pengguna_dpt_j": 203, "pengguna_dpt_l": 99, "pengguna_dpt_p": 104, "pengguna_dptb_j": 9, "pengguna_dptb_l": 1, "pengguna_dptb_p": 8, "suara_tidak_sah": 3, "pengguna_total_j": 212, "pengguna_total_l": 100, "pengguna_total_p": 112, "pengguna_non_dpt_j": 0, "pengguna_non_dpt_l": 0, "pengguna_non_dpt_p": 0}, "psu": null, "ts": "2024-02-15 19:30:26", "status_suara": true, "status_adm": true}