{"mode": "hhcw", "chart": {"null": null, "100025": 146, "100026": 61, "100027": 15}, "images": ["https://sirekap-obj-formc.kpu.go.id/3650/pemilu/ppwp/31/73/01/10/02/3173011002039-20240216-145450--3d267b0d-4439-4d32-aadb-f109ecc0276a.jpg", "https://sirekap-obj-formc.kpu.go.id/3650/pemilu/ppwp/31/73/01/10/02/3173011002039-20240216-145452--eaa48360-f16c-481b-be06-ad098deef55b.jpg", "https://sirekap-obj-formc.kpu.go.id/3650/pemilu/ppwp/31/73/01/10/02/3173011002039-20240216-145451--48d63cd8-a15d-447d-8ea0-22bb573e2e31.jpg"], "administrasi": {"suara_sah": 222, "suara_total": 223, "pemilih_dpt_j": 270, "pemilih_dpt_l": 134, "pemilih_dpt_p": 136, "pengguna_dpt_j": 219, "pengguna_dpt_l": 103, "pengguna_dpt_p": 116, "pengguna_dptb_j": 1, "pengguna_dptb_l": 0, "pengguna_dptb_p": 1, "suara_tidak_sah": 1, "pengguna_total_j": 221, "pengguna_total_l": 103, "pengguna_total_p": 118, "pengguna_non_dpt_j": 1, "pengguna_non_dpt_l": 0, "pengguna_non_dpt_p": 1}, "psu": null, "ts": "2024-02-16 16:25:10", "status_suara": true, "status_adm": true}