{"chart": null, "images": ["https://sirekap-obj-formc.kpu.go.id/970d/pemilu/ppwp/31/73/01/10/05/3173011005064-20240216-131756--d754114e-6ed8-4cff-b7cc-0f9e74f7b987.jpg", null, "https://sirekap-obj-formc.kpu.go.id/970d/pemilu/ppwp/31/73/01/10/05/3173011005064-20240216-131756--49616614-8439-47a4-bf9a-4e9162a3a9b7.jpg"], "administrasi": {"suara_sah": 219, "suara_total": 227, "pemilih_dpt_j": 280, "pemilih_dpt_l": 148, "pemilih_dpt_p": 132, "pengguna_dpt_j": 226, "pengguna_dpt_l": 105, "pengguna_dpt_p": 121, "pengguna_dptb_j": 1, "pengguna_dptb_l": 0, "pengguna_dptb_p": 1, "suara_tidak_sah": 8, "pengguna_total_j": 227, "pengguna_total_l": 105, "pengguna_total_p": 122, "pengguna_non_dpt_j": 0, "pengguna_non_dpt_l": 0, "pengguna_non_dpt_p": 0}, "psu": null, "ts": "2024-02-16 13:30:32", "status_suara": false, "status_adm": true}