{"mode": "hhcw", "chart": {"null": null, "100025": 94, "100026": 82, "100027": 42}, "images": ["https://sirekap-obj-formc.kpu.go.id/e790/pemilu/ppwp/31/73/01/10/02/3173011002048-20240214-233032--5cd41e97-7d7d-4e8e-b1a8-0375fa3fca58.jpg", "https://sirekap-obj-formc.kpu.go.id/e790/pemilu/ppwp/31/73/01/10/02/3173011002048-20240216-140956--a9660c2b-8a93-4150-aaae-2546ac1dc540.jpg", "https://sirekap-obj-formc.kpu.go.id/e790/pemilu/ppwp/31/73/01/10/02/3173011002048-20240216-140955--9205a8b6-2040-4c40-9ff8-d80bb171d410.jpg"], "administrasi": {"suara_sah": 218, "suara_total": 222, "pemilih_dpt_j": 265, "pemilih_dpt_l": 131, "pemilih_dpt_p": 134, "pengguna_dpt_j": 215, "pengguna_dpt_l": 105, "pengguna_dpt_p": 110, "pengguna_dptb_j": 1, "pengguna_dptb_l": 1, "pengguna_dptb_p": 0, "suara_tidak_sah": 4, "pengguna_total_j": 222, "pengguna_total_l": 109, "pengguna_total_p": 113, "pengguna_non_dpt_j": 6, "pengguna_non_dpt_l": 3, "pengguna_non_dpt_p": 3}, "psu": null, "ts": "2024-02-16 16:25:10", "status_suara": true, "status_adm": true}