{"chart": null, "images": ["https://sirekap-obj-formc.kpu.go.id/7587/pemilu/ppwp/31/73/01/10/05/3173011005015-20240216-042700--74cf9eb5-d8cb-4f25-8275-8894af97992c.jpg", null, "https://sirekap-obj-formc.kpu.go.id/7587/pemilu/ppwp/31/73/01/10/05/3173011005015-20240216-042705--bd6901f1-7bca-4081-9e9a-ac3611e49960.jpg"], "administrasi": {"suara_sah": 132, "suara_total": 136, "pemilih_dpt_j": 160, "pemilih_dpt_l": 80, "pemilih_dpt_p": 80, "pengguna_dpt_j": 136, "pengguna_dpt_l": 65, "pengguna_dpt_p": 71, "pengguna_dptb_j": 0, "pengguna_dptb_l": 0, "pengguna_dptb_p": 0, "suara_tidak_sah": 4, "pengguna_total_j": 136, "pengguna_total_l": 65, "pengguna_total_p": 71, "pengguna_non_dpt_j": 0, "pengguna_non_dpt_l": 0, "pengguna_non_dpt_p": 0}, "psu": null, "ts": "2024-02-16 06:00:27", "status_suara": false, "status_adm": true}