{"chart": null, "images": ["https://sirekap-obj-formc.kpu.go.id/720b/pemilu/ppwp/31/73/01/10/02/3173011002251-20240216-120554--0959f316-1491-459e-82b9-9d740325efbe.jpg", "https://sirekap-obj-formc.kpu.go.id/720b/pemilu/ppwp/31/73/01/10/02/3173011002251-20240215-040236--a119151c-c67d-4133-9b7c-a33b22da4476.jpg", "https://sirekap-obj-formc.kpu.go.id/720b/pemilu/ppwp/31/73/01/10/02/3173011002251-20240216-120555--9f3208df-324e-4ffe-bfe5-985e68961409.jpg"], "administrasi": {"suara_sah": 213, "suara_total": 214, "pemilih_dpt_j": 272, "pemilih_dpt_l": 143, "pemilih_dpt_p": 129, "pengguna_dpt_j": 214, "pengguna_dpt_l": 107, "pengguna_dpt_p": 107, "pengguna_dptb_j": 0, "pengguna_dptb_l": 0, "pengguna_dptb_p": 0, "suara_tidak_sah": 1, "pengguna_total_j": 214, "pengguna_total_l": 107, "pengguna_total_p": 107, "pengguna_non_dpt_j": 0, "pengguna_non_dpt_l": 0, "pengguna_non_dpt_p": 0}, "psu": null, "ts": "2024-02-16 12:51:22", "status_suara": false, "status_adm": true}