{"chart": {"null": null, "100025": 68, "100026": 83, "100027": 22}, "images": ["https://sirekap-obj-formc.kpu.go.id/e83a/pemilu/ppwp/31/73/01/10/02/3173011002033-20240216-061612--cfc3eeff-5e19-46dd-b115-8df624202695.jpg", "https://sirekap-obj-formc.kpu.go.id/e83a/pemilu/ppwp/31/73/01/10/02/3173011002033-20240216-061628--3128ca7d-11c9-4e38-890b-56b87f0b3e4a.jpg", "https://sirekap-obj-formc.kpu.go.id/e83a/pemilu/ppwp/31/73/01/10/02/3173011002033-20240216-061743--1be3251f-522f-4e42-844b-059c4cc42645.jpg"], "administrasi": {"suara_sah": 173, "suara_total": 180, "pemilih_dpt_j": 259, "pemilih_dpt_l": 130, "pemilih_dpt_p": 129, "pengguna_dpt_j": 180, "pengguna_dpt_l": 88, "pengguna_dpt_p": 92, "pengguna_dptb_j": 0, "pengguna_dptb_l": 0, "pengguna_dptb_p": 0, "suara_tidak_sah": 7, "pengguna_total_j": 180, "pengguna_total_l": 88, "pengguna_total_p": 92, "pengguna_non_dpt_j": 0, "pengguna_non_dpt_l": 0, "pengguna_non_dpt_p": 0}, "psu": null, "ts": "2024-02-16 12:51:22", "status_suara": true, "status_adm": true}