{"chart": {"null": null, "100025": 22, "100026": 126, "100027": 62}, "images": ["https://sirekap-obj-formc.kpu.go.id/b8b9/pemilu/ppwp/31/73/01/10/05/3173011005032-20240214-200332--6a6ae14a-42ac-4911-9ffb-839463733bfa.jpg", "https://sirekap-obj-formc.kpu.go.id/b8b9/pemilu/ppwp/31/73/01/10/05/3173011005032-20240214-200029--03b47ede-6a92-41da-beeb-0bad35aa01ec.jpg", "https://sirekap-obj-formc.kpu.go.id/b8b9/pemilu/ppwp/31/73/01/10/05/3173011005032-20240214-200214--59530787-2060-45c8-8393-025a315786b5.jpg"], "administrasi": {"suara_sah": 210, "suara_total": 215, "pemilih_dpt_j": 283, "pemilih_dpt_l": 142, "pemilih_dpt_p": 141, "pengguna_dpt_j": 213, "pengguna_dpt_l": 100, "pengguna_dpt_p": 113, "pengguna_dptb_j": 0, "pengguna_dptb_l": 0, "pengguna_dptb_p": 0, "suara_tidak_sah": 5, "pengguna_total_j": 215, "pengguna_total_l": 101, "pengguna_total_p": 114, "pengguna_non_dpt_j": 2, "pengguna_non_dpt_l": 1, "pengguna_non_dpt_p": 1}, "psu": null, "ts": "2024-02-15 00:41:44", "status_suara": true, "status_adm": true}