{"mode": "hhcw", "chart": {"null": null, "100025": 113, "100026": 97, "100027": 27}, "images": ["https://sirekap-obj-formc.kpu.go.id/36d8/pemilu/ppwp/31/73/01/10/02/3173011002250-20240216-125543--a6a75f2b-7383-4539-855c-30f9102e3519.jpg", "https://sirekap-obj-formc.kpu.go.id/36d8/pemilu/ppwp/31/73/01/10/02/3173011002250-20240216-125545--bcd0bc4d-897b-4c61-9ed8-d34def5c6503.jpg", "https://sirekap-obj-formc.kpu.go.id/36d8/pemilu/ppwp/31/73/01/10/02/3173011002250-20240215-020134--f5834bdc-67f0-46e4-ba01-6a9013b07821.jpg"], "administrasi": {"suara_sah": 237, "suara_total": 239, "pemilih_dpt_j": 275, "pemilih_dpt_l": 138, "pemilih_dpt_p": 137, "pengguna_dpt_j": 234, "pengguna_dpt_l": 116, "pengguna_dpt_p": 118, "pengguna_dptb_j": 1, "pengguna_dptb_l": 0, "pengguna_dptb_p": 1, "suara_tidak_sah": 2, "pengguna_total_j": 239, "pengguna_total_l": 118, "pengguna_total_p": 121, "pengguna_non_dpt_j": 4, "pengguna_non_dpt_l": 2, "pengguna_non_dpt_p": 2}, "psu": null, "ts": "2024-02-16 16:25:10", "status_suara": true, "status_adm": true}