{"mode": "hhcw", "chart": {"null": null, "100025": 145, "100026": 52, "100027": 19}, "images": ["https://sirekap-obj-formc.kpu.go.id/15e5/pemilu/ppwp/31/73/01/10/02/3173011002041-20240216-151150--6a83f9c8-f2ca-4d79-b2e9-4d06d7b1356e.jpg", "https://sirekap-obj-formc.kpu.go.id/15e5/pemilu/ppwp/31/73/01/10/02/3173011002041-20240216-151152--f89b519c-3112-47b2-af93-54bf8140a612.jpg", "https://sirekap-obj-formc.kpu.go.id/15e5/pemilu/ppwp/31/73/01/10/02/3173011002041-20240216-151151--da83cfcb-4825-4b85-b65f-beedfabce2a1.jpg"], "administrasi": {"suara_sah": 216, "suara_total": 219, "pemilih_dpt_j": 217, "pemilih_dpt_l": 106, "pemilih_dpt_p": 111, "pengguna_dpt_j": 217, "pengguna_dpt_l": 106, "pengguna_dpt_p": 111, "pengguna_dptb_j": 2, "pengguna_dptb_l": 1, "pengguna_dptb_p": 1, "suara_tidak_sah": 3, "pengguna_total_j": 219, "pengguna_total_l": 107, "pengguna_total_p": 112, "pengguna_non_dpt_j": 0, "pengguna_non_dpt_l": 0, "pengguna_non_dpt_p": 0}, "psu": null, "ts": "2024-02-16 16:25:10", "status_suara": true, "status_adm": true}