{"chart": null, "images": ["https://sirekap-obj-formc.kpu.go.id/ce6b/pemilu/ppwp/31/73/01/10/06/3173011006278-20240214-204510--b1235877-4cba-474b-8476-a6e83d5d6684.jpg", "https://sirekap-obj-formc.kpu.go.id/ce6b/pemilu/ppwp/31/73/01/10/06/3173011006278-20240214-213746--2f16408d-23da-4dd1-a517-933b1463ab11.jpg", "https://sirekap-obj-formc.kpu.go.id/ce6b/pemilu/ppwp/31/73/01/10/06/3173011006278-20240214-204601--a22af2c8-c1fb-4f78-8468-6b30819282ff.jpg"], "administrasi": null, "psu": null, "ts": "2024-02-14 21:46:01", "status_suara": false, "status_adm": false}