{"chart": {"null": null, "100025": 104, "100026": 74, "100027": 15}, "images": ["https://sirekap-obj-formc.kpu.go.id/77c6/pemilu/ppwp/31/73/01/10/02/3173011002171-20240215-231701--646dceed-d6c1-4085-998e-548112ea5d14.jpg", "https://sirekap-obj-formc.kpu.go.id/77c6/pemilu/ppwp/31/73/01/10/02/3173011002171-20240215-231705--05d41a27-7d6a-4bfb-96df-56ac812e2d42.jpg", "https://sirekap-obj-formc.kpu.go.id/77c6/pemilu/ppwp/31/73/01/10/02/3173011002171-20240215-231703--0c09a57c-5d30-4262-b433-e65dd8538f7e.jpg"], "administrasi": {"suara_sah": 193, "suara_total": 193, "pemilih_dpt_j": 270, "pemilih_dpt_l": 142, "pemilih_dpt_p": 128, "pengguna_dpt_j": 270, "pengguna_dpt_l": 142, "pengguna_dpt_p": 128, "pengguna_dptb_j": 1, "pengguna_dptb_l": 1, "pengguna_dptb_p": 0, "suara_tidak_sah": 0, "pengguna_total_j": 273, "pengguna_total_l": 144, "pengguna_total_p": 129, "pengguna_non_dpt_j": 2, "pengguna_non_dpt_l": 1, "pengguna_non_dpt_p": 1}, "psu": null, "ts": "2024-02-15 23:29:50", "status_suara": true, "status_adm": true}