{"chart": null, "images": ["https://sirekap-obj-formc.kpu.go.id/01c6/pemilu/ppwp/31/73/01/10/02/3173011002117-20240214-155514--46cf8e17-daac-45b0-a8bc-faf00a05f2d1.jpg", "https://sirekap-obj-formc.kpu.go.id/01c6/pemilu/ppwp/31/73/01/10/02/3173011002117-20240214-155732--b68981a8-41d0-470f-a694-067d709741f1.jpg", "https://sirekap-obj-formc.kpu.go.id/01c6/pemilu/ppwp/31/73/01/10/02/3173011002117-20240214-155809--fe9a1820-43b4-4035-9815-61bdcbce0251.jpg"], "administrasi": null, "psu": null, "ts": "2024-02-14 21:46:01", "status_suara": false, "status_adm": false}