{"chart": null, "images": ["https://sirekap-obj-formc.kpu.go.id/6b1e/pemilu/ppwp/31/73/01/10/05/3173011005081-20240214-230227--61a4be6f-43aa-44a5-9f63-1a5bf8f286f9.jpg", "https://sirekap-obj-formc.kpu.go.id/6b1e/pemilu/ppwp/31/73/01/10/05/3173011005081-20240214-230352--2bc5aa78-9d43-4a8b-93ca-82e509b54548.jpg", "https://sirekap-obj-formc.kpu.go.id/6b1e/pemilu/ppwp/31/73/01/10/05/3173011005081-20240214-230518--c5814e91-4953-407a-b098-bf483fc3e5b3.jpg"], "administrasi": {"suara_sah": 128, "suara_total": 170, "pemilih_dpt_j": 74, "pemilih_dpt_l": 151, "pemilih_dpt_p": 177, "pengguna_dpt_j": 270, "pengguna_dpt_l": 117, "pengguna_dpt_p": 117, "pengguna_dptb_j": 0, "pengguna_dptb_l": 0, "pengguna_dptb_p": 0, "suara_tidak_sah": 2, "pengguna_total_j": 230, "pengguna_total_l": 118, "pengguna_total_p": 112, "pengguna_non_dpt_j": 0, "pengguna_non_dpt_l": 0, "pengguna_non_dpt_p": 0}, "psu": null, "ts": "2024-02-15 20:30:46", "status_suara": false, "status_adm": true}