{"chart": null, "images": ["https://sirekap-obj-formc.kpu.go.id/6645/pemilu/ppwp/31/73/01/10/05/3173011005119-20240216-092612--a6483a02-0d87-408d-b090-cf0d0671a276.jpg", null, "https://sirekap-obj-formc.kpu.go.id/6645/pemilu/ppwp/31/73/01/10/05/3173011005119-20240216-092613--73b68a93-ec70-41eb-a71b-b3ac2dda80a9.jpg"], "administrasi": {"suara_sah": 208, "suara_total": 211, "pemilih_dpt_j": 211, "pemilih_dpt_l": 98, "pemilih_dpt_p": 113, "pengguna_dpt_j": 209, "pengguna_dpt_l": 98, "pengguna_dpt_p": 111, "pengguna_dptb_j": 2, "pengguna_dptb_l": 0, "pengguna_dptb_p": 2, "suara_tidak_sah": 3, "pengguna_total_j": 211, "pengguna_total_l": 98, "pengguna_total_p": 113, "pengguna_non_dpt_j": 0, "pengguna_non_dpt_l": 0, "pengguna_non_dpt_p": 0}, "psu": null, "ts": "2024-02-16 09:30:28", "status_suara": false, "status_adm": true}