{"chart": {"null": null, "100025": 100, "100026": 91, "100027": 17}, "images": ["https://sirekap-obj-formc.kpu.go.id/b5fc/pemilu/ppwp/31/73/01/10/02/3173011002161-20240214-192915--52a3256e-87e3-40f5-a4ae-5ece602eb33f.jpg", "https://sirekap-obj-formc.kpu.go.id/b5fc/pemilu/ppwp/31/73/01/10/02/3173011002161-20240214-185848--df0541b4-5471-4625-b5eb-bb8c248335fd.jpg", "https://sirekap-obj-formc.kpu.go.id/b5fc/pemilu/ppwp/31/73/01/10/02/3173011002161-20240214-190048--d2851d6d-7157-4633-a3ec-3d5436413aba.jpg"], "administrasi": {"suara_sah": 208, "suara_total": 210, "pemilih_dpt_j": 207, "pemilih_dpt_l": 99, "pemilih_dpt_p": 108, "pengguna_dpt_j": 207, "pengguna_dpt_l": 99, "pengguna_dpt_p": 108, "pengguna_dptb_j": 3, "pengguna_dptb_l": 2, "pengguna_dptb_p": 1, "suara_tidak_sah": 2, "pengguna_total_j": 210, "pengguna_total_l": 101, "pengguna_total_p": 109, "pengguna_non_dpt_j": 0, "pengguna_non_dpt_l": 0, "pengguna_non_dpt_p": 0}, "psu": null, "ts": "2024-02-15 00:41:44", "status_suara": true, "status_adm": true}