{"chart": {"null": null, "100025": 26, "100026": 117, "100027": 56}, "images": ["https://sirekap-obj-formc.kpu.go.id/b146/pemilu/ppwp/31/73/01/10/05/3173011005006-20240216-000122--88958df7-2867-4c15-8653-524da73e776f.jpg", "https://sirekap-obj-formc.kpu.go.id/b146/pemilu/ppwp/31/73/01/10/05/3173011005006-20240214-155740--258e7f77-de33-4498-813f-c853b6886eaf.jpg", "https://sirekap-obj-formc.kpu.go.id/b146/pemilu/ppwp/31/73/01/10/05/3173011005006-20240214-160057--e8780542-aae3-4c9a-8a84-7af36d52d58e.jpg"], "administrasi": {"suara_sah": 199, "suara_total": 200, "pemilih_dpt_j": 194, "pemilih_dpt_l": 86, "pemilih_dpt_p": 108, "pengguna_dpt_j": 194, "pengguna_dpt_l": 86, "pengguna_dpt_p": 108, "pengguna_dptb_j": 0, "pengguna_dptb_l": 0, "pengguna_dptb_p": 0, "suara_tidak_sah": 1, "pengguna_total_j": 200, "pengguna_total_l": 88, "pengguna_total_p": 112, "pengguna_non_dpt_j": 6, "pengguna_non_dpt_l": 2, "pengguna_non_dpt_p": 4}, "psu": null, "ts": "2024-02-16 00:30:27", "status_suara": true, "status_adm": true}