{"chart": {"null": null, "100025": 14, "100026": 63, "100027": 47}, "images": ["https://sirekap-obj-formc.kpu.go.id/4457/pemilu/ppwp/31/73/01/10/05/3173011005115-20240214-212120--0dfc37dd-510a-4de4-b0aa-54d7b4f7166d.jpg", "https://sirekap-obj-formc.kpu.go.id/4457/pemilu/ppwp/31/73/01/10/05/3173011005115-20240214-224738--7164ea45-0d95-40ff-b269-14c837b4dd4c.jpg", "https://sirekap-obj-formc.kpu.go.id/4457/pemilu/ppwp/31/73/01/10/05/3173011005115-20240214-224922--7787ddce-43f3-4397-b49c-444f86771474.jpg"], "administrasi": {"suara_sah": 94, "suara_total": 97, "pemilih_dpt_j": 144, "pemilih_dpt_l": 77, "pemilih_dpt_p": 67, "pengguna_dpt_j": 97, "pengguna_dpt_l": 49, "pengguna_dpt_p": 48, "pengguna_dptb_j": 0, "pengguna_dptb_l": 0, "pengguna_dptb_p": 0, "suara_tidak_sah": 3, "pengguna_total_j": 97, "pengguna_total_l": 49, "pengguna_total_p": 48, "pengguna_non_dpt_j": 0, "pengguna_non_dpt_l": 0, "pengguna_non_dpt_p": 0}, "psu": null, "ts": "2024-02-15 15:00:29", "status_suara": true, "status_adm": true}