{"chart": null, "images": ["https://sirekap-obj-formc.kpu.go.id/3b8e/pemilu/ppwp/31/73/01/10/05/3173011005005-20240216-122112--8ee1e39f-93dd-4695-ad52-faeb55424a3e.jpg", "https://sirekap-obj-formc.kpu.go.id/3b8e/pemilu/ppwp/31/73/01/10/05/3173011005005-20240215-011914--dfb31582-573c-43ea-9be2-6ad611b26878.jpg", "https://sirekap-obj-formc.kpu.go.id/3b8e/pemilu/ppwp/31/73/01/10/05/3173011005005-20240215-013729--4ddcac07-59b8-48df-be20-8e55d16a16df.jpg"], "administrasi": null, "psu": null, "ts": "2024-02-16 12:51:22", "status_suara": false, "status_adm": false}