{"mode": "hhcw", "chart": {"null": null, "100025": 61, "100026": 90, "100027": 75}, "images": ["https://sirekap-obj-formc.kpu.go.id/9513/pemilu/ppwp/31/73/01/10/02/3173011002230-20240216-144959--829cb770-f05e-493e-add6-a438146d2e36.jpg", "https://sirekap-obj-formc.kpu.go.id/9513/pemilu/ppwp/31/73/01/10/02/3173011002230-20240216-145000--00299698-86a3-45ee-bec6-2e00187c9650.jpg", "https://sirekap-obj-formc.kpu.go.id/9513/pemilu/ppwp/31/73/01/10/02/3173011002230-20240216-145000--8dd66047-c478-4b24-956f-9bb879c836d8.jpg"], "administrasi": {"suara_sah": 226, "suara_total": 228, "pemilih_dpt_j": 0, "pemilih_dpt_l": 0, "pemilih_dpt_p": 0, "pengguna_dpt_j": 0, "pengguna_dpt_l": 0, "pengguna_dpt_p": 0, "pengguna_dptb_j": 0, "pengguna_dptb_l": 0, "pengguna_dptb_p": 0, "suara_tidak_sah": 2, "pengguna_total_j": 0, "pengguna_total_l": 0, "pengguna_total_p": 0, "pengguna_non_dpt_j": 0, "pengguna_non_dpt_l": 0, "pengguna_non_dpt_p": 0}, "psu": null, "ts": "2024-02-16 16:25:10", "status_suara": true, "status_adm": true}