{"mode": "hhcw", "chart": {"null": null, "100025": 77, "100026": 112, "100027": 25}, "images": ["https://sirekap-obj-formc.kpu.go.id/14b3/pemilu/ppwp/31/73/01/10/02/3173011002122-20240216-052626--217423cc-4a8d-43cd-8051-cf4c3e28c53f.jpg", "https://sirekap-obj-formc.kpu.go.id/14b3/pemilu/ppwp/31/73/01/10/02/3173011002122-20240216-052636--ff0cdbe6-5186-4aa2-8348-1e2eee70a347.jpg", "https://sirekap-obj-formc.kpu.go.id/14b3/pemilu/ppwp/31/73/01/10/02/3173011002122-20240216-052630--7ba9c538-2101-4137-a3ac-bb7e95a5dc70.jpg"], "administrasi": {"suara_sah": 214, "suara_total": 219, "pemilih_dpt_j": 270, "pemilih_dpt_l": 132, "pemilih_dpt_p": 138, "pengguna_dpt_j": 218, "pengguna_dpt_l": 114, "pengguna_dpt_p": 104, "pengguna_dptb_j": 0, "pengguna_dptb_l": 0, "pengguna_dptb_p": 0, "suara_tidak_sah": 5, "pengguna_total_j": 219, "pengguna_total_l": 114, "pengguna_total_p": 105, "pengguna_non_dpt_j": 1, "pengguna_non_dpt_l": 0, "pengguna_non_dpt_p": 1}, "psu": null, "ts": "2024-02-16 16:25:10", "status_suara": true, "status_adm": true}