{"chart": null, "images": ["https://sirekap-obj-formc.kpu.go.id/abd2/pemilu/ppwp/31/73/01/10/02/3173011002103-20240214-202042--9b4b639e-c6c5-47bf-bd08-27eb5555c792.jpg", "https://sirekap-obj-formc.kpu.go.id/abd2/pemilu/ppwp/31/73/01/10/02/3173011002103-20240214-202331--263c8d1a-69bd-485d-becd-b731f49c4a55.jpg", "https://sirekap-obj-formc.kpu.go.id/abd2/pemilu/ppwp/31/73/01/10/02/3173011002103-20240214-202204--7663ef6b-78fb-46a7-8b70-0079b384d00f.jpg"], "administrasi": null, "psu": null, "ts": "2024-02-14 21:46:01", "status_suara": false, "status_adm": false}