{"chart": null, "images": ["https://sirekap-obj-formc.kpu.go.id/fe41/pemilu/ppwp/31/73/01/10/06/3173011006258-20240215-210743--ddbdf936-615c-49ca-b625-1aa827ba4b64.jpg", null, "https://sirekap-obj-formc.kpu.go.id/fe41/pemilu/ppwp/31/73/01/10/06/3173011006258-20240215-210745--3f9bb947-eab8-443d-91b8-e00439c91296.jpg"], "administrasi": {"suara_sah": 215, "suara_total": 219, "pemilih_dpt_j": 284, "pemilih_dpt_l": 150, "pemilih_dpt_p": 134, "pengguna_dpt_j": 212, "pengguna_dpt_l": 107, "pengguna_dpt_p": 105, "pengguna_dptb_j": 3, "pengguna_dptb_l": 1, "pengguna_dptb_p": 2, "suara_tidak_sah": 4, "pengguna_total_j": 219, "pengguna_total_l": 110, "pengguna_total_p": 109, "pengguna_non_dpt_j": 4, "pengguna_non_dpt_l": 2, "pengguna_non_dpt_p": 2}, "psu": null, "ts": "2024-02-15 21:30:27", "status_suara": false, "status_adm": true}