{"chart": null, "images": ["https://sirekap-obj-formc.kpu.go.id/a47f/pemilu/ppwp/31/73/01/10/05/3173011005087-20240214-195015--e0b3bff2-0459-4cb6-91db-295b6d209c7f.jpg", "https://sirekap-obj-formc.kpu.go.id/a47f/pemilu/ppwp/31/73/01/10/05/3173011005087-20240214-195315--0eb0f5b1-f200-4d38-a185-b8678f430ce8.jpg", "https://sirekap-obj-formc.kpu.go.id/a47f/pemilu/ppwp/31/73/01/10/05/3173011005087-20240214-195519--995abed4-71a7-437e-b75c-d635b222329c.jpg"], "administrasi": null, "psu": null, "ts": "2024-02-14 21:46:01", "status_suara": false, "status_adm": false}