{"chart": {"null": null, "100025": 11, "100026": 86, "100027": 88}, "images": ["https://sirekap-obj-formc.kpu.go.id/197a/pemilu/ppwp/31/73/01/10/02/3173011002210-20240215-205201--673103b3-f482-4dd9-9bfb-ef4460a2ea62.jpg", "https://sirekap-obj-formc.kpu.go.id/197a/pemilu/ppwp/31/73/01/10/02/3173011002210-20240215-205203--0569413d-8d42-4181-8408-a855e9a1cad5.jpg", "https://sirekap-obj-formc.kpu.go.id/197a/pemilu/ppwp/31/73/01/10/02/3173011002210-20240215-205202--8e7c9997-b97b-4653-a98f-c21148a5e6ad.jpg"], "administrasi": {"suara_sah": 185, "suara_total": 189, "pemilih_dpt_j": 277, "pemilih_dpt_l": 136, "pemilih_dpt_p": 141, "pengguna_dpt_j": 189, "pengguna_dpt_l": 98, "pengguna_dpt_p": 91, "pengguna_dptb_j": 5, "pengguna_dptb_l": 3, "pengguna_dptb_p": 2, "suara_tidak_sah": 4, "pengguna_total_j": 197, "pengguna_total_l": 102, "pengguna_total_p": 95, "pengguna_non_dpt_j": 3, "pengguna_non_dpt_l": 1, "pengguna_non_dpt_p": 2}, "psu": null, "ts": "2024-02-15 23:29:50", "status_suara": true, "status_adm": true}