{"mode": "hhcw", "chart": {"null": null, "100025": 93, "100026": 85, "100027": 20}, "images": ["https://sirekap-obj-formc.kpu.go.id/9566/pemilu/ppwp/31/73/01/10/02/3173011002031-20240216-134052--3788a6e2-1ced-4485-9f98-7c2810d49c98.jpg", "https://sirekap-obj-formc.kpu.go.id/9566/pemilu/ppwp/31/73/01/10/02/3173011002031-20240216-134053--742e0629-8319-49c3-84fa-09bcdd75e398.jpg", "https://sirekap-obj-formc.kpu.go.id/9566/pemilu/ppwp/31/73/01/10/02/3173011002031-20240216-134053--484152a9-604f-4113-b0cb-e11a2866fdfd.jpg"], "administrasi": {"suara_sah": 198, "suara_total": 201, "pemilih_dpt_j": 273, "pemilih_dpt_l": 138, "pemilih_dpt_p": 135, "pengguna_dpt_j": 185, "pengguna_dpt_l": 91, "pengguna_dpt_p": 94, "pengguna_dptb_j": 4, "pengguna_dptb_l": 3, "pengguna_dptb_p": 1, "suara_tidak_sah": 3, "pengguna_total_j": 198, "pengguna_total_l": 98, "pengguna_total_p": 100, "pengguna_non_dpt_j": 9, "pengguna_non_dpt_l": 4, "pengguna_non_dpt_p": 5}, "psu": null, "ts": "2024-02-16 16:25:10", "status_suara": true, "status_adm": true}