{"mode": "hhcw", "chart": {"null": null, "100025": 54, "100026": 127, "100027": 28}, "images": ["https://sirekap-obj-formc.kpu.go.id/e12d/pemilu/ppwp/31/73/01/10/02/3173011002261-20240216-140457--3e992f26-1a97-46c7-b3b8-8e994779e4d0.jpg", "https://sirekap-obj-formc.kpu.go.id/e12d/pemilu/ppwp/31/73/01/10/02/3173011002261-20240216-140459--9391f1e9-e8b2-4520-b138-f92d6303d3e4.jpg", "https://sirekap-obj-formc.kpu.go.id/e12d/pemilu/ppwp/31/73/01/10/02/3173011002261-20240216-140458--8da05434-fbca-4d4b-a41e-7716587571d7.jpg"], "administrasi": {"suara_sah": 209, "suara_total": 214, "pemilih_dpt_j": 266, "pemilih_dpt_l": 133, "pemilih_dpt_p": 133, "pengguna_dpt_j": 213, "pengguna_dpt_l": 110, "pengguna_dpt_p": 103, "pengguna_dptb_j": 0, "pengguna_dptb_l": 0, "pengguna_dptb_p": 0, "suara_tidak_sah": 5, "pengguna_total_j": 214, "pengguna_total_l": 110, "pengguna_total_p": 104, "pengguna_non_dpt_j": 1, "pengguna_non_dpt_l": 0, "pengguna_non_dpt_p": 1}, "psu": null, "ts": "2024-02-16 16:25:10", "status_suara": true, "status_adm": true}