{"mode": "hhcw", "chart": {"null": null, "100025": 98, "100026": 89, "100027": 28}, "images": ["https://sirekap-obj-formc.kpu.go.id/b492/pemilu/ppwp/31/73/01/10/02/3173011002166-20240216-150431--35beee60-97de-4e35-a2a6-5051bd2e3b68.jpg", "https://sirekap-obj-formc.kpu.go.id/b492/pemilu/ppwp/31/73/01/10/02/3173011002166-20240216-150432--53b51b56-1aee-47f1-a122-d6d703b2b681.jpg", "https://sirekap-obj-formc.kpu.go.id/b492/pemilu/ppwp/31/73/01/10/02/3173011002166-20240216-150432--c2b6ce14-3575-4203-8360-2126740fbc77.jpg"], "administrasi": {"suara_sah": 215, "suara_total": 216, "pemilih_dpt_j": 269, "pemilih_dpt_l": 124, "pemilih_dpt_p": 145, "pengguna_dpt_j": 214, "pengguna_dpt_l": 101, "pengguna_dpt_p": 113, "pengguna_dptb_j": 2, "pengguna_dptb_l": 0, "pengguna_dptb_p": 2, "suara_tidak_sah": 1, "pengguna_total_j": 216, "pengguna_total_l": 101, "pengguna_total_p": 115, "pengguna_non_dpt_j": 0, "pengguna_non_dpt_l": 0, "pengguna_non_dpt_p": 0}, "psu": null, "ts": "2024-02-16 16:25:10", "status_suara": true, "status_adm": true}