{"chart": {"null": null, "100025": 134, "100026": 58, "100027": 27}, "images": ["https://sirekap-obj-formc.kpu.go.id/a147/pemilu/ppwp/31/73/01/10/02/3173011002181-20240215-215218--ca67bcf9-bd47-43e8-8985-412d5cc7787d.jpg", "https://sirekap-obj-formc.kpu.go.id/a147/pemilu/ppwp/31/73/01/10/02/3173011002181-20240215-215220--0e3b8638-21e7-4606-ae73-df6f73794c81.jpg", "https://sirekap-obj-formc.kpu.go.id/a147/pemilu/ppwp/31/73/01/10/02/3173011002181-20240215-215219--97f59a1f-c317-474c-847d-f37d1e1f32b4.jpg"], "administrasi": {"suara_sah": 219, "suara_total": 221, "pemilih_dpt_j": 269, "pemilih_dpt_l": 144, "pemilih_dpt_p": 125, "pengguna_dpt_j": 215, "pengguna_dpt_l": 111, "pengguna_dpt_p": 104, "pengguna_dptb_j": 2, "pengguna_dptb_l": 1, "pengguna_dptb_p": 1, "suara_tidak_sah": 2, "pengguna_total_j": 221, "pengguna_total_l": 115, "pengguna_total_p": 106, "pengguna_non_dpt_j": 4, "pengguna_non_dpt_l": 3, "pengguna_non_dpt_p": 1}, "psu": null, "ts": "2024-02-15 23:29:50", "status_suara": true, "status_adm": true}