{"chart": {"null": null, "100025": 4, "100026": 120, "100027": 122}, "images": ["https://sirekap-obj-formc.kpu.go.id/12a9/pemilu/ppwp/31/73/01/10/06/3173011006275-20240214-203902--689d1a17-6f4d-48da-8b27-3c519f71aeb7.jpg", "https://sirekap-obj-formc.kpu.go.id/12a9/pemilu/ppwp/31/73/01/10/06/3173011006275-20240214-202744--c032d7e1-ee62-443c-8417-d67313093891.jpg", "https://sirekap-obj-formc.kpu.go.id/12a9/pemilu/ppwp/31/73/01/10/06/3173011006275-20240214-202838--6ca9607e-402f-4807-9303-688b9206fbe2.jpg"], "administrasi": {"suara_sah": 246, "suara_total": 247, "pemilih_dpt_j": 288, "pemilih_dpt_l": 135, "pemilih_dpt_p": 153, "pengguna_dpt_j": 225, "pengguna_dpt_l": 106, "pengguna_dpt_p": 119, "pengguna_dptb_j": 19, "pengguna_dptb_l": 8, "pengguna_dptb_p": 11, "suara_tidak_sah": 1, "pengguna_total_j": 247, "pengguna_total_l": 115, "pengguna_total_p": 132, "pengguna_non_dpt_j": 3, "pengguna_non_dpt_l": 1, "pengguna_non_dpt_p": 2}, "psu": null, "ts": "2024-02-15 00:41:44", "status_suara": true, "status_adm": true}