{"chart": {"null": null, "100025": 53, "100026": 118, "100027": 36}, "images": ["https://sirekap-obj-formc.kpu.go.id/e755/pemilu/ppwp/31/73/01/10/05/3173011005116-20240214-185857--50d2d8f9-47a0-4a1f-9915-6493500872cc.jpg", "https://sirekap-obj-formc.kpu.go.id/e755/pemilu/ppwp/31/73/01/10/05/3173011005116-20240214-185958--1c01ec74-3b96-46fa-b72e-2a07d966eef6.jpg", "https://sirekap-obj-formc.kpu.go.id/e755/pemilu/ppwp/31/73/01/10/05/3173011005116-20240214-185737--5aaae406-aa55-456e-b465-ac82fe9d3dca.jpg"], "administrasi": {"suara_sah": 207, "suara_total": 209, "pemilih_dpt_j": 276, "pemilih_dpt_l": 138, "pemilih_dpt_p": 138, "pengguna_dpt_j": 202, "pengguna_dpt_l": 96, "pengguna_dpt_p": 106, "pengguna_dptb_j": 0, "pengguna_dptb_l": 0, "pengguna_dptb_p": 0, "suara_tidak_sah": 2, "pengguna_total_j": 209, "pengguna_total_l": 102, "pengguna_total_p": 107, "pengguna_non_dpt_j": 7, "pengguna_non_dpt_l": 6, "pengguna_non_dpt_p": 1}, "psu": null, "ts": "2024-02-15 00:41:44", "status_suara": true, "status_adm": true}