{"mode": "hhcw", "chart": {"null": null, "100025": 109, "100026": 66, "100027": 24}, "images": ["https://sirekap-obj-formc.kpu.go.id/7573/pemilu/ppwp/31/73/01/10/02/3173011002028-20240216-133116--82a45efa-edab-44aa-a21c-f9dbf2968290.jpg", "https://sirekap-obj-formc.kpu.go.id/7573/pemilu/ppwp/31/73/01/10/02/3173011002028-20240216-133118--e8e96e49-a71b-4a67-8bca-b5485eb89006.jpg", "https://sirekap-obj-formc.kpu.go.id/7573/pemilu/ppwp/31/73/01/10/02/3173011002028-20240216-133117--22197dae-588a-48e5-81f4-066782809fde.jpg"], "administrasi": {"suara_sah": 199, "suara_total": 200, "pemilih_dpt_j": 269, "pemilih_dpt_l": 138, "pemilih_dpt_p": 131, "pengguna_dpt_j": 198, "pengguna_dpt_l": 97, "pengguna_dpt_p": 101, "pengguna_dptb_j": 0, "pengguna_dptb_l": 0, "pengguna_dptb_p": 0, "suara_tidak_sah": 1, "pengguna_total_j": 200, "pengguna_total_l": 98, "pengguna_total_p": 102, "pengguna_non_dpt_j": 2, "pengguna_non_dpt_l": 1, "pengguna_non_dpt_p": 1}, "psu": null, "ts": "2024-02-16 16:25:10", "status_suara": true, "status_adm": true}