{"chart": {"null": null, "100025": 36, "100026": 98, "100027": 69}, "images": ["https://sirekap-obj-formc.kpu.go.id/0656/pemilu/ppwp/31/73/01/10/05/3173011005020-20240215-011102--c9312cae-9b5f-4fc6-babd-4a6692bc11c4.jpg", "https://sirekap-obj-formc.kpu.go.id/0656/pemilu/ppwp/31/73/01/10/05/3173011005020-20240215-010808--ad8f8787-2516-46c9-bd79-97edd8f593a8.jpg", "https://sirekap-obj-formc.kpu.go.id/0656/pemilu/ppwp/31/73/01/10/05/3173011005020-20240215-011226--ae28f421-57fd-477e-96f2-b1d34a7fa8fd.jpg"], "administrasi": {"suara_sah": 203, "suara_total": 206, "pemilih_dpt_j": 293, "pemilih_dpt_l": 141, "pemilih_dpt_p": 152, "pengguna_dpt_j": 203, "pengguna_dpt_l": 91, "pengguna_dpt_p": 112, "pengguna_dptb_j": 0, "pengguna_dptb_l": 0, "pengguna_dptb_p": 0, "suara_tidak_sah": 3, "pengguna_total_j": 206, "pengguna_total_l": 93, "pengguna_total_p": 113, "pengguna_non_dpt_j": 3, "pengguna_non_dpt_l": 2, "pengguna_non_dpt_p": 1}, "psu": null, "ts": "2024-02-15 04:00:24", "status_suara": true, "status_adm": true}