{"chart": {"null": null, "100025": 23, "100026": 80, "100027": 50}, "images": ["https://sirekap-obj-formc.kpu.go.id/e7b6/pemilu/ppwp/31/73/01/10/05/3173011005026-20240214-203036--ae719d30-e5da-47b9-ac44-e4b9fab8c28a.jpg", "https://sirekap-obj-formc.kpu.go.id/e7b6/pemilu/ppwp/31/73/01/10/05/3173011005026-20240214-203201--43826aff-bd77-4c0f-8151-f0eb4715cb40.jpg", "https://sirekap-obj-formc.kpu.go.id/e7b6/pemilu/ppwp/31/73/01/10/05/3173011005026-20240214-203528--e4ccfcdf-287e-4cd4-b903-a68b8b22c267.jpg"], "administrasi": {"suara_sah": 153, "suara_total": 157, "pemilih_dpt_j": 210, "pemilih_dpt_l": 96, "pemilih_dpt_p": 114, "pengguna_dpt_j": 155, "pengguna_dpt_l": 65, "pengguna_dpt_p": 90, "pengguna_dptb_j": 0, "pengguna_dptb_l": 0, "pengguna_dptb_p": 0, "suara_tidak_sah": 4, "pengguna_total_j": 157, "pengguna_total_l": 66, "pengguna_total_p": 91, "pengguna_non_dpt_j": 2, "pengguna_non_dpt_l": 1, "pengguna_non_dpt_p": 1}, "psu": null, "ts": "2024-02-15 00:41:44", "status_suara": true, "status_adm": true}