{"chart": null, "images": ["https://sirekap-obj-formc.kpu.go.id/e939/pemilu/ppwp/31/73/01/10/06/3173011006270-20240216-082924--17b3895b-6507-4e71-b589-b1d4ef6e21ff.jpg", null, "https://sirekap-obj-formc.kpu.go.id/e939/pemilu/ppwp/31/73/01/10/06/3173011006270-20240216-082925--46ffe43e-b03c-4205-9507-64ea688f736e.jpg"], "administrasi": {"suara_sah": 222, "suara_total": 223, "pemilih_dpt_j": 278, "pemilih_dpt_l": 131, "pemilih_dpt_p": 147, "pengguna_dpt_j": 219, "pengguna_dpt_l": 105, "pengguna_dpt_p": 114, "pengguna_dptb_j": 2, "pengguna_dptb_l": 0, "pengguna_dptb_p": 2, "suara_tidak_sah": 1, "pengguna_total_j": 223, "pengguna_total_l": 106, "pengguna_total_p": 117, "pengguna_non_dpt_j": 2, "pengguna_non_dpt_l": 1, "pengguna_non_dpt_p": 1}, "psu": null, "ts": "2024-02-16 08:30:27", "status_suara": false, "status_adm": true}