{"chart": null, "images": ["https://sirekap-obj-formc.kpu.go.id/8897/pemilu/ppwp/31/73/01/10/02/3173011002193-20240214-155717--132324df-dba5-4b74-bf5b-702cbbd34a88.jpg", "https://sirekap-obj-formc.kpu.go.id/8897/pemilu/ppwp/31/73/01/10/02/3173011002193-20240214-155837--d0ac7106-5afd-446e-900e-6edeb8e10355.jpg", "https://sirekap-obj-formc.kpu.go.id/8897/pemilu/ppwp/31/73/01/10/02/3173011002193-20240214-160058--49a2da39-670a-43e8-8eae-4477366b1faf.jpg"], "administrasi": null, "psu": null, "ts": "2024-02-14 21:46:01", "status_suara": false, "status_adm": false}