{"chart": {"null": null, "100025": 26, "100026": 130, "100027": 73}, "images": ["https://sirekap-obj-formc.kpu.go.id/1ed7/pemilu/ppwp/31/73/01/10/05/3173011005017-20240214-220826--e40a5ba3-f884-4be6-a04e-99ac5e0aec27.jpg", "https://sirekap-obj-formc.kpu.go.id/1ed7/pemilu/ppwp/31/73/01/10/05/3173011005017-20240214-141633--e1aaa21f-acd4-47cc-ac2c-f7c9c8aee840.jpg", "https://sirekap-obj-formc.kpu.go.id/1ed7/pemilu/ppwp/31/73/01/10/05/3173011005017-20240214-221246--bfd3a5ec-c822-4177-a938-a19b2534231d.jpg"], "administrasi": null, "psu": null, "ts": "2024-02-15 23:29:50", "status_suara": true, "status_adm": false}