{"chart": null, "images": ["https://sirekap-obj-formc.kpu.go.id/12ce/pemilu/ppwp/31/73/01/10/06/3173011006239-20240215-210643--5c4aaf4e-e332-45ad-b1f5-9bf125695e10.jpg", null, "https://sirekap-obj-formc.kpu.go.id/12ce/pemilu/ppwp/31/73/01/10/06/3173011006239-20240215-210644--3cc67d60-aec2-4044-b93e-60356e93d683.jpg"], "administrasi": {"suara_sah": 190, "suara_total": 191, "pemilih_dpt_j": 274, "pemilih_dpt_l": 127, "pemilih_dpt_p": 147, "pengguna_dpt_j": 189, "pengguna_dpt_l": 88, "pengguna_dpt_p": 101, "pengguna_dptb_j": 2, "pengguna_dptb_l": 0, "pengguna_dptb_p": 2, "suara_tidak_sah": 1, "pengguna_total_j": 191, "pengguna_total_l": 88, "pengguna_total_p": 103, "pengguna_non_dpt_j": 0, "pengguna_non_dpt_l": 0, "pengguna_non_dpt_p": 0}, "psu": null, "ts": "2024-02-15 21:30:27", "status_suara": false, "status_adm": true}