{"mode": "hhcw", "chart": {"null": null, "100025": 96, "100026": 85, "100027": 28}, "images": ["https://sirekap-obj-formc.kpu.go.id/721b/pemilu/ppwp/31/73/01/10/02/3173011002098-20240216-081226--4ea2ad0a-ea46-454a-adde-2d7561420794.jpg", "https://sirekap-obj-formc.kpu.go.id/721b/pemilu/ppwp/31/73/01/10/02/3173011002098-20240216-081227--d6855969-5835-45ed-a8fd-8417545b0414.jpg", "https://sirekap-obj-formc.kpu.go.id/721b/pemilu/ppwp/31/73/01/10/02/3173011002098-20240214-160107--f37bc82c-9402-43a3-a233-ccb4c836a24e.jpg"], "administrasi": {"suara_sah": 209, "suara_total": 213, "pemilih_dpt_j": 277, "pemilih_dpt_l": 139, "pemilih_dpt_p": 138, "pengguna_dpt_j": 211, "pengguna_dpt_l": 105, "pengguna_dpt_p": 106, "pengguna_dptb_j": 0, "pengguna_dptb_l": 0, "pengguna_dptb_p": 0, "suara_tidak_sah": 4, "pengguna_total_j": 214, "pengguna_total_l": 106, "pengguna_total_p": 108, "pengguna_non_dpt_j": 3, "pengguna_non_dpt_l": 1, "pengguna_non_dpt_p": 2}, "psu": null, "ts": "2024-02-16 16:25:10", "status_suara": true, "status_adm": true}