{"chart": null, "images": ["https://sirekap-obj-formc.kpu.go.id/e9cf/pemilu/ppwp/31/73/01/10/02/3173011002020-20240215-065449--44deaad2-9ca9-4b0a-aac2-596a3c3fc46a.jpg", "https://sirekap-obj-formc.kpu.go.id/e9cf/pemilu/ppwp/31/73/01/10/02/3173011002020-20240215-065543--3a497361-3ad6-4a82-aaad-7fecf3e323de.jpg", "https://sirekap-obj-formc.kpu.go.id/e9cf/pemilu/ppwp/31/73/01/10/02/3173011002020-20240215-071041--4bb1a762-2333-483c-b562-5a4b5577acec.jpg"], "administrasi": null, "psu": null, "ts": "2024-02-15 19:30:26", "status_suara": false, "status_adm": false}