{"mode": "hhcw", "chart": {"null": null, "100025": 158, "100026": 61, "100027": 14}, "images": ["https://sirekap-obj-formc.kpu.go.id/ddf3/pemilu/ppwp/31/73/01/10/02/3173011002045-20240216-132327--1cc2d2ce-7fa9-4bd9-a476-5453fc91cfb6.jpg", "https://sirekap-obj-formc.kpu.go.id/ddf3/pemilu/ppwp/31/73/01/10/02/3173011002045-20240216-132328--a7d498d7-059f-47c3-b028-729718f1f0e3.jpg", "https://sirekap-obj-formc.kpu.go.id/ddf3/pemilu/ppwp/31/73/01/10/02/3173011002045-20240216-132328--0450ab94-6aa6-44d1-a3fd-cd75753c7132.jpg"], "administrasi": {"suara_sah": 233, "suara_total": 234, "pemilih_dpt_j": 276, "pemilih_dpt_l": 139, "pemilih_dpt_p": 137, "pengguna_dpt_j": 231, "pengguna_dpt_l": 117, "pengguna_dpt_p": 114, "pengguna_dptb_j": 1, "pengguna_dptb_l": 1, "pengguna_dptb_p": 0, "suara_tidak_sah": 1, "pengguna_total_j": 234, "pengguna_total_l": 119, "pengguna_total_p": 115, "pengguna_non_dpt_j": 2, "pengguna_non_dpt_l": 1, "pengguna_non_dpt_p": 1}, "psu": null, "ts": "2024-02-16 16:25:10", "status_suara": true, "status_adm": true}