{"chart": null, "images": ["https://sirekap-obj-formc.kpu.go.id/98d2/pemilu/ppwp/31/73/01/10/06/3173011006273-20240214-232928--28cce598-8a2d-47c2-85c9-6c1b54bea3d4.jpg", "https://sirekap-obj-formc.kpu.go.id/98d2/pemilu/ppwp/31/73/01/10/06/3173011006273-20240215-004449--ca3a4d29-a1d3-469b-8633-8071230f9c1f.jpg", "https://sirekap-obj-formc.kpu.go.id/98d2/pemilu/ppwp/31/73/01/10/06/3173011006273-20240215-004607--0b378c95-dae5-42ad-bf97-30bf01ec6fe3.jpg"], "administrasi": null, "psu": null, "ts": "2024-02-15 07:00:44", "status_suara": false, "status_adm": false}