{"mode": "hhcw", "chart": {"null": null, "100025": 93, "100026": 90, "100027": 29}, "images": ["https://sirekap-obj-formc.kpu.go.id/b5d8/pemilu/ppwp/31/73/01/10/02/3173011002059-20240216-133550--ca897fcc-3b4b-4a3c-a339-79119bca0775.jpg", "https://sirekap-obj-formc.kpu.go.id/b5d8/pemilu/ppwp/31/73/01/10/02/3173011002059-20240216-133551--7f8998f1-bac5-4f87-b818-a78661381d41.jpg", "https://sirekap-obj-formc.kpu.go.id/b5d8/pemilu/ppwp/31/73/01/10/02/3173011002059-20240216-133550--852c4d94-0c20-4fab-985a-166ee16fe388.jpg"], "administrasi": {"suara_sah": 212, "suara_total": 214, "pemilih_dpt_j": 274, "pemilih_dpt_l": 104, "pemilih_dpt_p": 170, "pengguna_dpt_j": 213, "pengguna_dpt_l": 103, "pengguna_dpt_p": 110, "pengguna_dptb_j": 1, "pengguna_dptb_l": 1, "pengguna_dptb_p": 0, "suara_tidak_sah": 2, "pengguna_total_j": 214, "pengguna_total_l": 104, "pengguna_total_p": 110, "pengguna_non_dpt_j": 0, "pengguna_non_dpt_l": 0, "pengguna_non_dpt_p": 0}, "psu": null, "ts": "2024-02-16 16:25:10", "status_suara": true, "status_adm": true}