{"chart": {"null": null, "100025": 41, "100026": 119, "100027": 57}, "images": ["https://sirekap-obj-formc.kpu.go.id/7890/pemilu/ppwp/31/73/01/10/05/3173011005051-20240214-204439--c56d2902-7133-4ce0-a62a-ad140ecdadc2.jpg", "https://sirekap-obj-formc.kpu.go.id/7890/pemilu/ppwp/31/73/01/10/05/3173011005051-20240214-204612--25e403b3-0be9-4f5b-a2e4-d98014f0a655.jpg", "https://sirekap-obj-formc.kpu.go.id/7890/pemilu/ppwp/31/73/01/10/05/3173011005051-20240214-204656--aa3a4d33-a868-4efe-8414-98b19a95636d.jpg"], "administrasi": {"suara_sah": 217, "suara_total": 220, "pemilih_dpt_j": 281, "pemilih_dpt_l": 136, "pemilih_dpt_p": 145, "pengguna_dpt_j": 220, "pengguna_dpt_l": 103, "pengguna_dpt_p": 117, "pengguna_dptb_j": 0, "pengguna_dptb_l": 0, "pengguna_dptb_p": 0, "suara_tidak_sah": 3, "pengguna_total_j": 220, "pengguna_total_l": 103, "pengguna_total_p": 117, "pengguna_non_dpt_j": 0, "pengguna_non_dpt_l": 0, "pengguna_non_dpt_p": 0}, "psu": null, "ts": "2024-02-15 00:41:44", "status_suara": true, "status_adm": true}