{"chart": {"null": null, "100025": 3, "100026": 59, "100027": 100}, "images": ["https://sirekap-obj-formc.kpu.go.id/43e3/pemilu/ppwp/31/73/01/10/02/3173011002214-20240215-120950--aed04d45-0cb1-483e-9084-ec43486197ab.jpg", "https://sirekap-obj-formc.kpu.go.id/43e3/pemilu/ppwp/31/73/01/10/02/3173011002214-20240215-121012--87797f77-dc38-471b-bb6c-02f293114e07.jpg", "https://sirekap-obj-formc.kpu.go.id/43e3/pemilu/ppwp/31/73/01/10/02/3173011002214-20240215-121001--31b45450-ae01-4118-ba57-47cb6a7bbe50.jpg"], "administrasi": {"suara_sah": 162, "suara_total": 165, "pemilih_dpt_j": 160, "pemilih_dpt_l": 79, "pemilih_dpt_p": 81, "pengguna_dpt_j": 160, "pengguna_dpt_l": 79, "pengguna_dpt_p": 81, "pengguna_dptb_j": 5, "pengguna_dptb_l": 1, "pengguna_dptb_p": 4, "suara_tidak_sah": 3, "pengguna_total_j": 165, "pengguna_total_l": 80, "pengguna_total_p": 85, "pengguna_non_dpt_j": 0, "pengguna_non_dpt_l": 0, "pengguna_non_dpt_p": 0}, "psu": null, "ts": "2024-02-15 16:30:25", "status_suara": true, "status_adm": true}