{"chart": {"null": null, "100025": 96, "100026": 77, "100027": 20}, "images": ["https://sirekap-obj-formc.kpu.go.id/c091/pemilu/ppwp/31/73/01/10/02/3173011002175-20240214-224704--01ff5e21-f2f6-4f04-a47d-28d4bf13e0bc.jpg", "https://sirekap-obj-formc.kpu.go.id/c091/pemilu/ppwp/31/73/01/10/02/3173011002175-20240214-155455--0df8fbcc-d0da-4ba5-9012-79f1361e59ab.jpg", "https://sirekap-obj-formc.kpu.go.id/c091/pemilu/ppwp/31/73/01/10/02/3173011002175-20240214-155150--91bb17da-53a2-4c69-9ab7-40625114ab9e.jpg"], "administrasi": {"suara_sah": 193, "suara_total": 195, "pemilih_dpt_j": 262, "pemilih_dpt_l": 125, "pemilih_dpt_p": 137, "pengguna_dpt_j": 194, "pengguna_dpt_l": 92, "pengguna_dpt_p": 102, "pengguna_dptb_j": 0, "pengguna_dptb_l": 0, "pengguna_dptb_p": 0, "suara_tidak_sah": 2, "pengguna_total_j": 195, "pengguna_total_l": 92, "pengguna_total_p": 103, "pengguna_non_dpt_j": 1, "pengguna_non_dpt_l": 0, "pengguna_non_dpt_p": 1}, "psu": null, "ts": "2024-02-15 06:00:23", "status_suara": true, "status_adm": true}