{"chart": {"null": null, "100025": 76, "100026": 93, "100027": 49}, "images": ["https://sirekap-obj-formc.kpu.go.id/b50e/pemilu/ppwp/31/73/01/10/05/3173011005089-20240214-204352--aa4ca6fc-1b60-4f51-b3d2-11c36fc9c3ed.jpg", "https://sirekap-obj-formc.kpu.go.id/b50e/pemilu/ppwp/31/73/01/10/05/3173011005089-20240214-204524--ba6d5fac-cbdb-416f-bfde-f2c94cd26699.jpg", "https://sirekap-obj-formc.kpu.go.id/b50e/pemilu/ppwp/31/73/01/10/05/3173011005089-20240214-204614--9555b795-cb89-423a-b6b0-97eee0fb10b4.jpg"], "administrasi": null, "psu": null, "ts": "2024-02-15 15:30:25", "status_suara": true, "status_adm": false}