{"chart": null, "images": ["https://sirekap-obj-formc.kpu.go.id/86fe/pemilu/ppwp/31/73/01/10/02/3173011002257-20240214-155310--082857ef-e19c-4476-8c9c-d2567ae2b9b7.jpg", "https://sirekap-obj-formc.kpu.go.id/86fe/pemilu/ppwp/31/73/01/10/02/3173011002257-20240214-155350--0403dc1c-730b-4fc0-8763-bec1c9b008f0.jpg", "https://sirekap-obj-formc.kpu.go.id/86fe/pemilu/ppwp/31/73/01/10/02/3173011002257-20240214-155500--07ec604d-8281-4ff4-beb2-3ea0104b1f72.jpg"], "administrasi": null, "psu": null, "ts": "2024-02-14 21:46:01", "status_suara": false, "status_adm": false}