{"chart": {"null": null, "100025": 161, "100026": 53, "100027": 21}, "images": ["https://sirekap-obj-formc.kpu.go.id/b693/pemilu/ppwp/31/73/01/10/02/3173011002006-20240214-162245--14142b6a-5205-448d-bb12-10c74800e26b.jpg", "https://sirekap-obj-formc.kpu.go.id/b693/pemilu/ppwp/31/73/01/10/02/3173011002006-20240214-190041--cc90aebb-c60d-4e5e-8e96-1268377916ef.jpg", "https://sirekap-obj-formc.kpu.go.id/b693/pemilu/ppwp/31/73/01/10/02/3173011002006-20240214-190042--ff2aef5c-d9e8-4b50-9d69-b3b6a88faf17.jpg"], "administrasi": {"suara_sah": 235, "suara_total": 237, "pemilih_dpt_j": 276, "pemilih_dpt_l": 145, "pemilih_dpt_p": 131, "pengguna_dpt_j": 232, "pengguna_dpt_l": 122, "pengguna_dpt_p": 110, "pengguna_dptb_j": 1, "pengguna_dptb_l": 1, "pengguna_dptb_p": 0, "suara_tidak_sah": 2, "pengguna_total_j": 237, "pengguna_total_l": 125, "pengguna_total_p": 112, "pengguna_non_dpt_j": 4, "pengguna_non_dpt_l": 2, "pengguna_non_dpt_p": 2}, "psu": null, "ts": "2024-02-15 16:30:25", "status_suara": true, "status_adm": true}