{"mode": "hhcw", "chart": {"null": null, "100025": 66, "100026": 102, "100027": 23}, "images": ["https://sirekap-obj-formc.kpu.go.id/ff76/pemilu/ppwp/31/73/01/10/02/3173011002134-20240216-132011--5ec87e3c-1268-4eed-909b-1dd01585483d.jpg", "https://sirekap-obj-formc.kpu.go.id/ff76/pemilu/ppwp/31/73/01/10/02/3173011002134-20240216-132012--6adb4390-16e9-4eb8-b56f-4b5bd7db6ead.jpg", "https://sirekap-obj-formc.kpu.go.id/ff76/pemilu/ppwp/31/73/01/10/02/3173011002134-20240216-132011--9ee2cb8a-5797-4943-879b-2edeba598959.jpg"], "administrasi": {"suara_sah": 191, "suara_total": 196, "pemilih_dpt_j": 269, "pemilih_dpt_l": 140, "pemilih_dpt_p": 129, "pengguna_dpt_j": 189, "pengguna_dpt_l": 93, "pengguna_dpt_p": 96, "pengguna_dptb_j": 0, "pengguna_dptb_l": 0, "pengguna_dptb_p": 0, "suara_tidak_sah": 5, "pengguna_total_j": 195, "pengguna_total_l": 97, "pengguna_total_p": 98, "pengguna_non_dpt_j": 6, "pengguna_non_dpt_l": 4, "pengguna_non_dpt_p": 2}, "psu": null, "ts": "2024-02-16 16:25:10", "status_suara": true, "status_adm": true}