{"chart": {"null": null, "100025": 22, "100026": 115, "100027": 73}, "images": ["https://sirekap-obj-formc.kpu.go.id/f4d6/pemilu/ppwp/31/73/01/10/05/3173011005002-20240216-010838--5bf51958-14b6-4951-8583-7c8e9c3741bd.jpg", "https://sirekap-obj-formc.kpu.go.id/f4d6/pemilu/ppwp/31/73/01/10/05/3173011005002-20240216-010840--84d698b2-1bcd-443d-b295-6f41332ad933.jpg", "https://sirekap-obj-formc.kpu.go.id/f4d6/pemilu/ppwp/31/73/01/10/05/3173011005002-20240216-010839--5848dbfc-e956-4a6e-ad56-ec5c6e032e14.jpg"], "administrasi": {"suara_sah": 210, "suara_total": 213, "pemilih_dpt_j": 289, "pemilih_dpt_l": 148, "pemilih_dpt_p": 141, "pengguna_dpt_j": 213, "pengguna_dpt_l": 107, "pengguna_dpt_p": 106, "pengguna_dptb_j": 0, "pengguna_dptb_l": 0, "pengguna_dptb_p": 0, "suara_tidak_sah": 3, "pengguna_total_j": 213, "pengguna_total_l": 107, "pengguna_total_p": 106, "pengguna_non_dpt_j": 0, "pengguna_non_dpt_l": 0, "pengguna_non_dpt_p": 0}, "psu": null, "ts": "2024-02-16 02:30:27", "status_suara": true, "status_adm": true}