{"chart": {"null": null, "100025": 3, "100026": 98, "100027": 108}, "images": ["https://sirekap-obj-formc.kpu.go.id/8dfe/pemilu/ppwp/31/73/01/10/02/3173011002204-20240216-004502--a26e85b5-1bf1-40d1-91f3-6b4c353fd2d7.jpg", "https://sirekap-obj-formc.kpu.go.id/8dfe/pemilu/ppwp/31/73/01/10/02/3173011002204-20240216-004513--16cb509c-8adc-42e5-a1f0-7c63d1cf39c4.jpg", "https://sirekap-obj-formc.kpu.go.id/8dfe/pemilu/ppwp/31/73/01/10/02/3173011002204-20240216-004504--c53f0965-2f46-4e75-9c78-9f74e0a9cba2.jpg"], "administrasi": {"suara_sah": 209, "suara_total": 213, "pemilih_dpt_j": 254, "pemilih_dpt_l": 118, "pemilih_dpt_p": 136, "pengguna_dpt_j": 200, "pengguna_dpt_l": 95, "pengguna_dpt_p": 105, "pengguna_dptb_j": 9, "pengguna_dptb_l": 5, "pengguna_dptb_p": 4, "suara_tidak_sah": 4, "pengguna_total_j": 213, "pengguna_total_l": 101, "pengguna_total_p": 112, "pengguna_non_dpt_j": 4, "pengguna_non_dpt_l": 1, "pengguna_non_dpt_p": 3}, "psu": null, "ts": "2024-02-16 01:30:27", "status_suara": true, "status_adm": true}