{"chart": {"null": null, "100025": 5, "100026": 109, "100027": 125}, "images": ["https://sirekap-obj-formc.kpu.go.id/a41d/pemilu/ppwp/31/73/01/10/02/3173011002200-20240214-155839--3cc8902d-8522-4fcc-a7fd-580e41b6e36b.jpg", "https://sirekap-obj-formc.kpu.go.id/a41d/pemilu/ppwp/31/73/01/10/02/3173011002200-20240214-160118--e4fa0b81-73c1-4a57-b43b-a4ba9b41ede4.jpg", "https://sirekap-obj-formc.kpu.go.id/a41d/pemilu/ppwp/31/73/01/10/02/3173011002200-20240214-160136--f5cc83ef-f237-4874-8124-bbae87486da7.jpg"], "administrasi": {"suara_sah": 239, "suara_total": 240, "pemilih_dpt_j": 280, "pemilih_dpt_l": 136, "pemilih_dpt_p": 144, "pengguna_dpt_j": 236, "pengguna_dpt_l": 111, "pengguna_dpt_p": 125, "pengguna_dptb_j": 3, "pengguna_dptb_l": 1, "pengguna_dptb_p": 2, "suara_tidak_sah": 1, "pengguna_total_j": 240, "pengguna_total_l": 112, "pengguna_total_p": 128, "pengguna_non_dpt_j": 1, "pengguna_non_dpt_l": 0, "pengguna_non_dpt_p": 1}, "psu": null, "ts": "2024-02-14 21:46:01", "status_suara": true, "status_adm": true}