{"chart": {"null": null, "100025": 139, "100026": 66, "100027": 14}, "images": ["https://sirekap-obj-formc.kpu.go.id/b93e/pemilu/ppwp/31/73/01/10/02/3173011002007-20240216-001618--8828b4d0-6d0e-4eb6-8c8e-4e3f4909c70f.jpg", "https://sirekap-obj-formc.kpu.go.id/b93e/pemilu/ppwp/31/73/01/10/02/3173011002007-20240216-001619--d3208099-d414-4f0c-9631-24411d2d9c3e.jpg", "https://sirekap-obj-formc.kpu.go.id/b93e/pemilu/ppwp/31/73/01/10/02/3173011002007-20240216-001619--2f1c5cb0-558d-43f7-ab98-f6ff85258fd4.jpg"], "administrasi": {"suara_sah": 219, "suara_total": 222, "pemilih_dpt_j": 222, "pemilih_dpt_l": 104, "pemilih_dpt_p": 118, "pengguna_dpt_j": 206, "pengguna_dpt_l": 100, "pengguna_dpt_p": 106, "pengguna_dptb_j": 11, "pengguna_dptb_l": 2, "pengguna_dptb_p": 9, "suara_tidak_sah": 3, "pengguna_total_j": 222, "pengguna_total_l": 104, "pengguna_total_p": 118, "pengguna_non_dpt_j": 5, "pengguna_non_dpt_l": 2, "pengguna_non_dpt_p": 3}, "psu": null, "ts": "2024-02-16 01:30:27", "status_suara": true, "status_adm": true}