{"mode": "hhcw", "chart": null, "images": ["https://sirekap-obj-formc.kpu.go.id/1e66/pemilu/ppwp/31/73/01/10/06/3173011006259-20240216-151008--a49f107c-b615-47f2-b0f1-1cf9b2719b2e.jpg", null, "https://sirekap-obj-formc.kpu.go.id/1e66/pemilu/ppwp/31/73/01/10/06/3173011006259-20240216-151009--5de0a324-5afb-41ce-8f8a-34feb9623ee9.jpg"], "administrasi": {"suara_sah": 243, "suara_total": 244, "pemilih_dpt_j": 287, "pemilih_dpt_l": 149, "pemilih_dpt_p": 138, "pengguna_dpt_j": 235, "pengguna_dpt_l": 112, "pengguna_dpt_p": 124, "pengguna_dptb_j": 1, "pengguna_dptb_l": 1, "pengguna_dptb_p": 0, "suara_tidak_sah": 1, "pengguna_total_j": 244, "pengguna_total_l": 115, "pengguna_total_p": 129, "pengguna_non_dpt_j": 7, "pengguna_non_dpt_l": 2, "pengguna_non_dpt_p": 5}, "psu": null, "ts": "2024-02-16 16:25:10", "status_suara": false, "status_adm": true}