{"mode": "hhcw", "chart": {"null": null, "100025": 85, "100026": 90, "100027": 23}, "images": ["https://sirekap-obj-formc.kpu.go.id/c75d/pemilu/ppwp/31/73/01/10/02/3173011002032-20240216-152804--6223503a-f040-4e23-80b7-45f9fe651106.jpg", "https://sirekap-obj-formc.kpu.go.id/c75d/pemilu/ppwp/31/73/01/10/02/3173011002032-20240216-152805--1cbfc102-fc17-4023-a40b-de514ded607a.jpg", "https://sirekap-obj-formc.kpu.go.id/c75d/pemilu/ppwp/31/73/01/10/02/3173011002032-20240216-152804--43d570ad-4c56-41fe-8db7-59c813dba231.jpg"], "administrasi": {"suara_sah": 198, "suara_total": 202, "pemilih_dpt_j": 276, "pemilih_dpt_l": 136, "pemilih_dpt_p": 140, "pengguna_dpt_j": 201, "pengguna_dpt_l": 94, "pengguna_dpt_p": 107, "pengguna_dptb_j": 0, "pengguna_dptb_l": 0, "pengguna_dptb_p": 0, "suara_tidak_sah": 4, "pengguna_total_j": 202, "pengguna_total_l": 95, "pengguna_total_p": 107, "pengguna_non_dpt_j": 1, "pengguna_non_dpt_l": 1, "pengguna_non_dpt_p": 0}, "psu": null, "ts": "2024-02-16 16:25:10", "status_suara": true, "status_adm": true}