{"chart": null, "images": ["https://sirekap-obj-formc.kpu.go.id/30c2/pemilu/ppwp/31/73/01/10/05/3173011005050-20240216-053321--7a66b5b6-e005-42c7-9317-3daf49295f21.jpg", null, "https://sirekap-obj-formc.kpu.go.id/30c2/pemilu/ppwp/31/73/01/10/05/3173011005050-20240216-053329--b6436132-d543-4c71-9fcf-426eff4394ab.jpg"], "administrasi": {"suara_sah": 211, "suara_total": 217, "pemilih_dpt_j": 283, "pemilih_dpt_l": 140, "pemilih_dpt_p": 143, "pengguna_dpt_j": 217, "pengguna_dpt_l": 103, "pengguna_dpt_p": 114, "pengguna_dptb_j": 0, "pengguna_dptb_l": 0, "pengguna_dptb_p": 0, "suara_tidak_sah": 6, "pengguna_total_j": 217, "pengguna_total_l": 103, "pengguna_total_p": 114, "pengguna_non_dpt_j": 0, "pengguna_non_dpt_l": 0, "pengguna_non_dpt_p": 0}, "psu": null, "ts": "2024-02-16 06:00:27", "status_suara": false, "status_adm": true}