{"chart": {"null": null, "100025": 62, "100026": 135, "100027": 17}, "images": ["https://sirekap-obj-formc.kpu.go.id/baa7/pemilu/ppwp/31/73/01/10/05/3173011005063-20240214-202151--c8a755b4-22a0-4217-b40c-6f3eccf94bc3.jpg", "https://sirekap-obj-formc.kpu.go.id/baa7/pemilu/ppwp/31/73/01/10/05/3173011005063-20240214-201948--991dbdaf-31c0-4797-af3d-f26825106fd0.jpg", "https://sirekap-obj-formc.kpu.go.id/baa7/pemilu/ppwp/31/73/01/10/05/3173011005063-20240214-202356--601d8f10-075d-453c-8c1f-5fd7cdb19e82.jpg"], "administrasi": {"suara_sah": 214, "suara_total": 219, "pemilih_dpt_j": 290, "pemilih_dpt_l": 155, "pemilih_dpt_p": 135, "pengguna_dpt_j": 219, "pengguna_dpt_l": 111, "pengguna_dpt_p": 108, "pengguna_dptb_j": 0, "pengguna_dptb_l": 0, "pengguna_dptb_p": 0, "suara_tidak_sah": 5, "pengguna_total_j": 219, "pengguna_total_l": 111, "pengguna_total_p": 108, "pengguna_non_dpt_j": 0, "pengguna_non_dpt_l": 0, "pengguna_non_dpt_p": 0}, "psu": null, "ts": "2024-02-15 20:30:46", "status_suara": true, "status_adm": true}