{"chart": null, "images": ["https://sirekap-obj-formc.kpu.go.id/2cb5/pemilu/ppwp/31/73/01/10/06/3173011006240-20240214-231243--25114dc9-0b04-4f91-92f7-40e7f5ffbb50.jpg", "https://sirekap-obj-formc.kpu.go.id/2cb5/pemilu/ppwp/31/73/01/10/06/3173011006240-20240214-211344--d2fea74b-2aee-4d0b-b8db-c46a421c9b44.jpg", "https://sirekap-obj-formc.kpu.go.id/2cb5/pemilu/ppwp/31/73/01/10/06/3173011006240-20240214-213541--b2c9c030-367d-48dd-980e-ab532056dee3.jpg"], "administrasi": null, "psu": null, "ts": "2024-02-15 15:00:29", "status_suara": false, "status_adm": false}