{"chart": {"null": null, "100025": 100, "100026": 78, "100027": 8}, "images": ["https://sirekap-obj-formc.kpu.go.id/8ad4/pemilu/ppwp/31/73/01/10/02/3173011002227-20240215-134830--cb54c824-523f-4ce2-9c16-3b572bb14fcd.jpg", "https://sirekap-obj-formc.kpu.go.id/8ad4/pemilu/ppwp/31/73/01/10/02/3173011002227-20240215-135741--0a0e93a7-a1b4-4dd6-aba9-1174b9b116ae.jpg", "https://sirekap-obj-formc.kpu.go.id/8ad4/pemilu/ppwp/31/73/01/10/02/3173011002227-20240215-135943--4feb2fe3-109b-42d4-a5da-2b9c9c9c9248.jpg"], "administrasi": {"suara_sah": 186, "suara_total": 188, "pemilih_dpt_j": 242, "pemilih_dpt_l": 115, "pemilih_dpt_p": 127, "pengguna_dpt_j": 188, "pengguna_dpt_l": 90, "pengguna_dpt_p": 98, "pengguna_dptb_j": 0, "pengguna_dptb_l": 0, "pengguna_dptb_p": 0, "suara_tidak_sah": 2, "pengguna_total_j": 188, "pengguna_total_l": 90, "pengguna_total_p": 98, "pengguna_non_dpt_j": 0, "pengguna_non_dpt_l": 0, "pengguna_non_dpt_p": 0}, "psu": null, "ts": "2024-02-15 18:30:25", "status_suara": true, "status_adm": true}