{"mode": "hhcw", "chart": null, "images": ["https://sirekap-obj-formc.kpu.go.id/80f2/pemilu/ppwp/31/73/01/10/05/3173011005083-20240216-144036--1755fff6-4ac0-4c35-8fc4-b5395528a408.jpg", null, "https://sirekap-obj-formc.kpu.go.id/80f2/pemilu/ppwp/31/73/01/10/05/3173011005083-20240216-144037--37f9920e-9df0-40a7-bf04-39b3755fd5f1.jpg"], "administrasi": {"suara_sah": 181, "suara_total": 37, "pemilih_dpt_j": 282, "pemilih_dpt_l": 151, "pemilih_dpt_p": 131, "pengguna_dpt_j": 282, "pengguna_dpt_l": 151, "pengguna_dpt_p": 131, "pengguna_dptb_j": 0, "pengguna_dptb_l": 0, "pengguna_dptb_p": 0, "suara_tidak_sah": 2, "pengguna_total_j": 282, "pengguna_total_l": 151, "pengguna_total_p": 131, "pengguna_non_dpt_j": 0, "pengguna_non_dpt_l": 0, "pengguna_non_dpt_p": 0}, "psu": null, "ts": "2024-02-16 16:25:10", "status_suara": false, "status_adm": true}