{"chart": {"null": null, "100025": 76, "100026": 94, "100027": 50}, "images": ["https://sirekap-obj-formc.kpu.go.id/466f/pemilu/ppwp/31/73/01/10/06/3173011006173-20240214-213842--4a5548a8-6f56-40db-a1d7-f25a342ab732.jpg", "https://sirekap-obj-formc.kpu.go.id/466f/pemilu/ppwp/31/73/01/10/06/3173011006173-20240214-213904--600db193-97cc-436f-a98b-5c4cb085fd14.jpg", "https://sirekap-obj-formc.kpu.go.id/466f/pemilu/ppwp/31/73/01/10/06/3173011006173-20240214-213853--cf0a9101-c155-4c94-8805-f1088fa88c96.jpg"], "administrasi": {"suara_sah": 220, "suara_total": 226, "pemilih_dpt_j": 222, "pemilih_dpt_l": 107, "pemilih_dpt_p": 115, "pengguna_dpt_j": 222, "pengguna_dpt_l": 107, "pengguna_dpt_p": 115, "pengguna_dptb_j": 0, "pengguna_dptb_l": 0, "pengguna_dptb_p": 0, "suara_tidak_sah": 6, "pengguna_total_j": 226, "pengguna_total_l": 110, "pengguna_total_p": 116, "pengguna_non_dpt_j": 4, "pengguna_non_dpt_l": 3, "pengguna_non_dpt_p": 1}, "psu": null, "ts": "2024-02-15 00:41:44", "status_suara": true, "status_adm": true}