{"chart": null, "images": ["https://sirekap-obj-formc.kpu.go.id/af43/pemilu/ppwp/31/73/01/10/05/3173011005108-20240214-225742--86f2bce6-ab6c-487f-b312-ca01acf31e8c.jpg", "https://sirekap-obj-formc.kpu.go.id/af43/pemilu/ppwp/31/73/01/10/05/3173011005108-20240214-225908--328ecfff-2bb6-40b2-a9cd-46d38cdacda5.jpg", "https://sirekap-obj-formc.kpu.go.id/af43/pemilu/ppwp/31/73/01/10/05/3173011005108-20240214-230041--7940ff02-69bd-4770-a695-294f450d750a.jpg"], "administrasi": null, "psu": null, "ts": "2024-02-15 12:00:28", "status_suara": false, "status_adm": false}