{"chart": null, "images": ["https://sirekap-obj-formc.kpu.go.id/d7ae/pemilu/ppwp/31/73/01/10/02/3173011002153-20240215-000303--ae96315f-0e6a-42ff-9370-d1d107c7f3aa.jpg", "https://sirekap-obj-formc.kpu.go.id/d7ae/pemilu/ppwp/31/73/01/10/02/3173011002153-20240215-000341--e7bb505b-c7af-4fb9-bad7-25d1f66cb278.jpg", "https://sirekap-obj-formc.kpu.go.id/d7ae/pemilu/ppwp/31/73/01/10/02/3173011002153-20240215-015110--14b9b792-32d4-4382-976f-c48cb96f890f.jpg"], "administrasi": null, "psu": null, "ts": "2024-02-15 12:00:28", "status_suara": false, "status_adm": false}