{"mode": "hhcw", "chart": {"null": null, "100025": 126, "100026": 65, "100027": 39}, "images": ["https://sirekap-obj-formc.kpu.go.id/b039/pemilu/ppwp/31/73/01/10/02/3173011002013-20240216-135307--6140404e-c67f-425e-8f37-711ad7cbd82b.jpg", "https://sirekap-obj-formc.kpu.go.id/b039/pemilu/ppwp/31/73/01/10/02/3173011002013-20240216-135308--c7e00742-5c38-4f50-9aa8-9166b643524f.jpg", "https://sirekap-obj-formc.kpu.go.id/b039/pemilu/ppwp/31/73/01/10/02/3173011002013-20240216-135308--eeda7b13-c304-4381-b099-793ed4b76252.jpg"], "administrasi": {"suara_sah": 230, "suara_total": 231, "pemilih_dpt_j": 276, "pemilih_dpt_l": 149, "pemilih_dpt_p": 127, "pengguna_dpt_j": 230, "pengguna_dpt_l": 123, "pengguna_dpt_p": 107, "pengguna_dptb_j": 1, "pengguna_dptb_l": 0, "pengguna_dptb_p": 1, "suara_tidak_sah": 1, "pengguna_total_j": 231, "pengguna_total_l": 123, "pengguna_total_p": 108, "pengguna_non_dpt_j": 0, "pengguna_non_dpt_l": 0, "pengguna_non_dpt_p": 0}, "psu": null, "ts": "2024-02-16 16:25:10", "status_suara": true, "status_adm": true}