{"mode": "hhcw", "chart": {"null": null, "100025": 75, "100026": 105, "100027": 38}, "images": ["https://sirekap-obj-formc.kpu.go.id/3bca/pemilu/ppwp/31/73/01/10/02/3173011002143-20240216-132537--439a84cd-1ea6-4e20-b34b-ad30a21ec448.jpg", "https://sirekap-obj-formc.kpu.go.id/3bca/pemilu/ppwp/31/73/01/10/02/3173011002143-20240216-132538--ef31a6ea-7c70-42e3-9082-6400231e8c86.jpg", "https://sirekap-obj-formc.kpu.go.id/3bca/pemilu/ppwp/31/73/01/10/02/3173011002143-20240216-132537--6edeaaec-affa-4e95-8256-a975d83ac65d.jpg"], "administrasi": {"suara_sah": 218, "suara_total": 218, "pemilih_dpt_j": 266, "pemilih_dpt_l": 140, "pemilih_dpt_p": 126, "pengguna_dpt_j": 198, "pengguna_dpt_l": 102, "pengguna_dpt_p": 96, "pengguna_dptb_j": 11, "pengguna_dptb_l": 6, "pengguna_dptb_p": 5, "suara_tidak_sah": 0, "pengguna_total_j": 209, "pengguna_total_l": 108, "pengguna_total_p": 101, "pengguna_non_dpt_j": 0, "pengguna_non_dpt_l": 0, "pengguna_non_dpt_p": 0}, "psu": null, "ts": "2024-02-16 16:25:10", "status_suara": true, "status_adm": true}