{"chart": {"null": null, "100025": 36, "100026": 83, "100027": 39}, "images": ["https://sirekap-obj-formc.kpu.go.id/0cc7/pemilu/ppwp/31/73/01/10/02/3173011002144-20240214-194353--6d33c937-363a-489f-b187-e8b97e50dbe3.jpg", "https://sirekap-obj-formc.kpu.go.id/0cc7/pemilu/ppwp/31/73/01/10/02/3173011002144-20240214-194531--7ded0be3-63b3-42e9-9723-01eb712327fb.jpg", "https://sirekap-obj-formc.kpu.go.id/0cc7/pemilu/ppwp/31/73/01/10/02/3173011002144-20240214-194649--145fe123-c5cc-4f63-a90b-a4257922223f.jpg"], "administrasi": {"suara_sah": 158, "suara_total": 160, "pemilih_dpt_j": 196, "pemilih_dpt_l": 96, "pemilih_dpt_p": 100, "pengguna_dpt_j": 147, "pengguna_dpt_l": 71, "pengguna_dpt_p": 76, "pengguna_dptb_j": 9, "pengguna_dptb_l": 3, "pengguna_dptb_p": 6, "suara_tidak_sah": 2, "pengguna_total_j": 160, "pengguna_total_l": 76, "pengguna_total_p": 84, "pengguna_non_dpt_j": 4, "pengguna_non_dpt_l": 2, "pengguna_non_dpt_p": 2}, "psu": null, "ts": "2024-02-14 21:46:01", "status_suara": true, "status_adm": true}