{"chart": {"null": null, "100025": 54, "100026": 110, "100027": 50}, "images": ["https://sirekap-obj-formc.kpu.go.id/a75e/pemilu/ppwp/31/73/01/10/05/3173011005105-20240214-204859--ae7eed5e-2416-4062-a926-14d252836be1.jpg", "https://sirekap-obj-formc.kpu.go.id/a75e/pemilu/ppwp/31/73/01/10/05/3173011005105-20240214-203717--dce274a4-f051-4ecc-bf16-bbbdfb4ca360.jpg", "https://sirekap-obj-formc.kpu.go.id/a75e/pemilu/ppwp/31/73/01/10/05/3173011005105-20240214-203829--9503f4a9-edb6-48a9-98b9-f7f62673cfd7.jpg"], "administrasi": {"suara_sah": 214, "suara_total": 218, "pemilih_dpt_j": 280, "pemilih_dpt_l": 142, "pemilih_dpt_p": 138, "pengguna_dpt_j": 216, "pengguna_dpt_l": 105, "pengguna_dpt_p": 111, "pengguna_dptb_j": 0, "pengguna_dptb_l": 0, "pengguna_dptb_p": 0, "suara_tidak_sah": 4, "pengguna_total_j": 218, "pengguna_total_l": 105, "pengguna_total_p": 113, "pengguna_non_dpt_j": 2, "pengguna_non_dpt_l": 0, "pengguna_non_dpt_p": 2}, "psu": null, "ts": "2024-02-15 00:41:44", "status_suara": true, "status_adm": true}