{"chart": null, "images": ["https://sirekap-obj-formc.kpu.go.id/a855/pemilu/ppwp/31/73/01/10/05/3173011005036-20240216-053414--be4aab82-ff81-43b4-95cd-5edfe02437ce.jpg", null, "https://sirekap-obj-formc.kpu.go.id/a855/pemilu/ppwp/31/73/01/10/05/3173011005036-20240216-053421--3d85d696-22dd-41ef-a91c-d1dc0198bb59.jpg"], "administrasi": {"suara_sah": 181, "suara_total": 181, "pemilih_dpt_j": 232, "pemilih_dpt_l": 112, "pemilih_dpt_p": 120, "pengguna_dpt_j": 179, "pengguna_dpt_l": 83, "pengguna_dpt_p": 96, "pengguna_dptb_j": 0, "pengguna_dptb_l": 0, "pengguna_dptb_p": 0, "suara_tidak_sah": 0, "pengguna_total_j": 181, "pengguna_total_l": 84, "pengguna_total_p": 97, "pengguna_non_dpt_j": 2, "pengguna_non_dpt_l": 1, "pengguna_non_dpt_p": 1}, "psu": null, "ts": "2024-02-16 06:00:27", "status_suara": false, "status_adm": true}