{"chart": {"null": null, "100025": 47, "100026": 116, "100027": 45}, "images": ["https://sirekap-obj-formc.kpu.go.id/317f/pemilu/ppwp/31/73/01/10/05/3173011005091-20240214-155833--c3142ac2-36c1-4b57-b1af-4ddc92259f43.jpg", "https://sirekap-obj-formc.kpu.go.id/317f/pemilu/ppwp/31/73/01/10/05/3173011005091-20240214-155455--ae1d054b-2d85-4336-bd3a-1a1a1a1c98d1.jpg", "https://sirekap-obj-formc.kpu.go.id/317f/pemilu/ppwp/31/73/01/10/05/3173011005091-20240216-050442--d7b787e1-f652-4d85-8564-5bdd50fc631f.jpg"], "administrasi": {"suara_sah": 208, "suara_total": 212, "pemilih_dpt_j": 212, "pemilih_dpt_l": 104, "pemilih_dpt_p": 108, "pengguna_dpt_j": 212, "pengguna_dpt_l": 104, "pengguna_dpt_p": 108, "pengguna_dptb_j": 0, "pengguna_dptb_l": 0, "pengguna_dptb_p": 0, "suara_tidak_sah": 4, "pengguna_total_j": 212, "pengguna_total_l": 104, "pengguna_total_p": 108, "pengguna_non_dpt_j": 0, "pengguna_non_dpt_l": 0, "pengguna_non_dpt_p": 0}, "psu": null, "ts": "2024-02-16 05:30:26", "status_suara": true, "status_adm": true}