{"chart": {"null": null, "100025": 43, "100026": 135, "100027": 49}, "images": ["https://sirekap-obj-formc.kpu.go.id/c8b7/pemilu/ppwp/31/73/01/10/06/3173011006268-20240215-013435--241aa53b-7f99-4caa-ae23-62ec74ff3099.jpg", "https://sirekap-obj-formc.kpu.go.id/c8b7/pemilu/ppwp/31/73/01/10/06/3173011006268-20240215-013457--dc908f47-c01d-4dfc-8723-0c714d4e080f.jpg", "https://sirekap-obj-formc.kpu.go.id/c8b7/pemilu/ppwp/31/73/01/10/06/3173011006268-20240215-013446--1d8436cf-a45a-46e7-86a5-4abd23142a4c.jpg"], "administrasi": {"suara_sah": 227, "suara_total": 230, "pemilih_dpt_j": 282, "pemilih_dpt_l": 139, "pemilih_dpt_p": 143, "pengguna_dpt_j": 223, "pengguna_dpt_l": 110, "pengguna_dpt_p": 113, "pengguna_dptb_j": 5, "pengguna_dptb_l": 2, "pengguna_dptb_p": 3, "suara_tidak_sah": 3, "pengguna_total_j": 230, "pengguna_total_l": 113, "pengguna_total_p": 117, "pengguna_non_dpt_j": 2, "pengguna_non_dpt_l": 1, "pengguna_non_dpt_p": 1}, "psu": null, "ts": "2024-02-15 01:47:43", "status_suara": true, "status_adm": true}