{"chart": null, "images": ["https://sirekap-obj-formc.kpu.go.id/2af4/pemilu/ppwp/31/73/01/10/06/3173011006205-20240216-033714--ee3be0c5-d45e-4396-96ae-df2cbbb36c0b.jpg", null, "https://sirekap-obj-formc.kpu.go.id/2af4/pemilu/ppwp/31/73/01/10/06/3173011006205-20240216-033716--481a0e0d-043a-4bac-b8f9-1011a47b7f05.jpg"], "administrasi": {"suara_sah": 209, "suara_total": 210, "pemilih_dpt_j": 259, "pemilih_dpt_l": 138, "pemilih_dpt_p": 121, "pengguna_dpt_j": 195, "pengguna_dpt_l": 95, "pengguna_dpt_p": 100, "pengguna_dptb_j": 13, "pengguna_dptb_l": 13, "pengguna_dptb_p": 0, "suara_tidak_sah": 1, "pengguna_total_j": 210, "pengguna_total_l": 109, "pengguna_total_p": 101, "pengguna_non_dpt_j": 2, "pengguna_non_dpt_l": 1, "pengguna_non_dpt_p": 1}, "psu": null, "ts": "2024-02-16 04:00:27", "status_suara": false, "status_adm": true}