{"chart": null, "images": ["https://sirekap-obj-formc.kpu.go.id/79b6/pemilu/ppwp/31/73/01/10/06/3173011006174-20240216-110950--d221477b-9ec4-4406-93ef-4a330717efd0.jpg", null, "https://sirekap-obj-formc.kpu.go.id/79b6/pemilu/ppwp/31/73/01/10/06/3173011006174-20240216-110951--043feb92-024a-46e5-a11f-ed7844796e7a.jpg"], "administrasi": {"suara_sah": 188, "suara_total": 192, "pemilih_dpt_j": 282, "pemilih_dpt_l": 137, "pemilih_dpt_p": 145, "pengguna_dpt_j": 189, "pengguna_dpt_l": 88, "pengguna_dpt_p": 101, "pengguna_dptb_j": 3, "pengguna_dptb_l": 0, "pengguna_dptb_p": 3, "suara_tidak_sah": 4, "pengguna_total_j": 192, "pengguna_total_l": 88, "pengguna_total_p": 104, "pengguna_non_dpt_j": 0, "pengguna_non_dpt_l": 0, "pengguna_non_dpt_p": 0}, "psu": null, "ts": "2024-02-16 12:51:22", "status_suara": false, "status_adm": true}