{"chart": {"null": null, "100025": 173, "100026": 60, "100027": 31}, "images": ["https://sirekap-obj-formc.kpu.go.id/d65a/pemilu/ppwp/31/73/01/10/02/3173011002081-20240215-150401--0f837043-dfcb-4ced-a3bf-a21645e5d6d9.jpg", "https://sirekap-obj-formc.kpu.go.id/d65a/pemilu/ppwp/31/73/01/10/02/3173011002081-20240215-150548--b4ec71ff-1d3f-4c2f-8fe8-9fc8d73a47ce.jpg", "https://sirekap-obj-formc.kpu.go.id/d65a/pemilu/ppwp/31/73/01/10/02/3173011002081-20240215-150754--1c568647-3806-41e6-a2cd-8caa6856bc8f.jpg"], "administrasi": {"suara_sah": 264, "suara_total": 264, "pemilih_dpt_j": 269, "pemilih_dpt_l": 139, "pemilih_dpt_p": 130, "pengguna_dpt_j": 239, "pengguna_dpt_l": 123, "pengguna_dpt_p": 116, "pengguna_dptb_j": 13, "pengguna_dptb_l": 6, "pengguna_dptb_p": 7, "suara_tidak_sah": 0, "pengguna_total_j": 264, "pengguna_total_l": 135, "pengguna_total_p": 129, "pengguna_non_dpt_j": 12, "pengguna_non_dpt_l": 6, "pengguna_non_dpt_p": 6}, "psu": null, "ts": "2024-02-15 18:00:26", "status_suara": true, "status_adm": true}