{"chart": {"null": null, "100025": 43, "100026": 108, "100027": 38}, "images": ["https://sirekap-obj-formc.kpu.go.id/4d55/pemilu/ppwp/31/73/01/10/05/3173011005033-20240216-003252--e77dbb11-bcce-47cc-842b-58b52c0cc3e8.jpg", "https://sirekap-obj-formc.kpu.go.id/4d55/pemilu/ppwp/31/73/01/10/05/3173011005033-20240216-003255--4f101b32-22bf-42fd-a5d2-a7ff30567db8.jpg", "https://sirekap-obj-formc.kpu.go.id/4d55/pemilu/ppwp/31/73/01/10/05/3173011005033-20240216-003253--313eb351-6d69-4908-aa8f-cb620db05d70.jpg"], "administrasi": {"suara_sah": 189, "suara_total": 194, "pemilih_dpt_j": 281, "pemilih_dpt_l": 145, "pemilih_dpt_p": 136, "pengguna_dpt_j": 190, "pengguna_dpt_l": 95, "pengguna_dpt_p": 95, "pengguna_dptb_j": 0, "pengguna_dptb_l": 0, "pengguna_dptb_p": 0, "suara_tidak_sah": 5, "pengguna_total_j": 194, "pengguna_total_l": 99, "pengguna_total_p": 95, "pengguna_non_dpt_j": 4, "pengguna_non_dpt_l": 4, "pengguna_non_dpt_p": 0}, "psu": null, "ts": "2024-02-16 02:30:27", "status_suara": true, "status_adm": true}