{"mode": "hhcw", "chart": {"null": null, "100025": 102, "100026": 91, "100027": 23}, "images": ["https://sirekap-obj-formc.kpu.go.id/4216/pemilu/ppwp/31/73/01/10/02/3173011002241-20240216-033621--4512f22b-20da-465b-9644-5e46d55b6dc5.jpg", "https://sirekap-obj-formc.kpu.go.id/4216/pemilu/ppwp/31/73/01/10/02/3173011002241-20240216-033632--598b3edf-a3ed-4db0-98da-b83db1d3b4f4.jpg", "https://sirekap-obj-formc.kpu.go.id/4216/pemilu/ppwp/31/73/01/10/02/3173011002241-20240216-033627--38b77054-15e8-49da-824a-309214ccb85b.jpg"], "administrasi": {"suara_sah": 216, "suara_total": 218, "pemilih_dpt_j": 267, "pemilih_dpt_l": 143, "pemilih_dpt_p": 124, "pengguna_dpt_j": 217, "pengguna_dpt_l": 117, "pengguna_dpt_p": 100, "pengguna_dptb_j": 1, "pengguna_dptb_l": 1, "pengguna_dptb_p": 0, "suara_tidak_sah": 2, "pengguna_total_j": 218, "pengguna_total_l": 118, "pengguna_total_p": 100, "pengguna_non_dpt_j": 0, "pengguna_non_dpt_l": 0, "pengguna_non_dpt_p": 0}, "psu": null, "ts": "2024-02-16 16:25:10", "status_suara": true, "status_adm": true}