{"chart": {"null": null, "100025": 9, "100026": 67, "100027": 65}, "images": ["https://sirekap-obj-formc.kpu.go.id/002d/pemilu/ppwp/31/73/01/10/06/3173011006234-20240214-194049--b2369870-0fd8-404c-925b-59b2b7145426.jpg", "https://sirekap-obj-formc.kpu.go.id/002d/pemilu/ppwp/31/73/01/10/06/3173011006234-20240214-194055--5f6a9888-2ccf-46d1-a21b-99e00738607b.jpg", "https://sirekap-obj-formc.kpu.go.id/002d/pemilu/ppwp/31/73/01/10/06/3173011006234-20240214-194057--4300ba2e-14a7-446e-89e9-eeb17a57288b.jpg"], "administrasi": {"suara_sah": 141, "suara_total": 153, "pemilih_dpt_j": 153, "pemilih_dpt_l": 72, "pemilih_dpt_p": 81, "pengguna_dpt_j": 143, "pengguna_dpt_l": 67, "pengguna_dpt_p": 76, "pengguna_dptb_j": 0, "pengguna_dptb_l": 0, "pengguna_dptb_p": 0, "suara_tidak_sah": 12, "pengguna_total_j": 153, "pengguna_total_l": 72, "pengguna_total_p": 81, "pengguna_non_dpt_j": 10, "pengguna_non_dpt_l": 5, "pengguna_non_dpt_p": 5}, "psu": null, "ts": "2024-02-15 00:46:45", "status_suara": true, "status_adm": true}