{"chart": {"null": null, "100025": 43, "100026": 120, "100027": 35}, "images": ["https://sirekap-obj-formc.kpu.go.id/d250/pemilu/ppwp/31/73/01/10/05/3173011005076-20240214-220355--5505165e-b953-4e4a-8a52-c88558474ac3.jpg", "https://sirekap-obj-formc.kpu.go.id/d250/pemilu/ppwp/31/73/01/10/05/3173011005076-20240214-220416--2db38f04-d5c0-42ca-9682-d3724cad2f4f.jpg", "https://sirekap-obj-formc.kpu.go.id/d250/pemilu/ppwp/31/73/01/10/05/3173011005076-20240214-220405--200e9879-ac45-4b9b-bdb6-6cce618de5b7.jpg"], "administrasi": {"suara_sah": 198, "suara_total": 202, "pemilih_dpt_j": 293, "pemilih_dpt_l": 152, "pemilih_dpt_p": 141, "pengguna_dpt_j": 201, "pengguna_dpt_l": 110, "pengguna_dpt_p": 91, "pengguna_dptb_j": 0, "pengguna_dptb_l": 0, "pengguna_dptb_p": 0, "suara_tidak_sah": 4, "pengguna_total_j": 202, "pengguna_total_l": 110, "pengguna_total_p": 92, "pengguna_non_dpt_j": 1, "pengguna_non_dpt_l": 0, "pengguna_non_dpt_p": 1}, "psu": null, "ts": "2024-02-15 00:41:44", "status_suara": true, "status_adm": true}