{"mode": "hhcw", "chart": {"null": null, "100025": 65, "100026": 86, "100027": 20}, "images": ["https://sirekap-obj-formc.kpu.go.id/2aa9/pemilu/ppwp/31/73/01/10/02/3173011002132-20240216-153553--e0c8258c-6449-4c8c-8916-b1c24449dbca.jpg", "https://sirekap-obj-formc.kpu.go.id/2aa9/pemilu/ppwp/31/73/01/10/02/3173011002132-20240216-133617--ae3fbbb8-6d4e-42b1-be29-570b2512fd75.jpg", "https://sirekap-obj-formc.kpu.go.id/2aa9/pemilu/ppwp/31/73/01/10/02/3173011002132-20240216-153553--e63ba93e-63d9-4f99-8b61-e8f1efa056d4.jpg"], "administrasi": {"suara_sah": 171, "suara_total": 177, "pemilih_dpt_j": 271, "pemilih_dpt_l": 134, "pemilih_dpt_p": 137, "pengguna_dpt_j": 172, "pengguna_dpt_l": 81, "pengguna_dpt_p": 91, "pengguna_dptb_j": 0, "pengguna_dptb_l": 0, "pengguna_dptb_p": 0, "suara_tidak_sah": 6, "pengguna_total_j": 177, "pengguna_total_l": 85, "pengguna_total_p": 92, "pengguna_non_dpt_j": 5, "pengguna_non_dpt_l": 4, "pengguna_non_dpt_p": 1}, "psu": null, "ts": "2024-02-16 16:25:10", "status_suara": true, "status_adm": true}