{"mode": "hhcw", "chart": {"null": null, "100025": 72, "100026": 91, "100027": 21}, "images": ["https://sirekap-obj-formc.kpu.go.id/00d8/pemilu/ppwp/31/73/01/10/02/3173011002135-20240216-145200--42e3eb46-e4cf-4224-8fde-29ddc2a6f612.jpg", "https://sirekap-obj-formc.kpu.go.id/00d8/pemilu/ppwp/31/73/01/10/02/3173011002135-20240216-145201--c9c4af6f-c612-43cd-b6a3-d0025b92d90a.jpg", "https://sirekap-obj-formc.kpu.go.id/00d8/pemilu/ppwp/31/73/01/10/02/3173011002135-20240216-145201--1cec19e3-b528-450a-bad8-2d69a7089888.jpg"], "administrasi": {"suara_sah": 184, "suara_total": 187, "pemilih_dpt_j": 277, "pemilih_dpt_l": 133, "pemilih_dpt_p": 144, "pengguna_dpt_j": 184, "pengguna_dpt_l": 86, "pengguna_dpt_p": 98, "pengguna_dptb_j": 1, "pengguna_dptb_l": 0, "pengguna_dptb_p": 1, "suara_tidak_sah": 3, "pengguna_total_j": 187, "pengguna_total_l": 87, "pengguna_total_p": 100, "pengguna_non_dpt_j": 2, "pengguna_non_dpt_l": 1, "pengguna_non_dpt_p": 1}, "psu": null, "ts": "2024-02-16 16:25:10", "status_suara": true, "status_adm": true}