{"chart": {"null": null, "100025": 110, "100026": 89, "100027": 24}, "images": ["https://sirekap-obj-formc.kpu.go.id/4c0d/pemilu/ppwp/31/73/01/10/02/3173011002029-20240216-015933--42dab0bb-225a-46ee-9749-5d604e37795d.jpg", "https://sirekap-obj-formc.kpu.go.id/4c0d/pemilu/ppwp/31/73/01/10/02/3173011002029-20240216-015936--71f54f2f-8043-4254-b936-58cf060a2be5.jpg", "https://sirekap-obj-formc.kpu.go.id/4c0d/pemilu/ppwp/31/73/01/10/02/3173011002029-20240216-015934--1ee0ae87-0c89-4fee-8c74-e46cbd65051c.jpg"], "administrasi": {"suara_sah": 223, "suara_total": 227, "pemilih_dpt_j": 266, "pemilih_dpt_l": 137, "pemilih_dpt_p": 129, "pengguna_dpt_j": 210, "pengguna_dpt_l": 101, "pengguna_dpt_p": 109, "pengguna_dptb_j": 12, "pengguna_dptb_l": 5, "pengguna_dptb_p": 7, "suara_tidak_sah": 4, "pengguna_total_j": 227, "pengguna_total_l": 107, "pengguna_total_p": 120, "pengguna_non_dpt_j": 5, "pengguna_non_dpt_l": 1, "pengguna_non_dpt_p": 4}, "psu": null, "ts": "2024-02-16 02:30:27", "status_suara": true, "status_adm": true}