{"chart": null, "images": ["https://sirekap-obj-formc.kpu.go.id/7df5/pemilu/ppwp/31/73/01/10/06/3173011006175-20240215-055311--062606af-c333-432d-9b95-cdb3e8856018.jpg", null, "https://sirekap-obj-formc.kpu.go.id/7df5/pemilu/ppwp/31/73/01/10/06/3173011006175-20240215-055321--2e1e960f-9021-4b80-bc4c-47a7e48d0a43.jpg"], "administrasi": {"suara_sah": 203, "suara_total": 207, "pemilih_dpt_j": 283, "pemilih_dpt_l": 145, "pemilih_dpt_p": 138, "pengguna_dpt_j": 200, "pengguna_dpt_l": 96, "pengguna_dpt_p": 104, "pengguna_dptb_j": 3, "pengguna_dptb_l": 2, "pengguna_dptb_p": 1, "suara_tidak_sah": 4, "pengguna_total_j": 207, "pengguna_total_l": 99, "pengguna_total_p": 108, "pengguna_non_dpt_j": 4, "pengguna_non_dpt_l": 1, "pengguna_non_dpt_p": 3}, "psu": null, "ts": "2024-02-16 01:00:27", "status_suara": false, "status_adm": true}