{"chart": null, "images": ["https://sirekap-obj-formc.kpu.go.id/7ff1/pemilu/ppwp/31/73/01/10/05/3173011005059-20240214-225418--8470c510-b5c3-424a-ad0e-1336f8fa7559.jpg", "https://sirekap-obj-formc.kpu.go.id/7ff1/pemilu/ppwp/31/73/01/10/05/3173011005059-20240214-225525--72b02f44-9463-440e-9a06-c6fbbd2dce6b.jpg", "https://sirekap-obj-formc.kpu.go.id/7ff1/pemilu/ppwp/31/73/01/10/05/3173011005059-20240214-225636--1e429f83-be54-4c60-a1e4-9b22509f97bf.jpg"], "administrasi": {"suara_sah": 202, "suara_total": 202, "pemilih_dpt_j": 286, "pemilih_dpt_l": 145, "pemilih_dpt_p": 141, "pengguna_dpt_j": 202, "pengguna_dpt_l": 103, "pengguna_dpt_p": 99, "pengguna_dptb_j": 0, "pengguna_dptb_l": 0, "pengguna_dptb_p": 0, "suara_tidak_sah": 1, "pengguna_total_j": 202, "pengguna_total_l": 103, "pengguna_total_p": 99, "pengguna_non_dpt_j": 0, "pengguna_non_dpt_l": 0, "pengguna_non_dpt_p": 0}, "psu": null, "ts": "2024-02-15 07:00:44", "status_suara": false, "status_adm": true}