{"chart": null, "images": ["https://sirekap-obj-formc.kpu.go.id/400f/pemilu/ppwp/31/73/01/10/06/3173011006177-20240215-000548--94b36aa2-2c06-4b95-bad4-0639689ef444.jpg", "https://sirekap-obj-formc.kpu.go.id/400f/pemilu/ppwp/31/73/01/10/06/3173011006177-20240215-044236--166057ff-1daa-4c1d-bfad-65f99d2ac0c8.jpg", "https://sirekap-obj-formc.kpu.go.id/400f/pemilu/ppwp/31/73/01/10/06/3173011006177-20240215-001214--f36de192-dc64-4e07-8701-40d028f41be3.jpg"], "administrasi": null, "psu": null, "ts": "2024-02-15 05:00:24", "status_suara": false, "status_adm": false}