{"chart": {"null": null, "100025": 146, "100026": 84, "100027": 14}, "images": ["https://sirekap-obj-formc.kpu.go.id/0f28/pemilu/ppwp/31/73/01/10/02/3173011002229-20240214-160126--0a860c27-3281-43d8-be0b-8fbedd25e0cb.jpg", "https://sirekap-obj-formc.kpu.go.id/0f28/pemilu/ppwp/31/73/01/10/02/3173011002229-20240214-155908--c64d3dae-e402-41dd-93df-668083b30d5f.jpg", "https://sirekap-obj-formc.kpu.go.id/0f28/pemilu/ppwp/31/73/01/10/02/3173011002229-20240214-160119--fa3e67eb-7569-4f47-9d8b-20f8987c628f.jpg"], "administrasi": {"suara_sah": 244, "suara_total": 251, "pemilih_dpt_j": 280, "pemilih_dpt_l": 136, "pemilih_dpt_p": 144, "pengguna_dpt_j": 244, "pengguna_dpt_l": 118, "pengguna_dpt_p": 126, "pengguna_dptb_j": 7, "pengguna_dptb_l": 2, "pengguna_dptb_p": 5, "suara_tidak_sah": 7, "pengguna_total_j": 251, "pengguna_total_l": 120, "pengguna_total_p": 131, "pengguna_non_dpt_j": 0, "pengguna_non_dpt_l": 0, "pengguna_non_dpt_p": 0}, "psu": null, "ts": "2024-02-15 00:41:44", "status_suara": true, "status_adm": true}