{"mode": "hhcw", "chart": {"null": null, "100025": 61, "100026": 120, "100027": 17}, "images": ["https://sirekap-obj-formc.kpu.go.id/d7b4/pemilu/ppwp/31/73/01/10/02/3173011002138-20240216-150333--4bbbc51b-6ad7-42f6-90dc-0edb0bdecae5.jpg", "https://sirekap-obj-formc.kpu.go.id/d7b4/pemilu/ppwp/31/73/01/10/02/3173011002138-20240216-150335--c4f09a92-a61a-463f-ae07-063fdb10a5c0.jpg", "https://sirekap-obj-formc.kpu.go.id/d7b4/pemilu/ppwp/31/73/01/10/02/3173011002138-20240216-150334--709829b4-d5e1-4f0a-8b63-5c95074ecf68.jpg"], "administrasi": {"suara_sah": 198, "suara_total": 199, "pemilih_dpt_j": 269, "pemilih_dpt_l": 132, "pemilih_dpt_p": 137, "pengguna_dpt_j": 194, "pengguna_dpt_l": 95, "pengguna_dpt_p": 99, "pengguna_dptb_j": 2, "pengguna_dptb_l": 1, "pengguna_dptb_p": 1, "suara_tidak_sah": 1, "pengguna_total_j": 198, "pengguna_total_l": 97, "pengguna_total_p": 101, "pengguna_non_dpt_j": 2, "pengguna_non_dpt_l": 1, "pengguna_non_dpt_p": 1}, "psu": null, "ts": "2024-02-16 16:25:10", "status_suara": true, "status_adm": true}