{"mode": "hhcw", "chart": {"null": null, "100025": 60, "100026": 104, "100027": 21}, "images": ["https://sirekap-obj-formc.kpu.go.id/8545/pemilu/ppwp/31/73/01/10/02/3173011002129-20240216-171913--3ff59d23-9c9e-43f7-9407-2884df3c9883.jpg", "https://sirekap-obj-formc.kpu.go.id/8545/pemilu/ppwp/31/73/01/10/02/3173011002129-20240216-073337--d3ac4679-75f4-4130-a029-f98faaf0117f.jpg", "https://sirekap-obj-formc.kpu.go.id/8545/pemilu/ppwp/31/73/01/10/02/3173011002129-20240216-073331--037cb46e-1492-425a-b577-368c40f28bf5.jpg"], "administrasi": {"suara_sah": 185, "suara_total": 186, "pemilih_dpt_j": 270, "pemilih_dpt_l": 138, "pemilih_dpt_p": 132, "pengguna_dpt_j": 184, "pengguna_dpt_l": 90, "pengguna_dpt_p": 94, "pengguna_dptb_j": 0, "pengguna_dptb_l": 0, "pengguna_dptb_p": 0, "suara_tidak_sah": 1, "pengguna_total_j": 186, "pengguna_total_l": 91, "pengguna_total_p": 95, "pengguna_non_dpt_j": 2, "pengguna_non_dpt_l": 1, "pengguna_non_dpt_p": 1}, "psu": null, "ts": "2024-02-16 17:30:00", "status_suara": true, "status_adm": true}