{"chart": null, "images": ["https://sirekap-obj-formc.kpu.go.id/6cd2/pemilu/ppwp/31/73/01/10/05/3173011005011-20240215-003747--0afe9c59-727d-4eaa-ac0a-e06b251a0270.jpg", "https://sirekap-obj-formc.kpu.go.id/6cd2/pemilu/ppwp/31/73/01/10/05/3173011005011-20240215-003808--60ebce23-9990-4295-a1b0-32f97d07ec96.jpg", "https://sirekap-obj-formc.kpu.go.id/6cd2/pemilu/ppwp/31/73/01/10/05/3173011005011-20240215-003812--02865e63-8d16-4024-9df3-6a1ac4db815e.jpg"], "administrasi": {"suara_sah": 216, "suara_total": 218, "pemilih_dpt_j": 291, "pemilih_dpt_l": 150, "pemilih_dpt_p": 141, "pengguna_dpt_j": 216, "pengguna_dpt_l": 110, "pengguna_dpt_p": 106, "pengguna_dptb_j": 2, "pengguna_dptb_l": 1, "pengguna_dptb_p": 1, "suara_tidak_sah": 2, "pengguna_total_j": 218, "pengguna_total_l": 111, "pengguna_total_p": 107, "pengguna_non_dpt_j": 0, "pengguna_non_dpt_l": 0, "pengguna_non_dpt_p": 0}, "psu": null, "ts": "2024-02-15 06:00:23", "status_suara": false, "status_adm": true}