{"chart": {"null": null, "100025": 3, "100026": 138, "100027": 94}, "images": ["https://sirekap-obj-formc.kpu.go.id/43d5/pemilu/ppwp/31/73/01/10/06/3173011006237-20240214-233747--04bc1163-3369-4e39-9869-b9ba82290550.jpg", "https://sirekap-obj-formc.kpu.go.id/43d5/pemilu/ppwp/31/73/01/10/06/3173011006237-20240214-233806--e3d3f10f-93ba-4da8-8642-7817a09bee39.jpg", "https://sirekap-obj-formc.kpu.go.id/43d5/pemilu/ppwp/31/73/01/10/06/3173011006237-20240214-233727--3aa017d3-80df-4647-a56d-76c3ebfd8a43.jpg"], "administrasi": {"suara_sah": 235, "suara_total": 239, "pemilih_dpt_j": 290, "pemilih_dpt_l": 135, "pemilih_dpt_p": 155, "pengguna_dpt_j": 222, "pengguna_dpt_l": 103, "pengguna_dpt_p": 119, "pengguna_dptb_j": 4, "pengguna_dptb_l": 2, "pengguna_dptb_p": 2, "suara_tidak_sah": 4, "pengguna_total_j": 239, "pengguna_total_l": 111, "pengguna_total_p": 128, "pengguna_non_dpt_j": 13, "pengguna_non_dpt_l": 6, "pengguna_non_dpt_p": 7}, "psu": null, "ts": "2024-02-15 12:00:28", "status_suara": true, "status_adm": true}