{"chart": null, "images": ["https://sirekap-obj-formc.kpu.go.id/bf1d/pemilu/ppwp/31/73/01/10/06/3173011006248-20240216-023444--44397068-b1d6-4130-9e9d-a11a755a9e0a.jpg", null, "https://sirekap-obj-formc.kpu.go.id/bf1d/pemilu/ppwp/31/73/01/10/06/3173011006248-20240216-023447--33f406e4-7bf8-484c-8db0-fff9a07c7bcb.jpg"], "administrasi": {"suara_sah": 181, "suara_total": 182, "pemilih_dpt_j": 238, "pemilih_dpt_l": 111, "pemilih_dpt_p": 127, "pengguna_dpt_j": 173, "pengguna_dpt_l": 76, "pengguna_dpt_p": 97, "pengguna_dptb_j": 9, "pengguna_dptb_l": 3, "pengguna_dptb_p": 6, "suara_tidak_sah": 1, "pengguna_total_j": 182, "pengguna_total_l": 79, "pengguna_total_p": 103, "pengguna_non_dpt_j": 0, "pengguna_non_dpt_l": 0, "pengguna_non_dpt_p": 0}, "psu": null, "ts": "2024-02-16 03:00:26", "status_suara": false, "status_adm": true}