{"mode": "hhcw", "chart": {"null": null, "100025": 76, "100026": 138, "100027": 17}, "images": ["https://sirekap-obj-formc.kpu.go.id/d39c/pemilu/ppwp/31/73/01/10/02/3173011002141-20240216-030321--ac0e1db4-088e-4cb5-b5fb-268d16946564.jpg", "https://sirekap-obj-formc.kpu.go.id/d39c/pemilu/ppwp/31/73/01/10/02/3173011002141-20240216-030245--7080e7ce-7b06-4205-b6fc-4c9b4b376b53.jpg", "https://sirekap-obj-formc.kpu.go.id/d39c/pemilu/ppwp/31/73/01/10/02/3173011002141-20240216-030244--913aa6a6-10af-4edf-863c-6c9d7a7b3103.jpg"], "administrasi": {"suara_sah": 228, "suara_total": 228, "pemilih_dpt_j": 270, "pemilih_dpt_l": 140, "pemilih_dpt_p": 130, "pengguna_dpt_j": 228, "pengguna_dpt_l": 115, "pengguna_dpt_p": 113, "pengguna_dptb_j": 0, "pengguna_dptb_l": 0, "pengguna_dptb_p": 0, "suara_tidak_sah": 0, "pengguna_total_j": 228, "pengguna_total_l": 115, "pengguna_total_p": 113, "pengguna_non_dpt_j": 0, "pengguna_non_dpt_l": 0, "pengguna_non_dpt_p": 0}, "psu": null, "ts": "2024-02-16 16:25:10", "status_suara": true, "status_adm": true}