{"chart": null, "images": ["https://sirekap-obj-formc.kpu.go.id/b00c/pemilu/ppwp/31/73/01/10/05/3173011005107-20240214-232516--69e64c7f-0b84-45ea-994a-010bb3be8547.jpg", "https://sirekap-obj-formc.kpu.go.id/b00c/pemilu/ppwp/31/73/01/10/05/3173011005107-20240214-232545--53092a19-a941-47c2-95cf-5783c4a2d40d.jpg", "https://sirekap-obj-formc.kpu.go.id/b00c/pemilu/ppwp/31/73/01/10/05/3173011005107-20240214-232613--1d19193a-1ab1-4b01-9fc9-d160e099c742.jpg"], "administrasi": null, "psu": null, "ts": "2024-02-15 15:00:29", "status_suara": false, "status_adm": false}