{"chart": null, "images": ["https://sirekap-obj-formc.kpu.go.id/86c2/pemilu/ppwp/31/73/01/10/06/3173011006247-20240216-005147--2ec3fbbc-4092-4f02-a968-68b07376d8a7.jpg", null, "https://sirekap-obj-formc.kpu.go.id/86c2/pemilu/ppwp/31/73/01/10/06/3173011006247-20240216-005148--bccbac3c-e40b-48d0-9945-7e2de6341d5d.jpg"], "administrasi": {"suara_sah": 147, "suara_total": 153, "pemilih_dpt_j": 196, "pemilih_dpt_l": 95, "pemilih_dpt_p": 101, "pengguna_dpt_j": 147, "pengguna_dpt_l": 68, "pengguna_dpt_p": 79, "pengguna_dptb_j": 4, "pengguna_dptb_l": 2, "pengguna_dptb_p": 2, "suara_tidak_sah": 6, "pengguna_total_j": 153, "pengguna_total_l": 71, "pengguna_total_p": 82, "pengguna_non_dpt_j": 2, "pengguna_non_dpt_l": 1, "pengguna_non_dpt_p": 1}, "psu": null, "ts": "2024-02-16 01:00:27", "status_suara": false, "status_adm": true}