{"chart": null, "images": ["https://sirekap-obj-formc.kpu.go.id/dbad/pemilu/ppwp/31/73/01/10/06/3173011006243-20240216-024334--c8f68555-ac8c-4c82-b814-ffa56e0322c5.jpg", null, "https://sirekap-obj-formc.kpu.go.id/dbad/pemilu/ppwp/31/73/01/10/06/3173011006243-20240216-024335--0b36d520-e47a-415e-a3ca-1a52bb19b6ec.jpg"], "administrasi": {"suara_sah": 178, "suara_total": 182, "pemilih_dpt_j": 252, "pemilih_dpt_l": 137, "pemilih_dpt_p": 115, "pengguna_dpt_j": 180, "pengguna_dpt_l": 92, "pengguna_dpt_p": 88, "pengguna_dptb_j": 0, "pengguna_dptb_l": 0, "pengguna_dptb_p": 0, "suara_tidak_sah": 4, "pengguna_total_j": 182, "pengguna_total_l": 92, "pengguna_total_p": 90, "pengguna_non_dpt_j": 2, "pengguna_non_dpt_l": 0, "pengguna_non_dpt_p": 2}, "psu": null, "ts": "2024-02-16 03:00:26", "status_suara": false, "status_adm": true}