{"mode": "hhcw", "chart": {"null": null, "100025": 62, "100026": 116, "100027": 40}, "images": ["https://sirekap-obj-formc.kpu.go.id/e0d2/pemilu/ppwp/31/73/01/10/02/3173011002072-20240215-002534--c79752d4-7918-490e-a549-1d9462872a38.jpg", "https://sirekap-obj-formc.kpu.go.id/e0d2/pemilu/ppwp/31/73/01/10/02/3173011002072-20240216-141606--b3520d39-186e-4356-898e-3f5c259a261b.jpg", "https://sirekap-obj-formc.kpu.go.id/e0d2/pemilu/ppwp/31/73/01/10/02/3173011002072-20240216-141606--14df7d7f-1a61-4b1c-9670-d4a807583390.jpg"], "administrasi": {"suara_sah": 218, "suara_total": 219, "pemilih_dpt_j": 277, "pemilih_dpt_l": 138, "pemilih_dpt_p": 139, "pengguna_dpt_j": 211, "pengguna_dpt_l": 100, "pengguna_dpt_p": 111, "pengguna_dptb_j": 2, "pengguna_dptb_l": 0, "pengguna_dptb_p": 2, "suara_tidak_sah": 1, "pengguna_total_j": 219, "pengguna_total_l": 103, "pengguna_total_p": 116, "pengguna_non_dpt_j": 6, "pengguna_non_dpt_l": 3, "pengguna_non_dpt_p": 3}, "psu": null, "ts": "2024-02-16 16:25:10", "status_suara": true, "status_adm": true}