{"mode": "hhcw", "chart": {"null": null, "100025": 100, "100026": 78, "100027": 33}, "images": ["https://sirekap-obj-formc.kpu.go.id/e545/pemilu/ppwp/31/73/01/10/02/3173011002167-20240216-030534--ad05a610-f5f3-4bac-9141-d0065db2a0d1.jpg", "https://sirekap-obj-formc.kpu.go.id/e545/pemilu/ppwp/31/73/01/10/02/3173011002167-20240216-030545--0af6b911-a9dc-4509-ae10-111561d9a14a.jpg", "https://sirekap-obj-formc.kpu.go.id/e545/pemilu/ppwp/31/73/01/10/02/3173011002167-20240216-030540--7d833d73-d1d7-42c3-8675-af76fd5b9b5b.jpg"], "administrasi": {"suara_sah": 211, "suara_total": 213, "pemilih_dpt_j": 206, "pemilih_dpt_l": 96, "pemilih_dpt_p": 110, "pengguna_dpt_j": 206, "pengguna_dpt_l": 96, "pengguna_dpt_p": 110, "pengguna_dptb_j": 6, "pengguna_dptb_l": 3, "pengguna_dptb_p": 3, "suara_tidak_sah": 2, "pengguna_total_j": 213, "pengguna_total_l": 100, "pengguna_total_p": 113, "pengguna_non_dpt_j": 1, "pengguna_non_dpt_l": 1, "pengguna_non_dpt_p": 0}, "psu": null, "ts": "2024-02-16 16:25:10", "status_suara": true, "status_adm": true}