{"mode": "hhcw", "chart": {"null": null, "100025": 113, "100026": 80, "100027": 21}, "images": ["https://sirekap-obj-formc.kpu.go.id/fff7/pemilu/ppwp/31/73/01/10/02/3173011002231-20240216-092714--86eded16-6dbb-4593-b390-cfbf300ed1f0.jpg", "https://sirekap-obj-formc.kpu.go.id/fff7/pemilu/ppwp/31/73/01/10/02/3173011002231-20240216-092715--bf171780-8096-40a4-9aec-3aed662b0dfc.jpg", "https://sirekap-obj-formc.kpu.go.id/fff7/pemilu/ppwp/31/73/01/10/02/3173011002231-20240216-092714--03da1cbf-1ed1-4baf-b19e-3cfab2ff4c02.jpg"], "administrasi": {"suara_sah": 214, "suara_total": 215, "pemilih_dpt_j": 271, "pemilih_dpt_l": 139, "pemilih_dpt_p": 132, "pengguna_dpt_j": 211, "pengguna_dpt_l": 103, "pengguna_dpt_p": 108, "pengguna_dptb_j": 2, "pengguna_dptb_l": 1, "pengguna_dptb_p": 1, "suara_tidak_sah": 1, "pengguna_total_j": 215, "pengguna_total_l": 105, "pengguna_total_p": 110, "pengguna_non_dpt_j": 2, "pengguna_non_dpt_l": 1, "pengguna_non_dpt_p": 1}, "psu": null, "ts": "2024-02-16 16:25:10", "status_suara": true, "status_adm": true}