{"chart": {"null": null, "100025": 4, "100026": 97, "100027": 130}, "images": ["https://sirekap-obj-formc.kpu.go.id/ec91/pemilu/ppwp/31/73/01/10/02/3173011002202-20240216-012309--5770fb82-75ce-4a97-bdd7-14da4531aae8.jpg", "https://sirekap-obj-formc.kpu.go.id/ec91/pemilu/ppwp/31/73/01/10/02/3173011002202-20240216-012311--e6ee737d-2aaa-467c-8eda-48640672a0c1.jpg", "https://sirekap-obj-formc.kpu.go.id/ec91/pemilu/ppwp/31/73/01/10/02/3173011002202-20240216-012310--06c6466f-fdac-4f5d-9bb5-813f309198d1.jpg"], "administrasi": {"suara_sah": 231, "suara_total": 239, "pemilih_dpt_j": 285, "pemilih_dpt_l": 135, "pemilih_dpt_p": 150, "pengguna_dpt_j": 225, "pengguna_dpt_l": 108, "pengguna_dpt_p": 117, "pengguna_dptb_j": 10, "pengguna_dptb_l": 4, "pengguna_dptb_p": 6, "suara_tidak_sah": 8, "pengguna_total_j": 239, "pengguna_total_l": 115, "pengguna_total_p": 124, "pengguna_non_dpt_j": 4, "pengguna_non_dpt_l": 3, "pengguna_non_dpt_p": 1}, "psu": null, "ts": "2024-02-16 01:30:27", "status_suara": true, "status_adm": true}