{"chart": null, "images": ["https://sirekap-obj-formc.kpu.go.id/9914/pemilu/ppwp/31/73/01/10/02/3173011002071-20240214-214949--529eeec9-7ae3-4df7-81f8-edbadfc984c3.jpg", "https://sirekap-obj-formc.kpu.go.id/9914/pemilu/ppwp/31/73/01/10/02/3173011002071-20240214-215016--b9582a59-c434-424a-a619-0cbbbdbb8b3b.jpg", "https://sirekap-obj-formc.kpu.go.id/9914/pemilu/ppwp/31/73/01/10/02/3173011002071-20240214-215037--5ceba6d9-f17f-46ee-b0ae-585b31af8c77.jpg"], "administrasi": null, "psu": null, "ts": "2024-02-15 23:29:50", "status_suara": false, "status_adm": false}