{"mode": "hhcw", "chart": {"null": null, "100025": 126, "100026": 101, "100027": 13}, "images": ["https://sirekap-obj-formc.kpu.go.id/c921/pemilu/ppwp/31/73/01/10/02/3173011002060-20240216-141446--613d2d46-7255-45f1-b8eb-cd7fcd2292f2.jpg", "https://sirekap-obj-formc.kpu.go.id/c921/pemilu/ppwp/31/73/01/10/02/3173011002060-20240216-141447--1580bbb1-2032-4a89-9337-b0ecd7c5d8c4.jpg", "https://sirekap-obj-formc.kpu.go.id/c921/pemilu/ppwp/31/73/01/10/02/3173011002060-20240216-141447--79fb84c3-c179-49ec-8857-06107088a232.jpg"], "administrasi": {"suara_sah": 240, "suara_total": 240, "pemilih_dpt_j": 263, "pemilih_dpt_l": 134, "pemilih_dpt_p": 129, "pengguna_dpt_j": 244, "pengguna_dpt_l": 124, "pengguna_dpt_p": 120, "pengguna_dptb_j": 16, "pengguna_dptb_l": 8, "pengguna_dptb_p": 8, "suara_tidak_sah": 0, "pengguna_total_j": 263, "pengguna_total_l": 134, "pengguna_total_p": 129, "pengguna_non_dpt_j": 3, "pengguna_non_dpt_l": 2, "pengguna_non_dpt_p": 1}, "psu": null, "ts": "2024-02-16 16:25:10", "status_suara": true, "status_adm": true}