{"mode": "hhcw", "chart": {"null": null, "100025": 65, "100026": 117, "100027": 29}, "images": ["https://sirekap-obj-formc.kpu.go.id/6265/pemilu/ppwp/31/73/01/10/02/3173011002126-20240216-124454--42b7586e-4db4-4851-96a2-621c430d4a3e.jpg", "https://sirekap-obj-formc.kpu.go.id/6265/pemilu/ppwp/31/73/01/10/02/3173011002126-20240216-124459--b94cc1d5-d8ab-4dfb-b47d-73b2fe169fb8.jpg", "https://sirekap-obj-formc.kpu.go.id/6265/pemilu/ppwp/31/73/01/10/02/3173011002126-20240216-124456--9b072dfd-907b-4838-a534-ba21730bb0bf.jpg"], "administrasi": {"suara_sah": 214, "suara_total": 217, "pemilih_dpt_j": 266, "pemilih_dpt_l": 134, "pemilih_dpt_p": 132, "pengguna_dpt_j": 209, "pengguna_dpt_l": 103, "pengguna_dpt_p": 106, "pengguna_dptb_j": 1, "pengguna_dptb_l": 0, "pengguna_dptb_p": 1, "suara_tidak_sah": 3, "pengguna_total_j": 214, "pengguna_total_l": 104, "pengguna_total_p": 110, "pengguna_non_dpt_j": 4, "pengguna_non_dpt_l": 1, "pengguna_non_dpt_p": 3}, "psu": null, "ts": "2024-02-16 16:25:10", "status_suara": true, "status_adm": true}