{"mode": "hhcw", "chart": {"null": null, "100025": 100, "100026": 91, "100027": 25}, "images": ["https://sirekap-obj-formc.kpu.go.id/7c36/pemilu/ppwp/31/73/01/10/02/3173011002114-20240216-150910--e980e619-f46d-4870-b94d-c0fac6207aca.jpg", "https://sirekap-obj-formc.kpu.go.id/7c36/pemilu/ppwp/31/73/01/10/02/3173011002114-20240216-150911--ef3e3185-9400-4f61-81a0-a81b5ed3d9bc.jpg", "https://sirekap-obj-formc.kpu.go.id/7c36/pemilu/ppwp/31/73/01/10/02/3173011002114-20240216-150911--47909cfe-f493-4750-bd3f-284cd6dfec7a.jpg"], "administrasi": {"suara_sah": 216, "suara_total": 216, "pemilih_dpt_j": 278, "pemilih_dpt_l": 137, "pemilih_dpt_p": 141, "pengguna_dpt_j": 212, "pengguna_dpt_l": 100, "pengguna_dpt_p": 112, "pengguna_dptb_j": 3, "pengguna_dptb_l": 1, "pengguna_dptb_p": 2, "suara_tidak_sah": 0, "pengguna_total_j": 216, "pengguna_total_l": 101, "pengguna_total_p": 115, "pengguna_non_dpt_j": 1, "pengguna_non_dpt_l": 0, "pengguna_non_dpt_p": 1}, "psu": null, "ts": "2024-02-16 16:25:10", "status_suara": true, "status_adm": true}