{"chart": {"null": null, "100025": 5, "100026": 88, "100027": 88}, "images": ["https://sirekap-obj-formc.kpu.go.id/2050/pemilu/ppwp/31/73/01/10/02/3173011002206-20240214-210834--219ab6e2-068d-4f94-821f-6a6a3cab22d0.jpg", "https://sirekap-obj-formc.kpu.go.id/2050/pemilu/ppwp/31/73/01/10/02/3173011002206-20240214-202737--a22ca458-05af-4727-8486-5007c2784259.jpg", "https://sirekap-obj-formc.kpu.go.id/2050/pemilu/ppwp/31/73/01/10/02/3173011002206-20240214-210925--24342de9-b0ef-48da-9c7b-f8de7753e5c2.jpg"], "administrasi": {"suara_sah": 181, "suara_total": 185, "pemilih_dpt_j": 217, "pemilih_dpt_l": 104, "pemilih_dpt_p": 113, "pengguna_dpt_j": 183, "pengguna_dpt_l": 88, "pengguna_dpt_p": 95, "pengguna_dptb_j": 1, "pengguna_dptb_l": 1, "pengguna_dptb_p": 0, "suara_tidak_sah": 4, "pengguna_total_j": 185, "pengguna_total_l": 89, "pengguna_total_p": 96, "pengguna_non_dpt_j": 1, "pengguna_non_dpt_l": 0, "pengguna_non_dpt_p": 1}, "psu": null, "ts": "2024-02-15 00:41:44", "status_suara": true, "status_adm": true}