{"chart": {"null": null, "100025": 105, "100026": 59, "100027": 40}, "images": ["https://sirekap-obj-formc.kpu.go.id/e770/pemilu/ppwp/31/73/01/10/02/3173011002222-20240216-011414--bc07ee39-fcf9-43ca-953e-a1116a045857.jpg", "https://sirekap-obj-formc.kpu.go.id/e770/pemilu/ppwp/31/73/01/10/02/3173011002222-20240216-011426--36b3181e-d2f0-451a-922c-bb080ac84d9f.jpg", "https://sirekap-obj-formc.kpu.go.id/e770/pemilu/ppwp/31/73/01/10/02/3173011002222-20240216-011418--a88089dc-f1cc-48ae-9444-be55b55eeed6.jpg"], "administrasi": {"suara_sah": 204, "suara_total": 206, "pemilih_dpt_j": 280, "pemilih_dpt_l": 132, "pemilih_dpt_p": 148, "pengguna_dpt_j": 198, "pengguna_dpt_l": 93, "pengguna_dpt_p": 105, "pengguna_dptb_j": 8, "pengguna_dptb_l": 4, "pengguna_dptb_p": 4, "suara_tidak_sah": 2, "pengguna_total_j": 206, "pengguna_total_l": 97, "pengguna_total_p": 109, "pengguna_non_dpt_j": 0, "pengguna_non_dpt_l": 0, "pengguna_non_dpt_p": 0}, "psu": null, "ts": "2024-02-16 01:30:27", "status_suara": true, "status_adm": true}