{"chart": {"null": null}, "images": ["https://sirekap-obj-formc.kpu.go.id/0446/pemilu/ppwp/31/73/01/10/05/3173011005085-20240214-200920--bfce31f2-fe3e-4531-aef7-e70ef441ac89.jpg", "https://sirekap-obj-formc.kpu.go.id/0446/pemilu/ppwp/31/73/01/10/05/3173011005085-20240214-193751--784f0ccf-3319-4b98-b1fa-2bb4f7bf3ae3.jpg", "https://sirekap-obj-formc.kpu.go.id/0446/pemilu/ppwp/31/73/01/10/05/3173011005085-20240214-202155--f3044458-0807-43f0-8bc9-2f5664aeb820.jpg"], "administrasi": null, "psu": null, "ts": "2024-02-15 00:41:44", "status_suara": true, "status_adm": false}