{"mode": "hhcw", "chart": {"null": null, "100025": 59, "100026": 121, "100027": 16}, "images": ["https://sirekap-obj-formc.kpu.go.id/195f/pemilu/ppwp/31/73/01/10/02/3173011002102-20240216-124206--3b6d8abb-09ca-47e4-9ff1-752c235c2acb.jpg", "https://sirekap-obj-formc.kpu.go.id/195f/pemilu/ppwp/31/73/01/10/02/3173011002102-20240216-124208--e7e6b07e-8121-4cd4-b2fc-6a65abd1f4aa.jpg", "https://sirekap-obj-formc.kpu.go.id/195f/pemilu/ppwp/31/73/01/10/02/3173011002102-20240216-124207--f7813e6a-7b84-44e2-8e55-4011ad6c0f43.jpg"], "administrasi": {"suara_sah": 196, "suara_total": 200, "pemilih_dpt_j": 267, "pemilih_dpt_l": 137, "pemilih_dpt_p": 130, "pengguna_dpt_j": 199, "pengguna_dpt_l": 104, "pengguna_dpt_p": 95, "pengguna_dptb_j": 0, "pengguna_dptb_l": 0, "pengguna_dptb_p": 0, "suara_tidak_sah": 4, "pengguna_total_j": 200, "pengguna_total_l": 105, "pengguna_total_p": 95, "pengguna_non_dpt_j": 1, "pengguna_non_dpt_l": 1, "pengguna_non_dpt_p": 0}, "psu": null, "ts": "2024-02-16 16:25:10", "status_suara": true, "status_adm": true}