{"chart": {"null": null, "100025": 141, "100026": 99, "100027": 25}, "images": ["https://sirekap-obj-formc.kpu.go.id/2e6e/pemilu/ppwp/31/73/01/10/02/3173011002065-20240215-114647--e379fdba-e23d-4067-9506-19d6b6c5b0ef.jpg", "https://sirekap-obj-formc.kpu.go.id/2e6e/pemilu/ppwp/31/73/01/10/02/3173011002065-20240215-131748--f4f9881c-bd62-4067-9fc0-a40d6c16f4f1.jpg", "https://sirekap-obj-formc.kpu.go.id/2e6e/pemilu/ppwp/31/73/01/10/02/3173011002065-20240215-131550--99ae9196-f4fa-4ac6-b943-1460f993a79c.jpg"], "administrasi": {"suara_sah": 265, "suara_total": 268, "pemilih_dpt_j": 298, "pemilih_dpt_l": 156, "pemilih_dpt_p": 142, "pengguna_dpt_j": 248, "pengguna_dpt_l": 128, "pengguna_dpt_p": 120, "pengguna_dptb_j": 14, "pengguna_dptb_l": 7, "pengguna_dptb_p": 7, "suara_tidak_sah": 3, "pengguna_total_j": 268, "pengguna_total_l": 139, "pengguna_total_p": 129, "pengguna_non_dpt_j": 6, "pengguna_non_dpt_l": 4, "pengguna_non_dpt_p": 2}, "psu": null, "ts": "2024-02-15 15:00:29", "status_suara": true, "status_adm": true}