{"mode": "hhcw", "chart": {"null": null, "100025": 71, "100026": 92, "100027": 31}, "images": ["https://sirekap-obj-formc.kpu.go.id/2bb9/pemilu/ppwp/31/73/01/10/02/3173011002107-20240216-142324--05eab816-afde-42e9-a0aa-df9cfccf9d8e.jpg", "https://sirekap-obj-formc.kpu.go.id/2bb9/pemilu/ppwp/31/73/01/10/02/3173011002107-20240216-142325--0d74c065-adf4-4581-932b-817c7eb896b1.jpg", "https://sirekap-obj-formc.kpu.go.id/2bb9/pemilu/ppwp/31/73/01/10/02/3173011002107-20240216-142325--a931fa3c-f96b-447d-ab00-b18eb1e0870e.jpg"], "administrasi": {"suara_sah": 194, "suara_total": 199, "pemilih_dpt_j": 272, "pemilih_dpt_l": 139, "pemilih_dpt_p": 133, "pengguna_dpt_j": 194, "pengguna_dpt_l": 97, "pengguna_dpt_p": 97, "pengguna_dptb_j": 0, "pengguna_dptb_l": 0, "pengguna_dptb_p": 0, "suara_tidak_sah": 5, "pengguna_total_j": 199, "pengguna_total_l": 98, "pengguna_total_p": 111, "pengguna_non_dpt_j": 5, "pengguna_non_dpt_l": 1, "pengguna_non_dpt_p": 4}, "psu": null, "ts": "2024-02-16 16:25:10", "status_suara": true, "status_adm": true}