{"chart": null, "images": ["https://sirekap-obj-formc.kpu.go.id/d051/pemilu/ppwp/31/73/01/10/02/3173011002015-20240215-010432--2b13fdd7-1b8e-4e99-963b-8e97c7936fc5.jpg", "https://sirekap-obj-formc.kpu.go.id/d051/pemilu/ppwp/31/73/01/10/02/3173011002015-20240215-010524--b113bb85-a373-4539-b948-7619ca3998b6.jpg", "https://sirekap-obj-formc.kpu.go.id/d051/pemilu/ppwp/31/73/01/10/02/3173011002015-20240215-010723--859edb3b-6ad5-4538-a402-a55af72b1efd.jpg"], "administrasi": null, "psu": null, "ts": "2024-02-15 01:47:43", "status_suara": false, "status_adm": false}