{"chart": null, "images": ["https://sirekap-obj-formc.kpu.go.id/a604/pemilu/ppwp/31/73/01/10/06/3173011006244-20240215-212352--2690877d-ef0d-4bf9-af71-9bc9a5147477.jpg", null, "https://sirekap-obj-formc.kpu.go.id/a604/pemilu/ppwp/31/73/01/10/06/3173011006244-20240215-212353--3e392ffb-8bac-4178-93a3-a2b977e29474.jpg"], "administrasi": {"suara_sah": 198, "suara_total": 200, "pemilih_dpt_j": 199, "pemilih_dpt_l": 92, "pemilih_dpt_p": 107, "pengguna_dpt_j": 199, "pengguna_dpt_l": 92, "pengguna_dpt_p": 107, "pengguna_dptb_j": 0, "pengguna_dptb_l": 0, "pengguna_dptb_p": 0, "suara_tidak_sah": 2, "pengguna_total_j": 200, "pengguna_total_l": 93, "pengguna_total_p": 107, "pengguna_non_dpt_j": 1, "pengguna_non_dpt_l": 1, "pengguna_non_dpt_p": 0}, "psu": null, "ts": "2024-02-15 21:30:27", "status_suara": false, "status_adm": true}