{"chart": {"null": null, "100025": 7, "100026": 115, "100027": 110}, "images": ["https://sirekap-obj-formc.kpu.go.id/925b/pemilu/ppwp/31/73/01/10/02/3173011002213-20240216-011508--47bc4c61-532c-468c-b072-56a701e09c64.jpg", "https://sirekap-obj-formc.kpu.go.id/925b/pemilu/ppwp/31/73/01/10/02/3173011002213-20240216-011510--c4c86366-42f1-4348-8b21-761a78155704.jpg", "https://sirekap-obj-formc.kpu.go.id/925b/pemilu/ppwp/31/73/01/10/02/3173011002213-20240216-011508--49a39609-922c-49b4-8283-df9303e6ab3a.jpg"], "administrasi": {"suara_sah": 232, "suara_total": 232, "pemilih_dpt_j": 273, "pemilih_dpt_l": 124, "pemilih_dpt_p": 146, "pengguna_dpt_j": 219, "pengguna_dpt_l": 105, "pengguna_dpt_p": 114, "pengguna_dptb_j": 6, "pengguna_dptb_l": 2, "pengguna_dptb_p": 4, "suara_tidak_sah": 0, "pengguna_total_j": 232, "pengguna_total_l": 111, "pengguna_total_p": 121, "pengguna_non_dpt_j": 7, "pengguna_non_dpt_l": 4, "pengguna_non_dpt_p": 3}, "psu": null, "ts": "2024-02-16 01:30:27", "status_suara": true, "status_adm": true}