{"chart": {"null": null, "100025": 152, "100026": 55, "100027": 14}, "images": ["https://sirekap-obj-formc.kpu.go.id/c29c/pemilu/ppwp/31/73/01/10/02/3173011002078-20240214-195118--806d8cee-5642-4872-b720-574ace621b6d.jpg", "https://sirekap-obj-formc.kpu.go.id/c29c/pemilu/ppwp/31/73/01/10/02/3173011002078-20240214-201355--b457ec09-5dc6-40d2-82ce-f528387a2c6c.jpg", "https://sirekap-obj-formc.kpu.go.id/c29c/pemilu/ppwp/31/73/01/10/02/3173011002078-20240214-210539--c1df7822-b5bf-4844-b72b-1631d1807975.jpg"], "administrasi": {"suara_sah": 232, "suara_total": 236, "pemilih_dpt_j": 266, "pemilih_dpt_l": 129, "pemilih_dpt_p": 137, "pengguna_dpt_j": 222, "pengguna_dpt_l": 102, "pengguna_dpt_p": 120, "pengguna_dptb_j": 11, "pengguna_dptb_l": 6, "pengguna_dptb_p": 5, "suara_tidak_sah": 4, "pengguna_total_j": 236, "pengguna_total_l": 110, "pengguna_total_p": 126, "pengguna_non_dpt_j": 3, "pengguna_non_dpt_l": 2, "pengguna_non_dpt_p": 1}, "psu": null, "ts": "2024-02-15 00:41:44", "status_suara": true, "status_adm": true}