{"mode": "hhcw", "chart": {"null": null, "100025": 80, "100026": 101, "100027": 34}, "images": ["https://sirekap-obj-formc.kpu.go.id/e18b/pemilu/ppwp/31/73/01/10/02/3173011002127-20240216-151037--8b796f71-36c1-42d8-b3db-2d3b5072f629.jpg", "https://sirekap-obj-formc.kpu.go.id/e18b/pemilu/ppwp/31/73/01/10/02/3173011002127-20240216-151038--e3aeaee3-dea2-48ce-9e86-3edac7433568.jpg", "https://sirekap-obj-formc.kpu.go.id/e18b/pemilu/ppwp/31/73/01/10/02/3173011002127-20240216-151037--261ab314-b2bc-4f84-bc61-78cdcef8f68f.jpg"], "administrasi": {"suara_sah": 218, "suara_total": 221, "pemilih_dpt_j": 0, "pemilih_dpt_l": 0, "pemilih_dpt_p": 0, "pengguna_dpt_j": 0, "pengguna_dpt_l": 0, "pengguna_dpt_p": 0, "pengguna_dptb_j": 0, "pengguna_dptb_l": 0, "pengguna_dptb_p": 0, "suara_tidak_sah": 3, "pengguna_total_j": 0, "pengguna_total_l": 0, "pengguna_total_p": 0, "pengguna_non_dpt_j": 0, "pengguna_non_dpt_l": 0, "pengguna_non_dpt_p": 0}, "psu": null, "ts": "2024-02-16 16:25:10", "status_suara": true, "status_adm": true}