{"mode": "hhcw", "chart": {"null": null, "100025": 111, "100026": 87, "100027": 23}, "images": ["https://sirekap-obj-formc.kpu.go.id/0468/pemilu/ppwp/31/73/01/10/02/3173011002162-20240216-032552--e322d4b9-e7b5-44be-bc02-a6c432eb6f97.jpg", "https://sirekap-obj-formc.kpu.go.id/0468/pemilu/ppwp/31/73/01/10/02/3173011002162-20240216-032556--51e968e4-4377-4f70-b80d-f10fb9d8d60d.jpg", "https://sirekap-obj-formc.kpu.go.id/0468/pemilu/ppwp/31/73/01/10/02/3173011002162-20240216-032555--a657b3cc-09c9-4f8b-abdb-d370a1d8fb68.jpg"], "administrasi": {"suara_sah": 221, "suara_total": 227, "pemilih_dpt_j": 221, "pemilih_dpt_l": 98, "pemilih_dpt_p": 123, "pengguna_dpt_j": 221, "pengguna_dpt_l": 98, "pengguna_dpt_p": 123, "pengguna_dptb_j": 5, "pengguna_dptb_l": 2, "pengguna_dptb_p": 3, "suara_tidak_sah": 6, "pengguna_total_j": 227, "pengguna_total_l": 101, "pengguna_total_p": 126, "pengguna_non_dpt_j": 1, "pengguna_non_dpt_l": 1, "pengguna_non_dpt_p": 0}, "psu": null, "ts": "2024-02-16 16:25:10", "status_suara": true, "status_adm": true}