{"chart": {"null": null, "100025": 76, "100026": 128, "100027": 29}, "images": ["https://sirekap-obj-formc.kpu.go.id/955c/pemilu/ppwp/31/01/01/10/01/3101011001005-20240214-200809--4027949d-5a6c-4cf8-8e07-4894b8e1e039.jpg", "https://sirekap-obj-formc.kpu.go.id/955c/pemilu/ppwp/31/01/01/10/01/3101011001005-20240214-200945--555bde25-2953-4d29-a86c-029bd5a70fdf.jpg", "https://sirekap-obj-formc.kpu.go.id/955c/pemilu/ppwp/31/01/01/10/01/3101011001005-20240214-201054--e234e8d4-2c99-4de2-8f7f-b67f7e7bb7c4.jpg"], "administrasi": {"suara_sah": 233, "suara_total": 235, "pemilih_dpt_j": 288, "pemilih_dpt_l": 144, "pemilih_dpt_p": 144, "pengguna_dpt_j": 223, "pengguna_dpt_l": 110, "pengguna_dpt_p": 113, "pengguna_dptb_j": 12, "pengguna_dptb_l": 11, "pengguna_dptb_p": 1, "suara_tidak_sah": 2, "pengguna_total_j": 235, "pengguna_total_l": 121, "pengguna_total_p": 114, "pengguna_non_dpt_j": 0, "pengguna_non_dpt_l": 0, "pengguna_non_dpt_p": 0}, "psu": null, "ts": "2024-02-15 00:41:44", "status_suara": true, "status_adm": true}