{"chart": {"null": null, "100025": 35, "100026": 145, "100027": 19}, "images": ["https://sirekap-obj-formc.kpu.go.id/b3b2/pemilu/ppwp/31/01/01/10/02/3101011002016-20240216-110101--f67f1351-a25c-410c-8471-780846751c80.jpg", "https://sirekap-obj-formc.kpu.go.id/b3b2/pemilu/ppwp/31/01/01/10/02/3101011002016-20240216-110103--14651281-1422-4f1a-b667-5053c446f464.jpg", "https://sirekap-obj-formc.kpu.go.id/b3b2/pemilu/ppwp/31/01/01/10/02/3101011002016-20240216-110102--577b04bd-1481-4848-97e7-9cacf29acc36.jpg"], "administrasi": {"suara_sah": 199, "suara_total": 201, "pemilih_dpt_j": 248, "pemilih_dpt_l": 122, "pemilih_dpt_p": 126, "pengguna_dpt_j": 248, "pengguna_dpt_l": 122, "pengguna_dpt_p": 126, "pengguna_dptb_j": 12, "pengguna_dptb_l": 11, "pengguna_dptb_p": 1, "suara_tidak_sah": 2, "pengguna_total_j": 263, "pengguna_total_l": 133, "pengguna_total_p": 130, "pengguna_non_dpt_j": 3, "pengguna_non_dpt_l": 0, "pengguna_non_dpt_p": 3}, "psu": null, "ts": "2024-02-16 12:51:22", "status_suara": true, "status_adm": true}