{"chart": {"null": null, "100025": 71, "100026": 83, "100027": 29}, "images": ["https://sirekap-obj-formc.kpu.go.id/d2b1/pemilu/ppwp/31/01/01/10/02/3101011002902-20240214-185623--48f28286-15c2-4c97-84f7-40bc2d26f0d3.jpg", "https://sirekap-obj-formc.kpu.go.id/d2b1/pemilu/ppwp/31/01/01/10/02/3101011002902-20240214-185303--2278b922-d1d0-4ecd-a00c-2d1d5c4598d8.jpg", "https://sirekap-obj-formc.kpu.go.id/d2b1/pemilu/ppwp/31/01/01/10/02/3101011002902-20240214-185731--163d7fe0-aba5-4277-99a7-134cb5b83711.jpg"], "administrasi": {"suara_sah": 183, "suara_total": 189, "pemilih_dpt_j": 258, "pemilih_dpt_l": 258, "pemilih_dpt_p": 0, "pengguna_dpt_j": 175, "pengguna_dpt_l": 175, "pengguna_dpt_p": 0, "pengguna_dptb_j": 14, "pengguna_dptb_l": 14, "pengguna_dptb_p": 0, "suara_tidak_sah": 6, "pengguna_total_j": 189, "pengguna_total_l": 189, "pengguna_total_p": 0, "pengguna_non_dpt_j": 0, "pengguna_non_dpt_l": 0, "pengguna_non_dpt_p": 0}, "psu": null, "ts": "2024-02-14 21:46:01", "status_suara": true, "status_adm": true}