{"chart": {"null": null, "100025": 96, "100026": 80, "100027": 29}, "images": ["https://sirekap-obj-formc.kpu.go.id/5451/pemilu/ppwp/31/01/01/10/02/3101011002901-20240214-193836--4e8daee6-d97b-4f7c-b43d-775b8e366d8e.jpg", "https://sirekap-obj-formc.kpu.go.id/5451/pemilu/ppwp/31/01/01/10/02/3101011002901-20240214-194212--e29c6889-33d8-4bc8-a71a-9fc6fa4245f8.jpg", "https://sirekap-obj-formc.kpu.go.id/5451/pemilu/ppwp/31/01/01/10/02/3101011002901-20240214-194507--e3ceba25-7481-4a32-a23a-237366068426.jpg"], "administrasi": {"suara_sah": 205, "suara_total": 209, "pemilih_dpt_j": 258, "pemilih_dpt_l": 253, "pemilih_dpt_p": 5, "pengguna_dpt_j": 187, "pengguna_dpt_l": 182, "pengguna_dpt_p": 5, "pengguna_dptb_j": 22, "pengguna_dptb_l": 22, "pengguna_dptb_p": 0, "suara_tidak_sah": 4, "pengguna_total_j": 209, "pengguna_total_l": 204, "pengguna_total_p": 5, "pengguna_non_dpt_j": 0, "pengguna_non_dpt_l": 0, "pengguna_non_dpt_p": 0}, "psu": null, "ts": "2024-02-14 21:46:01", "status_suara": true, "status_adm": true}