{"mode": "hhcw", "chart": {"null": null, "100025": 54, "100026": 75, "100027": 29}, "images": ["https://sirekap-obj-formc.kpu.go.id/0060/pemilu/ppwp/31/01/01/10/01/3101011001018-20240216-132159--8f0baad8-484a-4bd6-9f71-cae8ad967c19.jpg", "https://sirekap-obj-formc.kpu.go.id/0060/pemilu/ppwp/31/01/01/10/01/3101011001018-20240216-132200--72288f82-5c69-4817-99ad-005e30f65ee0.jpg", "https://sirekap-obj-formc.kpu.go.id/0060/pemilu/ppwp/31/01/01/10/01/3101011001018-20240216-132200--5be5f008-3158-4eb1-abbc-e38c4a137639.jpg"], "administrasi": {"suara_sah": 158, "suara_total": 162, "pemilih_dpt_j": 198, "pemilih_dpt_l": 97, "pemilih_dpt_p": 101, "pengguna_dpt_j": 154, "pengguna_dpt_l": 69, "pengguna_dpt_p": 85, "pengguna_dptb_j": 8, "pengguna_dptb_l": 3, "pengguna_dptb_p": 5, "suara_tidak_sah": 4, "pengguna_total_j": 162, "pengguna_total_l": 72, "pengguna_total_p": 90, "pengguna_non_dpt_j": 0, "pengguna_non_dpt_l": 0, "pengguna_non_dpt_p": 0}, "psu": null, "ts": "2024-02-16 16:25:10", "status_suara": true, "status_adm": true}