{"chart": {"null": null, "100025": 53, "100026": 150, "100027": 35}, "images": ["https://sirekap-obj-formc.kpu.go.id/fd43/pemilu/ppwp/31/01/01/10/03/3101011003004-20240214-155051--7767201e-ca02-499b-8bb0-0345de8a10e2.jpg", "https://sirekap-obj-formc.kpu.go.id/fd43/pemilu/ppwp/31/01/01/10/03/3101011003004-20240214-155047--93f31aa4-a73f-447d-bb3a-696a897c29b0.jpg", "https://sirekap-obj-formc.kpu.go.id/fd43/pemilu/ppwp/31/01/01/10/03/3101011003004-20240214-155042--1fbc36ad-c72b-4f25-b1d1-0f0d12b9c6d6.jpg"], "administrasi": {"suara_sah": 238, "suara_total": 241, "pemilih_dpt_j": 279, "pemilih_dpt_l": 135, "pemilih_dpt_p": 144, "pengguna_dpt_j": 238, "pengguna_dpt_l": 110, "pengguna_dpt_p": 128, "pengguna_dptb_j": 3, "pengguna_dptb_l": 3, "pengguna_dptb_p": 0, "suara_tidak_sah": 3, "pengguna_total_j": 241, "pengguna_total_l": 113, "pengguna_total_p": 128, "pengguna_non_dpt_j": 0, "pengguna_non_dpt_l": 0, "pengguna_non_dpt_p": 0}, "psu": null, "ts": "2024-02-14 21:46:01", "status_suara": true, "status_adm": true}