{
    "chart": {
        "null": null,
        "100025": 92,
        "100026": 126,
        "100027": 30
    },
    "images": ["https://sirekap-obj-formc.kpu.go.id/bb29/pemilu/ppwp/31/01/01/10/01/3101011001002-20240216-115245--8ad6a162-c238-4435-bca4-a828b24642d3.jpg", "https://sirekap-obj-formc.kpu.go.id/bb29/pemilu/ppwp/31/01/01/10/01/3101011001002-20240216-115248--21a1e8d6-e24d-4197-844d-ef0d8a348308.jpg", "https://sirekap-obj-formc.kpu.go.id/bb29/pemilu/ppwp/31/01/01/10/01/3101011001002-20240216-115246--513688af-64c3-4da7-a81c-6af4401c52e7.jpg"],
    "administrasi": {
        "suara_sah": 248,
        "suara_total": 255,
        "pemilih_dpt_j": 285,
        "pemilih_dpt_l": 144,
        "pemilih_dpt_p": 141,
        "pengguna_dpt_j": 251,
        "pengguna_dpt_l": 122,
        "pengguna_dpt_p": 129,
        "pengguna_dptb_j": 0,
        "pengguna_dptb_l": 0,
        "pengguna_dptb_p": 0,
        "suara_tidak_sah": 7,
        "pengguna_total_j": 255,
        "pengguna_total_l": 124,
        "pengguna_total_p": 131,
        "pengguna_non_dpt_j": 4,
        "pengguna_non_dpt_l": 2,
        "pengguna_non_dpt_p": 2
    },
    "psu": null,
    "ts": "2024-02-16 12:51:22",
    "status_suara": true,
    "status_adm": true
}