{"mode": "hhcw", "chart": {"null": null, "100025": 64, "100026": 111, "100027": 31}, "images": ["https://sirekap-obj-formc.kpu.go.id/a3db/pemilu/ppwp/31/01/01/10/01/3101011001013-20240216-131603--b37e4c63-1e9a-4e46-9dd9-434d74db377e.jpg", "https://sirekap-obj-formc.kpu.go.id/a3db/pemilu/ppwp/31/01/01/10/01/3101011001013-20240216-131604--8a8ede27-6b2c-4af3-b365-6a0ba0d211cc.jpg", "https://sirekap-obj-formc.kpu.go.id/a3db/pemilu/ppwp/31/01/01/10/01/3101011001013-20240216-131603--17038bf2-17f8-45c5-a2b4-cda8915ad6dc.jpg"], "administrasi": {"suara_sah": 206, "suara_total": 210, "pemilih_dpt_j": 0, "pemilih_dpt_l": 0, "pemilih_dpt_p": 0, "pengguna_dpt_j": 0, "pengguna_dpt_l": 0, "pengguna_dpt_p": 0, "pengguna_dptb_j": 0, "pengguna_dptb_l": 0, "pengguna_dptb_p": 0, "suara_tidak_sah": 4, "pengguna_total_j": 0, "pengguna_total_l": 0, "pengguna_total_p": 0, "pengguna_non_dpt_j": 0, "pengguna_non_dpt_l": 0, "pengguna_non_dpt_p": 0}, "psu": null, "ts": "2024-02-16 16:25:10", "status_suara": true, "status_adm": true}