{"mode": "hhcw", "chart": null, "images": ["https://sirekap-obj-formc.kpu.go.id/d433/pemilu/ppwp/31/01/01/10/03/3101011003006-20240216-163220--08ebdba5-291e-49bd-b42b-aa2b3117d152.jpg", null, "https://sirekap-obj-formc.kpu.go.id/d433/pemilu/ppwp/31/01/01/10/03/3101011003006-20240216-163220--b692db38-b9ca-42b0-add6-373fab79fb3d.jpg"], "administrasi": {"suara_sah": 157, "suara_total": 161, "pemilih_dpt_j": 203, "pemilih_dpt_l": 93, "pemilih_dpt_p": 110, "pengguna_dpt_j": 155, "pengguna_dpt_l": 72, "pengguna_dpt_p": 83, "pengguna_dptb_j": 3, "pengguna_dptb_l": 1, "pengguna_dptb_p": 2, "suara_tidak_sah": 4, "pengguna_total_j": 161, "pengguna_total_l": 75, "pengguna_total_p": 85, "pengguna_non_dpt_j": 3, "pengguna_non_dpt_l": 2, "pengguna_non_dpt_p": 1}, "psu": null, "ts": "2024-02-16 17:00:00", "status_suara": false, "status_adm": true}