{"chart": {"null": null, "100025": 73, "100026": 131, "100027": 52}, "images": ["https://sirekap-obj-formc.kpu.go.id/1f9c/pemilu/ppwp/31/01/01/10/02/3101011002002-20240214-232018--232c83b6-d2d3-4dbe-ad6e-088d8cccae3e.jpg", "https://sirekap-obj-formc.kpu.go.id/1f9c/pemilu/ppwp/31/01/01/10/02/3101011002002-20240214-232205--452123a5-0d20-49f7-989c-accdd70f0c06.jpg", "https://sirekap-obj-formc.kpu.go.id/1f9c/pemilu/ppwp/31/01/01/10/02/3101011002002-20240214-232245--55710d2d-b0c6-4d4d-9a8a-a2761f710b38.jpg"], "administrasi": null, "psu": null, "ts": "2024-02-15 18:00:26", "status_suara": true, "status_adm": false}