{"chart": {"null": null, "100025": 97, "100026": 102, "100027": 43}, "images": ["https://sirekap-obj-formc.kpu.go.id/d672/pemilu/ppwp/31/01/01/10/02/3101011002013-20240216-055232--e5d332a8-2df7-4d99-9c06-133eafe7ad79.jpg", "https://sirekap-obj-formc.kpu.go.id/d672/pemilu/ppwp/31/01/01/10/02/3101011002013-20240216-055234--30941c59-0a60-4cf4-bb6e-ed36e5f80e2a.jpg", "https://sirekap-obj-formc.kpu.go.id/d672/pemilu/ppwp/31/01/01/10/02/3101011002013-20240216-055233--59ec044a-f91d-463a-b3f3-336fb89e4197.jpg"], "administrasi": {"suara_sah": 242, "suara_total": 243, "pemilih_dpt_j": 288, "pemilih_dpt_l": 147, "pemilih_dpt_p": 141, "pengguna_dpt_j": 237, "pengguna_dpt_l": 114, "pengguna_dpt_p": 123, "pengguna_dptb_j": 6, "pengguna_dptb_l": 4, "pengguna_dptb_p": 2, "suara_tidak_sah": 1, "pengguna_total_j": 243, "pengguna_total_l": 118, "pengguna_total_p": 125, "pengguna_non_dpt_j": 0, "pengguna_non_dpt_l": 0, "pengguna_non_dpt_p": 0}, "psu": null, "ts": "2024-02-16 08:00:28", "status_suara": true, "status_adm": true}