{"chart": {"null": null, "100025": 71, "100026": 641, "100027": 511}, "images": ["https://sirekap-obj-formc.kpu.go.id/8abe/pemilu/ppwp/31/01/01/10/03/3101011003008-20240216-003436--c331fb4d-9c1a-4bbe-bb3d-3a9f91df017e.jpg", "https://sirekap-obj-formc.kpu.go.id/8abe/pemilu/ppwp/31/01/01/10/03/3101011003008-20240216-003438--6bcdd681-baf9-4b76-8a80-e08559f958c4.jpg", "https://sirekap-obj-formc.kpu.go.id/8abe/pemilu/ppwp/31/01/01/10/03/3101011003008-20240216-003436--5e12ba30-3cca-4522-a4b6-2d30f079a976.jpg"], "administrasi": {"suara_sah": 185, "suara_total": 186, "pemilih_dpt_j": 213, "pemilih_dpt_l": 105, "pemilih_dpt_p": 108, "pengguna_dpt_j": 178, "pengguna_dpt_l": 88, "pengguna_dpt_p": 90, "pengguna_dptb_j": 4, "pengguna_dptb_l": 4, "pengguna_dptb_p": 0, "suara_tidak_sah": 1, "pengguna_total_j": 186, "pengguna_total_l": 95, "pengguna_total_p": 91, "pengguna_non_dpt_j": 4, "pengguna_non_dpt_l": 3, "pengguna_non_dpt_p": 1}, "psu": null, "ts": "2024-02-16 08:00:28", "status_suara": true, "status_adm": true}