{
    "mode": "hhcw",
    "chart": {
        "null": null,
        "100025": 83,
        "100026": 107,
        "100027": 38
    },
    "images": ["https://sirekap-obj-formc.kpu.go.id/2851/pemilu/ppwp/31/01/01/10/01/3101011001001-20240214-205639--4f9bafd8-1602-4579-9588-bf8bf3d6c285.jpg", "https://sirekap-obj-formc.kpu.go.id/2851/pemilu/ppwp/31/01/01/10/01/3101011001001-20240216-135709--fbcf92f8-6da6-48f9-806c-abb1ba17b013.jpg", "https://sirekap-obj-formc.kpu.go.id/2851/pemilu/ppwp/31/01/01/10/01/3101011001001-20240214-205701--8d3291c9-f10b-4737-8459-138e013a85a8.jpg"],
    "administrasi": {
        "suara_sah": 228,
        "suara_total": 233,
        "pemilih_dpt_j": 292,
        "pemilih_dpt_l": 147,
        "pemilih_dpt_p": 145,
        "pengguna_dpt_j": 292,
        "pengguna_dpt_l": 147,
        "pengguna_dpt_p": 145,
        "pengguna_dptb_j": 1,
        "pengguna_dptb_l": 0,
        "pengguna_dptb_p": 1,
        "suara_tidak_sah": 5,
        "pengguna_total_j": 292,
        "pengguna_total_l": 147,
        "pengguna_total_p": 145,
        "pengguna_non_dpt_j": 0,
        "pengguna_non_dpt_l": 0,
        "pengguna_non_dpt_p": 0
    },
    "psu": null,
    "ts": "2024-02-16 16:25:10",
    "status_suara": true,
    "status_adm": true
}