{"chart": {"null": null, "100025": 81, "100026": 112, "100027": 50}, "images": ["https://sirekap-obj-formc.kpu.go.id/5f98/pemilu/ppwp/31/01/01/10/01/3101011001009-20240214-185113--a677fc6f-0648-4df0-b17c-7a7b599d1bda.jpg", "https://sirekap-obj-formc.kpu.go.id/5f98/pemilu/ppwp/31/01/01/10/01/3101011001009-20240214-185242--35aa41ed-beb6-4f0b-9008-1e797ab47042.jpg", "https://sirekap-obj-formc.kpu.go.id/5f98/pemilu/ppwp/31/01/01/10/01/3101011001009-20240214-185338--adb4bfd7-5fc9-4674-8f5d-4021cbc23078.jpg"], "administrasi": {"suara_sah": 243, "suara_total": 246, "pemilih_dpt_j": 289, "pemilih_dpt_l": 154, "pemilih_dpt_p": 135, "pengguna_dpt_j": 244, "pengguna_dpt_l": 125, "pengguna_dpt_p": 119, "pengguna_dptb_j": 0, "pengguna_dptb_l": 0, "pengguna_dptb_p": 0, "suara_tidak_sah": 3, "pengguna_total_j": 246, "pengguna_total_l": 126, "pengguna_total_p": 120, "pengguna_non_dpt_j": 2, "pengguna_non_dpt_l": 1, "pengguna_non_dpt_p": 1}, "psu": null, "ts": "2024-02-15 09:00:24", "status_suara": true, "status_adm": true}