{"chart": {"null": null, "100025": 14, "100026": 27, "100027": 5}, "images": ["https://sirekap-obj-formc.kpu.go.id/3c67/pemilu/ppwp/31/01/01/10/02/3101011002904-20240215-061044--2e64e629-a70a-4bd5-856a-4671366a2e8f.jpg", "https://sirekap-obj-formc.kpu.go.id/3c67/pemilu/ppwp/31/01/01/10/02/3101011002904-20240215-010432--22459daf-4fe4-46af-a027-de3335777696.jpg", "https://sirekap-obj-formc.kpu.go.id/3c67/pemilu/ppwp/31/01/01/10/02/3101011002904-20240216-015934--0f9f83f1-32b6-4c98-9eab-e5ae2ff34991.jpg"], "administrasi": {"suara_sah": 46, "suara_total": 46, "pemilih_dpt_j": 50, "pemilih_dpt_l": 50, "pemilih_dpt_p": 0, "pengguna_dpt_j": 42, "pengguna_dpt_l": 42, "pengguna_dpt_p": 0, "pengguna_dptb_j": 4, "pengguna_dptb_l": 4, "pengguna_dptb_p": 0, "suara_tidak_sah": 0, "pengguna_total_j": 46, "pengguna_total_l": 46, "pengguna_total_p": 0, "pengguna_non_dpt_j": 0, "pengguna_non_dpt_l": 0, "pengguna_non_dpt_p": 0}, "psu": null, "ts": "2024-02-16 02:00:27", "status_suara": true, "status_adm": true}