{"chart": {"null": null, "100025": 147, "100026": 43, "100027": 3}, "images": ["https://sirekap-obj-formc.kpu.go.id/58bc/pemilu/ppwp/31/01/01/10/03/3101011003007-20240216-112132--66e0be96-75f3-438e-89d3-1056dcfa9372.jpg", "https://sirekap-obj-formc.kpu.go.id/58bc/pemilu/ppwp/31/01/01/10/03/3101011003007-20240216-112133--263b1640-d46a-4253-8fae-8d9c35cf5fd8.jpg", "https://sirekap-obj-formc.kpu.go.id/58bc/pemilu/ppwp/31/01/01/10/03/3101011003007-20240216-112133--66c54da7-5cdc-49be-84a5-9d60357cf778.jpg"], "administrasi": {"suara_sah": 193, "suara_total": 196, "pemilih_dpt_j": 224, "pemilih_dpt_l": 112, "pemilih_dpt_p": 112, "pengguna_dpt_j": 189, "pengguna_dpt_l": 97, "pengguna_dpt_p": 92, "pengguna_dptb_j": 4, "pengguna_dptb_l": 4, "pengguna_dptb_p": 0, "suara_tidak_sah": 3, "pengguna_total_j": 196, "pengguna_total_l": 103, "pengguna_total_p": 93, "pengguna_non_dpt_j": 3, "pengguna_non_dpt_l": 2, "pengguna_non_dpt_p": 1}, "psu": null, "ts": "2024-02-16 12:51:22", "status_suara": true, "status_adm": true}