{"chart": {"null": null, "100025": 78, "100026": 136, "100027": 42}, "images": ["https://sirekap-obj-formc.kpu.go.id/05db/pemilu/ppwp/31/01/01/10/02/3101011002003-20240215-230625--6258d55c-a5d4-4b62-9e4d-0ffd6c3a1704.jpg", "https://sirekap-obj-formc.kpu.go.id/05db/pemilu/ppwp/31/01/01/10/02/3101011002003-20240215-004901--cc17d967-f137-4fe9-a8b5-7be0d447088c.jpg", "https://sirekap-obj-formc.kpu.go.id/05db/pemilu/ppwp/31/01/01/10/02/3101011002003-20240215-004956--1fa27f8a-87ea-499b-adaf-b7b238cb5420.jpg"], "administrasi": null, "psu": null, "ts": "2024-02-15 23:29:50", "status_suara": true, "status_adm": false}