{"mode": "hhcw", "chart": {"null": null, "100025": 87, "100026": 89, "100027": 47}, "images": ["https://sirekap-obj-formc.kpu.go.id/e65b/pemilu/ppwp/31/01/01/10/01/3101011001007-20240216-150608--4155b424-9031-42f8-9821-b921e2a6cee0.jpg", "https://sirekap-obj-formc.kpu.go.id/e65b/pemilu/ppwp/31/01/01/10/01/3101011001007-20240216-150609--58923116-ea70-477b-b123-05da24147756.jpg", "https://sirekap-obj-formc.kpu.go.id/e65b/pemilu/ppwp/31/01/01/10/01/3101011001007-20240216-150608--45ac0017-c2dc-403b-abe8-bed8fd474c23.jpg"], "administrasi": {"suara_sah": 223, "suara_total": 231, "pemilih_dpt_j": 287, "pemilih_dpt_l": 144, "pemilih_dpt_p": 143, "pengguna_dpt_j": 229, "pengguna_dpt_l": 114, "pengguna_dpt_p": 115, "pengguna_dptb_j": 0, "pengguna_dptb_l": 0, "pengguna_dptb_p": 0, "suara_tidak_sah": 8, "pengguna_total_j": 231, "pengguna_total_l": 114, "pengguna_total_p": 117, "pengguna_non_dpt_j": 2, "pengguna_non_dpt_l": 0, "pengguna_non_dpt_p": 2}, "psu": null, "ts": "2024-02-16 16:25:10", "status_suara": true, "status_adm": true}