{"chart": {"null": null, "100025": 54, "100026": 136, "100027": 33}, "images": ["https://sirekap-obj-formc.kpu.go.id/a47b/pemilu/ppwp/31/01/01/10/02/3101011002015-20240214-210713--fd2ddbf4-942f-429e-8172-618e94555f27.jpg", "https://sirekap-obj-formc.kpu.go.id/a47b/pemilu/ppwp/31/01/01/10/02/3101011002015-20240215-033348--ca70cf11-5a01-4792-979e-159dcae4f2b6.jpg", "https://sirekap-obj-formc.kpu.go.id/a47b/pemilu/ppwp/31/01/01/10/02/3101011002015-20240214-211956--c6d9e618-f85f-45aa-8e57-3c50b64f8016.jpg"], "administrasi": {"suara_sah": 223, "suara_total": 227, "pemilih_dpt_j": 288, "pemilih_dpt_l": 142, "pemilih_dpt_p": 146, "pengguna_dpt_j": 217, "pengguna_dpt_l": 104, "pengguna_dpt_p": 113, "pengguna_dptb_j": 9, "pengguna_dptb_l": 5, "pengguna_dptb_p": 4, "suara_tidak_sah": 4, "pengguna_total_j": 227, "pengguna_total_l": 109, "pengguna_total_p": 118, "pengguna_non_dpt_j": 1, "pengguna_non_dpt_l": 0, "pengguna_non_dpt_p": 1}, "psu": null, "ts": "2024-02-15 15:00:29", "status_suara": true, "status_adm": true}