{"chart": {"null": null, "100025": 37, "100026": 28, "100027": 14}, "images": ["https://sirekap-obj-formc.kpu.go.id/1d68/pemilu/ppwp/31/01/01/10/02/3101011002905-20240215-034055--0d35a249-a62c-4b00-99e4-668950ca8823.jpg", "https://sirekap-obj-formc.kpu.go.id/1d68/pemilu/ppwp/31/01/01/10/02/3101011002905-20240215-034444--a4b144b5-2c83-4775-a9fe-c4e9aaf3ab42.jpg", "https://sirekap-obj-formc.kpu.go.id/1d68/pemilu/ppwp/31/01/01/10/02/3101011002905-20240215-034511--dd276230-cd92-4815-af6a-5ba5edb7d5d4.jpg"], "administrasi": {"suara_sah": 79, "suara_total": 80, "pemilih_dpt_j": 88, "pemilih_dpt_l": 88, "pemilih_dpt_p": 0, "pengguna_dpt_j": 57, "pengguna_dpt_l": 57, "pengguna_dpt_p": 0, "pengguna_dptb_j": 23, "pengguna_dptb_l": 23, "pengguna_dptb_p": 0, "suara_tidak_sah": 1, "pengguna_total_j": 80, "pengguna_total_l": 80, "pengguna_total_p": 0, "pengguna_non_dpt_j": 0, "pengguna_non_dpt_l": 0, "pengguna_non_dpt_p": 0}, "psu": null, "ts": "2024-02-15 20:30:46", "status_suara": true, "status_adm": true}