{"mode": "hhcw", "chart": {"null": null, "100025": 97, "100026": 77, "100027": 44}, "images": ["https://sirekap-obj-formc.kpu.go.id/49d1/pemilu/ppwp/31/01/01/10/01/3101011001006-20240216-135711--bdd4f144-97e8-4ac1-8b26-314a6614487a.jpg", "https://sirekap-obj-formc.kpu.go.id/49d1/pemilu/ppwp/31/01/01/10/01/3101011001006-20240216-135712--efe9d0e8-bdfb-4809-89e6-360fb9e06909.jpg", "https://sirekap-obj-formc.kpu.go.id/49d1/pemilu/ppwp/31/01/01/10/01/3101011001006-20240216-135711--d35ede14-e3e7-40d0-86d5-7f702ab3e523.jpg"], "administrasi": {"suara_sah": 218, "suara_total": 223, "pemilih_dpt_j": 289, "pemilih_dpt_l": 147, "pemilih_dpt_p": 142, "pengguna_dpt_j": 213, "pengguna_dpt_l": 105, "pengguna_dpt_p": 108, "pengguna_dptb_j": 9, "pengguna_dptb_l": 5, "pengguna_dptb_p": 4, "suara_tidak_sah": 5, "pengguna_total_j": 223, "pengguna_total_l": 111, "pengguna_total_p": 112, "pengguna_non_dpt_j": 1, "pengguna_non_dpt_l": 1, "pengguna_non_dpt_p": 0}, "psu": null, "ts": "2024-02-16 16:25:10", "status_suara": true, "status_adm": true}