{"mode": "hhcw", "chart": {"null": null, "100025": 59, "100026": 40, "100027": 37}, "images": ["https://sirekap-obj-formc.kpu.go.id/3eb0/pemilu/ppwp/31/01/01/10/03/3101011003001-20240216-144555--f66836db-e861-40cb-831e-e765d3de1f07.jpg", "https://sirekap-obj-formc.kpu.go.id/3eb0/pemilu/ppwp/31/01/01/10/03/3101011003001-20240216-144556--32e2cf35-df20-4772-9f3d-ad2209787624.jpg", "https://sirekap-obj-formc.kpu.go.id/3eb0/pemilu/ppwp/31/01/01/10/03/3101011003001-20240216-144555--0b1985d5-4daa-4668-a70d-baa557062a90.jpg"], "administrasi": {"suara_sah": 246, "suara_total": 248, "pemilih_dpt_j": 276, "pemilih_dpt_l": 142, "pemilih_dpt_p": 134, "pengguna_dpt_j": 241, "pengguna_dpt_l": 120, "pengguna_dpt_p": 121, "pengguna_dptb_j": 4, "pengguna_dptb_l": 1, "pengguna_dptb_p": 3, "suara_tidak_sah": 2, "pengguna_total_j": 248, "pengguna_total_l": 122, "pengguna_total_p": 126, "pengguna_non_dpt_j": 3, "pengguna_non_dpt_l": 1, "pengguna_non_dpt_p": 2}, "psu": null, "ts": "2024-02-16 16:25:10", "status_suara": true, "status_adm": true}