{"mode": "hhcw", "chart": {"null": null, "100025": 86, "100026": 119, "100027": 38}, "images": ["https://sirekap-obj-formc.kpu.go.id/8de9/pemilu/ppwp/31/01/01/10/01/3101011001003-20240215-002006--faf26c88-f35d-4375-a5ad-99cc9c11b54f.jpg", "https://sirekap-obj-formc.kpu.go.id/8de9/pemilu/ppwp/31/01/01/10/01/3101011001003-20240216-133822--5e1c2280-3a86-47c5-a2d9-5b89cc312eed.jpg", "https://sirekap-obj-formc.kpu.go.id/8de9/pemilu/ppwp/31/01/01/10/01/3101011001003-20240216-133822--9cea8c5b-63ee-4254-9af9-ba2121e48d82.jpg"], "administrasi": {"suara_sah": 235, "suara_total": 238, "pemilih_dpt_j": 282, "pemilih_dpt_l": 137, "pemilih_dpt_p": 145, "pengguna_dpt_j": 237, "pengguna_dpt_l": 116, "pengguna_dpt_p": 126, "pengguna_dptb_j": 1, "pengguna_dptb_l": 0, "pengguna_dptb_p": 1, "suara_tidak_sah": 3, "pengguna_total_j": 238, "pengguna_total_l": 116, "pengguna_total_p": 122, "pengguna_non_dpt_j": 0, "pengguna_non_dpt_l": 0, "pengguna_non_dpt_p": 0}, "psu": null, "ts": "2024-02-16 16:25:10", "status_suara": true, "status_adm": true}