{"chart": {"null": null, "100025": 65, "100026": 82, "100027": 41}, "images": ["https://sirekap-obj-formc.kpu.go.id/2550/pemilu/ppwp/31/01/01/10/01/3101011001017-20240214-214129--d9709c46-6d9d-4527-aff7-59b9105b8a80.jpg", "https://sirekap-obj-formc.kpu.go.id/2550/pemilu/ppwp/31/01/01/10/01/3101011001017-20240214-214515--96e7099a-c123-4686-93b5-8c85dbb9e89f.jpg", "https://sirekap-obj-formc.kpu.go.id/2550/pemilu/ppwp/31/01/01/10/01/3101011001017-20240214-214904--71a5b333-3ffd-4ffb-855a-849640c6b6b4.jpg"], "administrasi": {"suara_sah": 188, "suara_total": 193, "pemilih_dpt_j": 238, "pemilih_dpt_l": 120, "pemilih_dpt_p": 118, "pengguna_dpt_j": 185, "pengguna_dpt_l": 88, "pengguna_dpt_p": 97, "pengguna_dptb_j": 8, "pengguna_dptb_l": 7, "pengguna_dptb_p": 1, "suara_tidak_sah": 5, "pengguna_total_j": 193, "pengguna_total_l": 95, "pengguna_total_p": 98, "pengguna_non_dpt_j": 0, "pengguna_non_dpt_l": 0, "pengguna_non_dpt_p": 0}, "psu": null, "ts": "2024-02-15 19:30:26", "status_suara": true, "status_adm": true}