{"mode": "hhcw", "chart": {"null": null, "100025": 62, "100026": 136, "100027": 42}, "images": ["https://sirekap-obj-formc.kpu.go.id/dac8/pemilu/ppwp/31/01/01/10/03/3101011003003-20240216-150154--8d8570b0-0639-4889-8fa2-8b4582bd8ee8.jpg", "https://sirekap-obj-formc.kpu.go.id/dac8/pemilu/ppwp/31/01/01/10/03/3101011003003-20240216-150155--61d71e60-8be9-4fda-aecc-e84d18bcb644.jpg", "https://sirekap-obj-formc.kpu.go.id/dac8/pemilu/ppwp/31/01/01/10/03/3101011003003-20240216-150155--7cd81dfe-9575-42cb-a010-97885004db31.jpg"], "administrasi": {"suara_sah": 240, "suara_total": 246, "pemilih_dpt_j": 270, "pemilih_dpt_l": 136, "pemilih_dpt_p": 134, "pengguna_dpt_j": 243, "pengguna_dpt_l": 120, "pengguna_dpt_p": 123, "pengguna_dptb_j": 3, "pengguna_dptb_l": 3, "pengguna_dptb_p": 0, "suara_tidak_sah": 6, "pengguna_total_j": 246, "pengguna_total_l": 123, "pengguna_total_p": 123, "pengguna_non_dpt_j": 0, "pengguna_non_dpt_l": 0, "pengguna_non_dpt_p": 0}, "psu": null, "ts": "2024-02-16 16:25:10", "status_suara": true, "status_adm": true}