{"mode": "hhcw", "chart": {"null": null, "100025": 64, "100026": 88, "100027": 47}, "images": ["https://sirekap-obj-formc.kpu.go.id/3571/pemilu/ppwp/31/01/01/10/01/3101011001012-20240216-145103--52fffe85-b816-429c-8f24-6b80ec4889c4.jpg", "https://sirekap-obj-formc.kpu.go.id/3571/pemilu/ppwp/31/01/01/10/01/3101011001012-20240216-153240--2e8d401b-f06c-4405-b032-fe5a7e5e42f1.jpg", "https://sirekap-obj-formc.kpu.go.id/3571/pemilu/ppwp/31/01/01/10/01/3101011001012-20240216-145104--7a6f4a4a-092e-4f31-8518-f93bd12cc6bd.jpg"], "administrasi": {"suara_sah": 199, "suara_total": 207, "pemilih_dpt_j": 266, "pemilih_dpt_l": 137, "pemilih_dpt_p": 129, "pengguna_dpt_j": 207, "pengguna_dpt_l": 109, "pengguna_dpt_p": 98, "pengguna_dptb_j": 0, "pengguna_dptb_l": 0, "pengguna_dptb_p": 0, "suara_tidak_sah": 8, "pengguna_total_j": 207, "pengguna_total_l": 109, "pengguna_total_p": 98, "pengguna_non_dpt_j": 0, "pengguna_non_dpt_l": 0, "pengguna_non_dpt_p": 0}, "psu": null, "ts": "2024-02-16 16:25:10", "status_suara": true, "status_adm": true}