{"mode": "hhcw", "chart": {"null": null, "100025": 80, "100026": 128, "100027": 27}, "images": ["https://sirekap-obj-formc.kpu.go.id/abf3/pemilu/ppwp/31/01/01/10/01/3101011001016-20240216-145811--9c245854-b26a-4141-b05b-367f58ae611c.jpg", "https://sirekap-obj-formc.kpu.go.id/abf3/pemilu/ppwp/31/01/01/10/01/3101011001016-20240215-004240--84ace4f7-a760-4951-aa74-414eeeae3990.jpg", "https://sirekap-obj-formc.kpu.go.id/abf3/pemilu/ppwp/31/01/01/10/01/3101011001016-20240216-145812--dd622908-3a5e-4ad0-82d5-f06e5776debf.jpg"], "administrasi": {"suara_sah": 235, "suara_total": 235, "pemilih_dpt_j": 283, "pemilih_dpt_l": 141, "pemilih_dpt_p": 142, "pengguna_dpt_j": 226, "pengguna_dpt_l": 112, "pengguna_dpt_p": 114, "pengguna_dptb_j": 5, "pengguna_dptb_l": 2, "pengguna_dptb_p": 3, "suara_tidak_sah": 0, "pengguna_total_j": 235, "pengguna_total_l": 116, "pengguna_total_p": 119, "pengguna_non_dpt_j": 4, "pengguna_non_dpt_l": 2, "pengguna_non_dpt_p": 2}, "psu": null, "ts": "2024-02-16 16:25:10", "status_suara": true, "status_adm": true}