{"chart": {"null": null, "100025": 61, "100026": 155, "100027": 29}, "images": ["https://sirekap-obj-formc.kpu.go.id/57ac/pemilu/ppwp/31/01/01/10/02/3101011002010-20240214-193804--0a103a79-b5f6-43fe-845c-d15bd560831f.jpg", "https://sirekap-obj-formc.kpu.go.id/57ac/pemilu/ppwp/31/01/01/10/02/3101011002010-20240214-193858--d866441d-5949-4cdc-baf6-97defb0344a6.jpg", "https://sirekap-obj-formc.kpu.go.id/57ac/pemilu/ppwp/31/01/01/10/02/3101011002010-20240214-203955--01390837-9cd4-42b1-bbc8-67c52efe1056.jpg"], "administrasi": {"suara_sah": 245, "suara_total": 248, "pemilih_dpt_j": 289, "pemilih_dpt_l": 137, "pemilih_dpt_p": 152, "pengguna_dpt_j": 233, "pengguna_dpt_l": 104, "pengguna_dpt_p": 129, "pengguna_dptb_j": 12, "pengguna_dptb_l": 11, "pengguna_dptb_p": 1, "suara_tidak_sah": 3, "pengguna_total_j": 248, "pengguna_total_l": 116, "pengguna_total_p": 132, "pengguna_non_dpt_j": 3, "pengguna_non_dpt_l": 1, "pengguna_non_dpt_p": 2}, "psu": null, "ts": "2024-02-16 12:51:22", "status_suara": true, "status_adm": true}