{"chart": {"null": null, "100025": 50, "100026": 141, "100027": 43}, "images": ["https://sirekap-obj-formc.kpu.go.id/3f44/pemilu/ppwp/31/01/01/10/01/3101011001014-20240214-194331--dd554cff-97a8-4dc9-a4bd-d086b609b2c5.jpg", "https://sirekap-obj-formc.kpu.go.id/3f44/pemilu/ppwp/31/01/01/10/01/3101011001014-20240214-194443--843fa609-faee-4fbc-b3ec-3c413d7caab0.jpg", "https://sirekap-obj-formc.kpu.go.id/3f44/pemilu/ppwp/31/01/01/10/01/3101011001014-20240214-194513--d6a2d1f7-e310-4751-8fa5-921bb4e015a3.jpg"], "administrasi": {"suara_sah": 234, "suara_total": 236, "pemilih_dpt_j": 288, "pemilih_dpt_l": 134, "pemilih_dpt_p": 154, "pengguna_dpt_j": 233, "pengguna_dpt_l": 111, "pengguna_dpt_p": 122, "pengguna_dptb_j": 3, "pengguna_dptb_l": 2, "pengguna_dptb_p": 1, "suara_tidak_sah": 2, "pengguna_total_j": 236, "pengguna_total_l": 113, "pengguna_total_p": 123, "pengguna_non_dpt_j": 0, "pengguna_non_dpt_l": 0, "pengguna_non_dpt_p": 0}, "psu": null, "ts": "2024-02-15 09:00:24", "status_suara": true, "status_adm": true}