{"chart": {"null": null, "100025": 60, "100026": 146, "100027": 31}, "images": ["https://sirekap-obj-formc.kpu.go.id/6690/pemilu/ppwp/31/01/01/10/03/3101011003002-20240215-033258--d4b5943c-b9ed-4c49-bbe6-07ab935ecabd.jpg", "https://sirekap-obj-formc.kpu.go.id/6690/pemilu/ppwp/31/01/01/10/03/3101011003002-20240214-204651--30fbc990-ab6a-440f-ad7a-1524b9fc1114.jpg", "https://sirekap-obj-formc.kpu.go.id/6690/pemilu/ppwp/31/01/01/10/03/3101011003002-20240214-204738--82f139c2-2adf-4aba-8b1a-63293ce91c3f.jpg"], "administrasi": {"suara_sah": 237, "suara_total": 242, "pemilih_dpt_j": 270, "pemilih_dpt_l": 138, "pemilih_dpt_p": 132, "pengguna_dpt_j": 236, "pengguna_dpt_l": 120, "pengguna_dpt_p": 116, "pengguna_dptb_j": 6, "pengguna_dptb_l": 3, "pengguna_dptb_p": 3, "suara_tidak_sah": 5, "pengguna_total_j": 242, "pengguna_total_l": 123, "pengguna_total_p": 119, "pengguna_non_dpt_j": 0, "pengguna_non_dpt_l": 0, "pengguna_non_dpt_p": 0}, "psu": null, "ts": "2024-02-15 21:30:27", "status_suara": true, "status_adm": true}