{"mode": "hhcw", "chart": {"null": null, "100025": 80, "100026": 128, "100027": 36}, "images": ["https://sirekap-obj-formc.kpu.go.id/87e6/pemilu/ppwp/31/01/01/10/01/3101011001015-20240214-193823--f70ca984-d09e-4ab2-a1c0-22ea27f9064e.jpg", "https://sirekap-obj-formc.kpu.go.id/87e6/pemilu/ppwp/31/01/01/10/01/3101011001015-20240216-122754--ba9bbfd0-22bd-4f9b-8104-dfc0d7468300.jpg", "https://sirekap-obj-formc.kpu.go.id/87e6/pemilu/ppwp/31/01/01/10/01/3101011001015-20240214-194620--2cfe6869-ed3c-4de8-83ed-f117e670a93e.jpg"], "administrasi": {"suara_sah": 244, "suara_total": 249, "pemilih_dpt_j": 293, "pemilih_dpt_l": 144, "pemilih_dpt_p": 149, "pengguna_dpt_j": 246, "pengguna_dpt_l": 121, "pengguna_dpt_p": 125, "pengguna_dptb_j": 1, "pengguna_dptb_l": 0, "pengguna_dptb_p": 1, "suara_tidak_sah": 5, "pengguna_total_j": 249, "pengguna_total_l": 122, "pengguna_total_p": 127, "pengguna_non_dpt_j": 2, "pengguna_non_dpt_l": 1, "pengguna_non_dpt_p": 1}, "psu": null, "ts": "2024-02-16 16:25:10", "status_suara": true, "status_adm": true}